note_id,country_name,latitude,longitude,opened_at,closed_at,days_to_resolution,opened_by_username,opening_comment,total_comments,was_reopened,closed_by_username,closing_comment
CREATE FUNCTION
5263354,United States,38.7309075,-77.6402307,2026-04-24 00:00:00,2026-04-24 06:59:28,0,Unknown,This is an actually road here with my house off burwell rd can you fix the map.,2,0,jhaluska80,Added.
5246177,United States,29.7326385,-95.9082398,2026-04-12 00:00:00,2026-04-24 06:04:35,12,GaboGambox,'This street is Royal Acres Court' OSM snapshot date: 2026-04-05T19:23:11Z POI has no name POI types: highway-residential  #CoMaps android 2026.04.07-8,2,0,Unknown,
5263357,United States,38.7282989,-77.6362395,2026-04-24 00:00:00,2026-04-24 05:58:05,0,Unknown,There is road off burwell this is my location where my house is can you fix the map.,2,0,jhaluska80,Added.
4683712,United States,29.7295903,-95.9094915,2025-03-26 00:00:00,2026-04-24 05:55:26,394,Unknown,There is a newly constructed community here called Tamarron,2,0,Unknown,Tamarron West is the community name.
1787044,United States,29.7798504,-95.9575403,2019-05-22 00:00:00,2026-04-24 05:43:24,2529,skquinn,"Area needs surveying. In particular: What is in the apparently commercial buildings west of this note (between the freeway and Solomon Lane)? What is at Bains Street and South Street, southwest and southeast corners? Where exactly is Curry Chapel Baptist Church?",2,0,Unknown,"Brookshire Hyundai appears to be the location just west of this note. The business address is 34656 Katy Fwy, Brookshire, TX 77423"
5261860,United States,47.3210670,-122.3066360,2026-04-23 00:00:00,2026-04-24 05:39:48,1,Unknown,Wooltari,2,0,pwbriggs,Is this a shop? It's difficult to tell without more details. Please be aware that notes are used for map editors to communicate about things that need to be updated on the map.  Thanks!
5263084,United States,47.6685116,-122.3776634,2026-04-23 00:00:00,2026-04-24 05:35:40,1,AidanJHMurphy,"'Looks empty. No replacement store yet' The place has gone or never existed. A user of Organic Maps application has reported that the POI was visible on the map (see snapshot date below), but was not found on the ground. OSM snapshot date: 2026-04-04T03:36:32Z POI name: Bakker's Fine Drycleaning POI types: shop-dry_cleaning  #organicmaps android 2026.04.07-8-FDroid",2,0,pwbriggs,"Updated, thank you!"
5022103,United States,47.6517660,-122.3075860,2025-10-25 00:00:00,2026-04-24 05:05:36,181,tobji,Construction https://facilities.uw.edu/projects/anderson-hall-renovation,4,1,Unknown,building reopened April 10th https://environment.uw.edu/news/2026/04/historic-anderson-hall-re-opens-its-doors-after-major-renovation/
4494271,United States,38.5143300,-90.4459820,2024-10-25 00:00:00,2026-04-24 04:11:47,546,tyfi,"Topology on 141 here is making routing awkward, and the name should should actually be a ref/route-relation. I understand the lanes are physically separated, but there may be another way to model this",5,0,tyfi,Closing now. A new note can always be opened if there's still an issue in the future
5255907,United States,41.1402877,-73.4257918,2026-04-18 00:00:00,2026-04-24 04:00:57,6,morganwahl,Bus stop with little path to parking lot  via StreetComplete 63.0  Attached photo(s): https://streetcomplete.app/p/339321.jpg,2,0,ICT_maps,added
4704468,United States,38.5046253,-90.5611517,2025-04-10 00:00:00,2026-04-24 03:59:23,379,InsidiousReset,"The sign says the max weight is 40 (st) for 'other', as opposed to 30 st for 'single'. This is outside my scope, and I could not find an example for how to tag similar signs.",3,0,tyfi,Added in changeset/181744848
5255906,United States,41.1402292,-73.4253642,2026-04-18 00:00:00,2026-04-24 03:58:58,6,morganwahl,Burger King here  via StreetComplete 63.0  Attached photo(s): https://streetcomplete.app/p/339320.jpg,2,0,ICT_maps,looks like you added it https://www.openstreetmap.org/node/13740739444/history/1
5263320,United States,38.5081803,-90.5884659,2026-04-24 00:00:00,2026-04-24 03:57:15,0,tyfi,Abbreviations,2,0,ICT_maps,updated fr
3885636,United States,35.8038631,-83.5708236,2023-09-12 00:00:00,2026-04-24 03:54:27,955,Mateusz Konieczny,name=XCell https://www.openstreetmap.org/node/6089032065  shop=cell ? What is the meaning of that shop value? What kind of services or products are sold here? Is anything from https://wiki.openstreetmap.org/wiki/Key:shop fitting? Maybe new value needs to be invented? Maybe this data is wrong and there is no shop here? Maybe it is not a shop but something else?,6,0,ICT_maps,updated
5258447,United States,35.8024784,-83.5663506,2026-04-20 00:00:00,2026-04-24 03:53:33,4,Unknown,"Unable to answer 'What’s the measured height below the bridge?' – Teaster Lane (Secondary Road) – https://osm.org/way/648895592 via StreetComplete 63.0:  StreetComplete is asking me for the height of a bridge at this location. Originally I said there was no bridge sign, but there is clearly not a bridge here. Hopefully someone with more knowledge can figure out what is happening here.  Attached photo(s): https://streetcomplete.app/p/339643.jpg",2,0,ICT_maps,not seeing anything here...
5258381,United States,35.8047431,-83.5699339,2026-04-20 00:00:00,2026-04-24 03:52:59,4,Unknown,"Unable to answer 'What’s the measured height below the bridge?' – Teaster Lane (Secondary Road) – https://osm.org/way/263407213 via StreetComplete 63.0:  StreetComplete is asking me for the height of a bridge at this location. Originally I said there was no bridge sign, but there is clearly not a bridge here. Hopefully someone with more knowledge can figure out what is happening here.  Attached photo(s): https://streetcomplete.app/p/339636.jpg",2,0,ICT_maps,not seeing anything here either...
3073033,United States,35.9801696,-83.6169397,2022-03-03 00:00:00,2026-04-24 03:51:17,1513,Unknown,"onosm.org submitted note from a business: name: Smoky Mountain Sno Biz phone: 8658968477 website: https://m.facebook.com/snobiztn/?ref=page_internal&mt_nav=0 twitter:  facebook: https://m.facebook.com/snobiztn/?ref=page_internal&mt_nav=0 email:  hours: Friday-Sunday 10-5 category: Dessert Shops, Ice Cream & Frozen Yogurt address: 220 West Dumplin Valley Road 37764",2,0,ICT_maps,not here per website
5176101,United States,35.9780140,-83.6078741,2026-02-21 00:00:00,2026-04-24 03:50:55,62,ghault84,"'Checkers closed, gas station is open though.' The place has gone or never existed. A user of Organic Maps application has reported that the POI was visible on the map (see snapshot date below), but was not found on the ground. OSM snapshot date: 2026-02-16T20:35:12Z POI name: Checkers POI types: cuisine-burger amenity-fast_food  #organicmaps ios 2026.02.18-4-ios",2,0,ICT_maps,removed
5255805,United States,34.6362321,-86.5566610,2026-04-18 00:00:00,2026-04-24 03:49:16,6,seetag,11303 Mountaincrest  #OsmAnd,2,0,ICT_maps,added
4128161,United States,37.5585610,-85.7580864,2024-02-26 00:00:00,2026-04-24 03:48:00,788,Unknown,onosm.org submitted note from a business: Name: Riggs compound  addr:housenumber=35 addr:street=Marcum Lane addr:city=Hodgenville  addr:postcode=42748 Phone number: 2703046367 Wheelchair accessibility: unknown Category: Auto Repair Accepted payment methods: Apple Pay takeaway=yes,2,0,ICT_maps,personal note
3338734,United States,37.5724270,-85.7406439,2022-08-30 00:00:00,2026-04-24 03:47:41,1333,Unknown,onosm.org submitted note from a business: name: Fruition Church phone: 2703207843 website: www.fruitionchurchky.org twitter:  facebook: www.facebook.com/FruitionChurch/posts email: Fruitionchurchky@gmail.com hours: Sunday 10am to 2pm; Wednesday 6pm to 9pm category: Churches address: 200 S Lincoln Blvd Hodgenville,2,0,ICT_maps,no longer here
5255675,United States,37.5943270,-85.7112770,2026-04-18 00:00:00,2026-04-24 03:46:55,6,Unknown,Salem Lake,2,0,ICT_maps,updated
5255632,United States,35.3762023,-77.9406334,2026-04-18 00:00:00,2026-04-24 03:42:10,6,midnightcomm,between 7 brew and five guys there's just discount tire  #OsmAnd,2,0,ICT_maps,added
5255616,United States,41.4009484,-70.6034934,2026-04-18 00:00:00,2026-04-24 03:39:41,6,bnobu,'It should be rotated 90 degrees to the left' OSM snapshot date: 2026-04-04T03:36:32Z POI name: State Forest parking POI types: amenity-parking  #organicmaps ios 2026.04.07-8-ios,2,0,ICT_maps,display issue? reopen if it's something else...
5071730,United States,40.4659678,-78.7563608,2025-11-28 00:00:00,2026-04-24 03:38:05,147,AlexCrabt,"UPS Store location: 169 Mini Mall Rd, Ebensburg, PA 15931, Phone: (814) 419-8337  #CoMaps android 2025.11.25-4-FDroid",2,0,ICT_maps,added
5070719,United States,40.4595548,-78.5907327,2025-11-28 00:00:00,2026-04-24 03:36:53,147,AlexCrabt,"There is a Grocery Store about here called Shop N Save, Website: shopnsave.com phone: 814-886-7721",2,0,ICT_maps,updated details
5255584,United States,40.4591698,-78.5926448,2026-04-18 00:00:00,2026-04-24 03:36:02,6,AlexCrabt,"This place does not exist: 'Its a Sheetz Gas station alrrady on the map seperately' A CoMaps user reported that the POI was visible on the map (see snapshot date below), but was not found on the ground. OSM snapshot date: 2026-04-05T19:23:11Z POI has no name POI types: amenity-fuel  #CoMaps android 2026.04.07-8-FDroid",2,0,ICT_maps,removed
5255539,United States,43.6738395,-116.6538295,2026-04-18 00:00:00,2026-04-24 03:34:56,6,Unknown,Two flock cameras here,2,0,ICT_maps,https://www.openstreetmap.org/node/13360549701/history
5250574,United States,39.9227130,-75.1201560,2026-04-15 00:00:00,2026-04-24 03:32:44,9,AbyssalNavigation,"Entire region encompassing Water Front South is mislabled as City: Philidelphia.   I cannot find where this is being applied - as the City: Camden is correctly displayed at the neighborhood, structure and street levels.",2,0,ICT_maps,not seeing the issue
5078501,United States,39.8477033,-75.0671178,2025-12-04 00:00:00,2026-04-24 03:32:14,141,Mateusz Konieczny,https://www.openstreetmap.org/way/1445311384/history has roof:shape = pitched  Maybe roof:shape=skillion was intended here? Or roof:shape=gabled? See https://wiki.openstreetmap.org/wiki/Tag:roof:shape=pitched,2,0,ICT_maps,gabled
5254692,United States,39.8306860,-75.0196274,2026-04-18 00:00:00,2026-04-24 03:30:36,6,v1sko,This is turning into a Dollar Tree.,2,0,ICT_maps,updated
5254681,United States,41.5089710,-87.3461124,2026-04-18 00:00:00,2026-04-24 03:29:59,6,Unknown,How long is the tornado warning in lake county Merrillville IN area supposed to end,2,0,ICT_maps,personal note
5218461,United States,35.0874392,-106.5138894,2026-03-24 00:00:00,2026-04-24 03:28:31,31,SailorKooks,Noble Gaming located here; local video game and trading card shop.  via StreetComplete 63.0  Attached photo(s): https://streetcomplete.app/p/333949.jpg,2,0,ICT_maps,added
5263126,United States,35.0994612,-106.5327429,2026-04-23 00:00:00,2026-04-24 03:27:25,1,Unknown,"'Kaufman's West Army & Navy Goods ⭐  Address: 1660 Eubank Blvd NE, Albuquerque, NM 87112  Phone: (505) 293-2300  Hours: Mon-Sat 9:00 AM - 7:00 PM, Sunday closed  Why it's good: Long-established store with good prices, wide selection of military surplus items, camping gear, and outdoor equipment. Reviews mention reasonable prices on military jackets and MREs.' OSM snapshot date: 2026-04-04T03:36:32Z POI has no name POI types: addr:interpolation-even  #organicmaps android 2026.04.07-12-Google",2,0,ICT_maps,updated info
5263125,United States,35.0994612,-106.5327429,2026-04-23 00:00:00,2026-04-24 03:26:58,1,Unknown,"'Kaufman's West Army & Navy Goods, 1660 Eubank Blvd NE, Albuquerque, NM 87112' OSM snapshot date: 2026-04-04T03:36:32Z POI has no name POI types: addr:interpolation-even  #organicmaps android 2026.04.07-12-Google",2,0,ICT_maps,duplicate
5263178,United States,47.3176090,-122.3139860,2026-04-23 00:00:00,2026-04-24 03:23:43,1,Unknown,"New building, Taco Bell",2,0,ICT_maps,off a block
5261859,United States,47.3174600,-122.3130170,2026-04-23 00:00:00,2026-04-24 03:22:55,1,Unknown,California Burrito,2,0,ICT_maps,updated
5263174,United States,47.3164980,-122.3115740,2026-04-23 00:00:00,2026-04-24 03:21:25,1,Unknown,Dough Zone,2,0,ICT_maps,on the map
2151190,United States,39.8144534,-83.9821959,2020-04-07 00:00:00,2026-04-24 03:17:33,2208,Unknown,Does this boarder actually go through oakes quarry park?,2,0,ICT_maps,not seeing an issue
3691222,United States,39.8089473,-84.0174340,2023-05-15 00:00:00,2026-04-24 03:16:56,1075,Dubious Seaslug,"'Fairborn Intermediate School was built here and this school does not exist' The place has gone or never existed. A user of Organic Maps application has reported that the POI was visible on the map (see snapshot date below), but was not found on the ground. OSM snapshot date: 2023-05-03T17:52:15Z POI name: South Elementary School POI types: amenity-school  #organicmaps",2,0,ICT_maps,updated
5263188,United States,39.8228827,-84.0171792,2026-04-23 00:00:00,2026-04-24 03:15:27,1,Unknown,"'The location of this address is incorrect, it’s coordinates should be 39.82311° N, 84.01703° W' OSM snapshot date: 2026-04-05T19:23:11Z POI has no name POI types: building-address  #CoMaps ios 2026.04.07-8-ios",2,0,ICT_maps,There's no address data here; what you're seeing must come from comaps...
3549417,United States,32.8095862,-97.2368360,2023-02-07 00:00:00,2026-04-24 03:13:59,1172,Unknown,onosm.org submitted note from a business: Name: Bob's Premier Automotive Repair addr:housenumber=6735 addr:street=Baker Boulevard addr:city=Richland Hills addr:postcode=76118 Phone number: 817-284-5550 Website: htpps://bobspremierautomotiverepair.com Opening Hours: Mon-Fri 8am to 5pm Wheelchair accessibility: unknown Accepted payment methods:  takeaway=no,2,0,ICT_maps,added
5263223,United States,32.8137277,-97.2638489,2026-04-23 00:00:00,2026-04-24 03:12:46,1,IronArtificer,"'Its a bingo hall, but theres no existing category for that.' OSM snapshot date: 2026-04-04T03:36:32Z POI name: Texas Bingo Haltom City POI types: shop-games  #organicmaps android 2026.04.07-8-Google",2,0,ICT_maps,updated
5263204,United States,32.8137602,-97.2637406,2026-04-23 00:00:00,2026-04-24 03:12:07,1,IronArtificer,"'No longer in tbis location; replaced by Bingo hall' The place has gone or never existed. A user of Organic Maps application has reported that the POI was visible on the map (see snapshot date below), but was not found on the ground. OSM snapshot date: 2026-04-04T03:36:32Z POI name: Save-A-Lot POI types: shop-supermarket  #organicmaps android 2026.04.07-8-Google",2,0,ICT_maps,removed
5263227,United States,37.4207033,-122.0840374,2026-04-23 00:00:00,2026-04-24 03:10:14,1,JohnLuckPickerd,"Unable to answer 'Which direction leads upwards here?' – Steps – https://osm.org/way/206683350 via StreetComplete 63.0:  No stairs, just a sculpture  Attached photo(s): https://streetcomplete.app/p/340359.jpg",2,0,ICT_maps,updated
5263218,United States,37.4225168,-122.0819545,2026-04-23 00:00:00,2026-04-24 03:09:27,1,JohnLuckPickerd,Trashcan  via StreetComplete 63.0  Attached photo(s): https://streetcomplete.app/p/340357.jpg,2,0,ICT_maps,added
5263221,United States,37.4222466,-122.0817611,2026-04-23 00:00:00,2026-04-24 03:09:02,1,JohnLuckPickerd,Trashcan  via StreetComplete 63.0  Attached photo(s): https://streetcomplete.app/p/340358.jpg,2,0,ICT_maps,added
5263217,United States,37.4222956,-122.0815907,2026-04-23 00:00:00,2026-04-24 03:08:21,1,JohnLuckPickerd,Trashcan  via StreetComplete 63.0  Attached photo(s): https://streetcomplete.app/p/340356.jpg,2,0,ICT_maps,https://www.openstreetmap.org/node/12924857696/history
5263231,United States,37.4205232,-122.0817053,2026-04-23 00:00:00,2026-04-24 03:06:57,1,JohnLuckPickerd,Sculpture: Vision  via StreetComplete 63.0  Attached photo(s): https://streetcomplete.app/p/340362.jpg https://streetcomplete.app/p/340363.jpg,2,0,ICT_maps,on the map https://www.openstreetmap.org/node/6465926041
5263132,United States,41.0353583,-96.1365703,2026-04-23 00:00:00,2026-04-24 03:05:09,1,Unknown,Hail,3,0,greatnameguys2472,
5166548,United States,38.8214778,-94.4596417,2026-02-14 00:00:00,2026-04-24 02:55:52,69,johnathandoe,what category is standalone residential house? 18165357925 please let me know. i'd like to use this software and possibly improve it's breadth where I'm able.  #organicmaps android 2026.01.26-11-Google,4,0,greatnameguys2472,I'm gonna go ahead and resolve
5248963,United States,39.1353740,-84.5199144,2026-04-13 00:00:00,2026-04-24 02:53:53,11,Jonathan Delaney,I believe the Clifton and MLK bike routes legally include crossings through this intersection. Check for local signage to confirm.,2,0,Jonathan Delaney,Confirmed that it passes from MLK trail to Clifton bike lane through northeast corner of intersection.
5229296,United States,39.1132880,-94.5902040,2026-04-01 00:00:00,2026-04-24 02:45:24,23,ICT_maps,I think the NB span is closed for 2 or more years; need to figure out extent of closure to the south before marking,4,1,greatnameguys2472,"Added access=no to flyover ramp from i35 to 169, kept access=yes on 169 from i70 to the ramp to the airport"
5263297,United States,36.1591344,-115.2419115,2026-04-24 00:00:00,2026-04-24 02:40:13,0,Flap Slimy Outward,No U turn spotted (from Charleston Blvd EB to Charleston Blvd WB via Lorenzi St (NB)),2,0,Flap Slimy Outward,
5263305,United States,45.5278268,-122.5680684,2026-04-24 00:00:00,2026-04-24 02:40:06,0,kylor,does this building have a seperate address,2,0,kylor,nvm i found the address
5225492,United States,27.9867953,-81.6860740,2026-03-29 00:00:00,2026-04-24 02:33:44,26,Jarvis11,"This place does not exist: 'public safety supply replaced' A CoMaps user reported that the POI was visible on the map (see snapshot date below), but was not found on the ground. OSM snapshot date: 2026-03-21T17:13:14Z POI name: Land Lady POI types: office-estate_agent  #CoMaps android 2026.03.23-5-FDroid",2,0,Unknown,
5223810,United States,38.7986823,-90.7087677,2026-03-29 00:00:00,2026-04-24 02:29:34,26,duality1130,'Animal Emergency Clinic' OSM snapshot date: 2026-02-16T20:35:12Z POI has no name POI types: amenity-veterinary  #organicmaps android 2026.02.20-1-Google,2,0,ICT_maps,updated
4593720,United States,38.7201208,-90.6969959,2025-01-19 00:00:00,2026-04-24 02:27:53,460,beststlouishousebuyers,"Freedom Path Investors  Address: 830 Waterbury Falls Dr #102 O'Fallon MO 63368 United States Phone: (314) 710-2550 Email: info@beststlouishousebuyers.com Website: https://www.beststlouishousebuyers.com/  Freedom Path Investors helps homeowners sell houses fast in O'Fallon and the Greater St. Louis area, including St. Louis County, St. Charles County, Jefferson County, Lincoln County, Warren County, and Franklin County. If you search 'sell my house O'Fallon,' you'll find us. We buy houses in O'Fallon and nearby areas in any condition. As trusted cash home buyers in O'Fallon, we provide fair, all-cash offers with no fees or commissions, helping solve issues like foreclosure, inheritance, or tenant problems.",5,1,ICT_maps,"dead link, reads like SEO spam"
5263241,United States,38.6667340,-90.7968010,2026-04-23 00:00:00,2026-04-24 02:27:19,1,Unknown,"Please REMOVE this, I own this property and the school is/has been gone for decades...",2,0,ICT_maps,removed it
5263077,United States,41.7940137,-87.9756758,2026-04-23 00:00:00,2026-04-24 02:25:40,1,diacriticalhit,'actually Oxford station' OSM snapshot date: 2026-04-05T19:23:11Z POI name: Richmond Station POI types: landuse-retail  #CoMaps android 2026.04.07-8-FDroid,2,0,diacriticalhit,nope
5262596,United States,44.9975893,-93.3036604,2026-04-23 00:00:00,2026-04-24 02:25:12,1,ianrbuck,Unable to answer 'What’s the surface here?' – Baseball Field – https://osm.org/way/1348041167 via StreetComplete 63.0:  This baseball field is dismantled.,2,0,ICT_maps,kind of curious... that representation didn't show up on any map source.
5257613,United States,44.9987788,-93.2956812,2026-04-19 00:00:00,2026-04-24 02:24:17,5,Unknown,Duplicate bus stops - should be merged,5,1,ICT_maps,updated
5177457,United States,28.3986432,-81.4894923,2026-02-22 00:00:00,2026-04-24 02:22:58,61,breakingravity,"This is an IONNA EV Charger, here are the details:  https://www.ionna.com/rechargery/orlando/  #CoMaps android 2026.02.09-4-Google",2,0,Unknown,
5253307,United States,44.9963726,-93.2957179,2026-04-17 00:00:00,2026-04-24 02:22:55,7,tincher12,Unable to answer 'Is there a shelter at this stop?' – 17 Av N (Bus Stop) – https://osm.org/node/622227806 via StreetComplete 63.0:  There is no bus stop here,2,0,ICT_maps,duplicate
5263244,United States,44.9963726,-93.2957179,2026-04-23 00:00:00,2026-04-24 02:22:49,1,tincher12,Unable to answer 'Is there a shelter at this stop?' – 17 Av N (Bus Stop) – https://osm.org/node/622227806 via StreetComplete 63.0:  There is no bus stop here.,2,0,ICT_maps,duplicate
5263245,United States,44.9963726,-93.2957179,2026-04-23 00:00:00,2026-04-24 02:22:44,1,tincher12,Unable to answer 'Is there a shelter at this stop?' – 17 Av N (Bus Stop) – https://osm.org/node/622227806 via StreetComplete 63.0:  Pic of the corner with no bus stop  Attached photo(s): https://streetcomplete.app/p/340373.jpg,2,0,ICT_maps,removed
5263249,United States,44.9979073,-93.2939177,2026-04-23 00:00:00,2026-04-24 02:22:09,1,tincher12,Unable to answer 'What surface does this road have?' – Service Road – https://osm.org/way/862398757 via StreetComplete 63.0:  There is no road here  Attached photo(s): https://streetcomplete.app/p/340374.jpg,2,0,ICT_maps,added the apt building
5263279,United States,45.2007424,-93.1905848,2026-04-24 00:00:00,2026-04-24 02:19:51,0,Unknown,There might be one here,2,0,ICT_maps,vague anonymous note
5263291,United States,41.9061738,-95.0664778,2026-04-24 00:00:00,2026-04-24 02:18:58,0,weblogdryads,railway doesnt eist,2,0,ICT_maps,removed
5263292,United States,41.9051318,-95.0672288,2026-04-24 00:00:00,2026-04-24 02:16:54,0,weblogdryads,railway doesnt exist,2,0,ICT_maps,removed as far as it can't be seen
5263277,United States,47.6575905,-122.2780922,2026-04-24 00:00:00,2026-04-24 02:14:37,0,Unknown,Wallace Low,4,1,ICT_maps,"appears to be a personal note, please reopen with more detail if we need to map something"
5095646,United States,28.4085400,-81.3623000,2025-12-18 00:00:00,2026-04-24 02:08:35,127,Unknown,This Building is a Bj's Perishable Distribution Center,2,0,Unknown,
4689219,United States,28.3969959,-81.4043762,2025-03-30 00:00:00,2026-04-24 02:05:32,390,Unknown,onosm.org submitted note from a business: Name: Coworkers Zone addr:housenumber=11681 addr:street=South Orange Blossom Trail addr:city=Southchase addr:postcode=32837 Phone number: (407) 749-6949 Website: www.coworkerszone.com Wheelchair accessibility: yes Description: Coworking Space Accepted payment methods:,2,0,Unknown,
5258706,United States,32.6004506,-85.4766254,2026-04-20 00:00:00,2026-04-24 02:03:28,4,DunDan8,Building demolished; New residence is currently being built. Sources from survey,2,0,DunDan8,
3447434,United States,28.4557660,-81.4714034,2022-11-19 00:00:00,2026-04-24 01:45:35,1252,orthocircular,"'Was temporary' The place has gone or never existed. A user of Organic Maps application has reported that the POI was visible on the map (see snapshot date below), but was not found on the ground. OSM snapshot date: 2022-10-29T18:47:05Z POI name: CSI The Experience POI types: tourism-attraction  #organicmaps",4,0,Unknown,
4650710,United States,33.8917044,-117.9299584,2025-03-04 00:00:00,2026-04-24 01:33:00,416,0x4d6165,This is a small apartment complex not a single unit and should have per unit addresses. I'm still learning but I will add them later if nobody else does.  via StreetComplete 60.1,2,0,bye12,Added Addresses Changeset: 181742615
2821982,United States,28.4527159,-81.4384613,2021-08-26 00:00:00,2026-04-24 01:32:58,1702,Unknown,"onosm.org submitted note from a business: name: Reception 24/7 phone: 888-977-7247 website: https://www.reception247.com/ twitter: @Reception247 facebook: https://www.facebook.com/Reception247 email: support@reception247.com hours: 24/7 category: Professional & Other Places address: 6314 Kingspointe Parkway, Orlando, FL, 32819",3,0,Unknown,
1915721,United States,28.6935523,-81.3286543,2019-09-07 00:00:00,2026-04-24 01:08:26,2421,Unknown,"onosm.org submitted note from a business: name: Music Shack phone: 407-678-1765 website: Musicshackcfl.com twitter: undefined hours: Monday-Thursday 10-7 Friday-Saturday 10-5 category: ,Music Stores,Music Schools,Musical Instruments & Teachers address: 17-92 longwood Florida",2,0,Unknown,
3545052,United States,33.8823294,-117.8816999,2023-02-05 00:00:00,2026-04-24 01:06:56,1174,Ilyer,"I noticed this building was entirely missing when I visited - looks like it only shows up on Maxar's premium imagery for now. I didn't have time to identify it myself, so if someone can, I'd be grateful.",3,0,bye12,"Adjust Shape, and Named"
5170465,United States,28.6884249,-81.3143407,2026-02-16 00:00:00,2026-04-24 01:02:17,67,Fllost,"'Address: 951 N Winter Park Dr Winter Springs, FL 32707 United States  Website: https://www.casselberry.org/934/Casselberry-Wheel-Park-East' OSM snapshot date: 2026-01-25T13:04:34Z POI name: Casselberry Wheel Park East Location POI types: leisure-park  #organicmaps ios 2026.01.28-11-ios",2,0,Unknown,
3545051,United States,33.8822658,-117.8822388,2023-02-05 00:00:00,2026-04-24 00:57:27,1174,Ilyer,Can someone check if this road extends all the way to the west?,2,0,bye12,Fixed
5263246,United States,39.0985271,-75.9600736,2026-04-23 00:00:00,2026-04-24 00:18:29,1,Unknown,This road has been reopened. I drove on it last week.,2,0,gpserror,looks like an incomplete edit.  Fixed now.
4292044,United States,39.0207174,-94.1980004,2024-06-14 00:00:00,2026-04-24 00:17:14,679,tyfi,Need to check termini of AA and BB,11,1,tyfi,"changeset/181741500 changeset/181741571  Next time please don't close a note unless you're sure it's either resolved or impossible to resolve. You can always drop a comment to ping discussion participants. This note generated a lot of emails for me in recent days. I think I got it fixed, though...better late than never!"
5222462,United States,38.9298981,-94.4019127,2026-03-28 00:00:00,2026-04-23 23:51:56,26,ICT_maps,"SummitWoods Crossing, Summit Fair, and ye ole AT&T building to the east could all use some parking lots mapped...",9,1,Unknown,Resovled.working on more
5263243,United States,31.6376720,-96.2726730,2026-04-23 00:00:00,2026-04-23 23:49:11,0,Unknown,The Porch,4,1,Unknown,
5241779,United States,35.8756610,-83.5717270,2026-04-09 00:00:00,2026-04-23 23:46:49,14,cfsidavidtn,Recently opened here is a Jimmy John's location that opened April 7th.,5,0,1RHG,
5254672,United States,33.8737760,-117.9193790,2026-04-18 00:00:00,2026-04-23 23:46:17,5,Unknown,There is a new building being constructed here called the Performing Arts Center. It is slated to open in a few years. The Sculpture Garden no longer exists here.,2,0,bye12,Added Construction Zone
5176100,United States,35.8815672,-83.5719003,2026-02-21 00:00:00,2026-04-23 23:45:35,61,ghault84,'Hotlight hours 8a-10a and 5p-7p daily.' OSM snapshot date: 2026-02-16T20:35:12Z POI name: Krispy Kreme POI types: cuisine-donut amenity-fast_food  #organicmaps ios 2026.02.18-4-ios,2,0,1RHG,
5254674,United States,33.8735650,-117.9159590,2026-04-18 00:00:00,2026-04-23 23:44:27,5,Unknown,This is not an official staff parking lot.,2,0,bye12,Removed
5254673,United States,33.8735980,-117.9163890,2026-04-18 00:00:00,2026-04-23 23:44:20,5,Unknown,This area was recently redone to include a new instructional building and parking lot. This area will need to be rescanned to reflect the new layout.,2,0,bye12,Completed
5254668,United States,33.8737940,-117.9163940,2026-04-18 00:00:00,2026-04-23 23:44:09,5,Unknown,"At this address, there is a new Fullerton College building called the Student Support Center. This houses the Veterans Resource Center, Student Health and Wellness Center, EOPS and FYSI, Food Pantry, Cadena Cultural Center, LGBTQIA2S+ Resource Center and the Grads to Be Program. See college's interactive map: https://fc.xtours.io/#SSC",2,0,bye12,Added
5113848,United States,35.7973323,-83.5950512,2026-01-01 00:00:00,2026-04-23 23:15:51,112,I-76,This a recently built school?,2,0,1RHG,
5178094,United States,37.9216260,-122.3139154,2026-02-23 00:00:00,2026-04-23 23:03:28,59,PhilEsk,'Fenced dog park with sections for small dogs and large dogs.' OSM snapshot date: 2026-02-16T20:35:12Z POI name: Bruce King Memorial Dog Park POI types: leisure-park  #organicmaps android 2026.02.18-5-Google,2,0,Hank Yukon,yep. park has always had the two seperated fenced in sections for small and large dogs with a in area between the two that is also fenced
5204885,United States,43.2743930,-91.1359370,2026-03-14 00:00:00,2026-04-23 21:39:16,40,Unknown,Wexford Campground,2,0,cuzi,added
2305362,United States,43.2642454,-91.4740723,2020-08-12 00:00:00,2026-04-23 21:31:58,2080,Unknown,"onosm.org submitted note from a business: name: Pop’s Produce LLC phone: 5635683590 website:  twitter: undefined hours: Monday-Friday 10-6, Saturday 10-5, Sunday, 12-4 category:  address:",2,0,cuzi,added
5204883,United States,43.3345273,-91.1711651,2026-03-14 00:00:00,2026-04-23 21:27:41,40,Unknown,"Parking and picnic area, formally Allamakee County Conservation Fishing Access Area",2,0,cuzi,added
5204880,United States,43.3469010,-91.2034400,2026-03-14 00:00:00,2026-04-23 21:19:09,40,Unknown,Driftless Area Education & Visitors Center,2,0,cuzi,added
5204882,United States,43.3379450,-91.2223630,2026-03-14 00:00:00,2026-04-23 21:14:39,40,Unknown,Broken Paddle - Lodge and RV park,2,0,cuzi,added
5263141,United States,38.9849223,-94.2777210,2026-04-23 00:00:00,2026-04-23 21:13:19,0,Unknown,in edit mode there is 2 moreland ridge labels??,2,0,LavaFlowsYT,its over son🙏🙏
3636501,United States,35.9104089,-94.9504271,2023-04-10 00:00:00,2026-04-23 21:12:23,1109,RW2000,Needs survey for landuse grass under tree,5,1,Baloo Uriza,
5143615,United States,38.8923659,-94.3716791,2026-01-26 00:00:00,2026-04-23 21:12:09,87,JohnConner81,There's a camera here facing south watching decker street.,3,0,cuzi,"no reply, closing note"
2815862,United States,40.1916136,-92.0942366,2021-08-22 00:00:00,2026-04-23 21:04:48,1705,PHerison,"Not sure what kind of crossing (bridge,tunnel,ford).",4,1,Unknown,Fixed
5219633,United States,29.0978000,-98.9223960,2026-03-25 00:00:00,2026-04-23 21:01:07,29,Unknown,Gated and posted.,2,0,cuzi,added
5229275,United States,38.9536104,-94.4062257,2026-04-01 00:00:00,2026-04-23 20:57:28,22,ICT_maps,Lack of detail on golf course.,3,1,Unknown,
5226768,United States,38.9228463,-94.4539490,2026-03-30 00:00:00,2026-04-23 20:57:25,24,ICT_maps,Could probably use better mapping of this 'Par 3 Course',4,1,Unknown,
4709823,United States,36.0458610,-95.0104470,2025-04-14 00:00:00,2026-04-23 20:52:31,374,Unknown,"Google Maps has already updated this road to Urias Lane, and I request the same correction here for accuracy and consistency across platforms.",5,1,Unknown,
4774947,United States,36.1175514,-95.8720046,2025-05-25 00:00:00,2026-04-23 20:51:39,333,Baloo Uriza,Is this an interior portion of the mall?,3,1,Unknown,
4774065,United States,36.1195144,-95.8705006,2025-05-25 00:00:00,2026-04-23 20:51:37,333,Baloo Uriza,Survey needed.  Is this a connection between the cycleway and the alley?,3,1,Unknown,
5257154,United States,37.7614851,-122.4228490,2026-04-19 00:00:00,2026-04-23 20:47:23,4,Dave Schweisguth,"3551 18th Street had an invalid street name, '3553'. https://sfplanninggis.org/PIM/ gives this parcel's addresses as 3551 18th and 15 & 19 Linda. Some buildings display addresses not in https://sfplanninggis.org/PIM/. Survey needed to detemine what addresses are currently displayed.",2,0,Dave Schweisguth,Done
5250502,United States,37.7604163,-122.4216343,2026-04-15 00:00:00,2026-04-23 20:35:39,8,Dave Schweisguth,This shop used to occupy two storefronts. It seems to have given up the one on the left. Is its address 786 now?,2,0,Dave Schweisguth,Yes it is. Updated.
5234287,United States,35.2628722,-97.4915835,2026-04-04 00:00:00,2026-04-23 20:35:27,19,ehh191,"'3321 W Tecumseh Rd, Ste 113, Norman, OK 73072. there are some other buildings here that aren't in the map too. i'm not sure how the ste 113 is supposed to be entered on this app.' OSM snapshot date: 2026-03-10T00:09:11Z POI has no name POI types: building  #organicmaps android 2026.03.12-2-FDroid",8,1,Unknown,"this building is here , look closer"
5263114,United States,35.2452602,-91.7556529,2026-04-23 00:00:00,2026-04-23 20:32:39,0,android5027,Footpath under construction (concrete)  #EveryDoor,2,0,android5027,Added
5250499,United States,37.7574400,-122.4213291,2026-04-15 00:00:00,2026-04-23 20:32:29,8,Dave Schweisguth,This window currently says Home Turf. Is that a new tenant or just advertising?,2,0,Dave Schweisguth,It's advertising by Levi's. Nothing to do here.
5263113,United States,40.0333157,-85.9730387,2026-04-23 00:00:00,2026-04-23 20:27:11,0,Unknown,Geoff Chambers 317-753-4561 deck c&s friend of reno workmate,2,0,Unknown,
5263032,United States,32.6067130,-85.4866561,2026-04-23 00:00:00,2026-04-23 19:55:21,0,DunDan8,Merge subway duplicates  #EveryDoor,2,0,bdentremont,I've merged all tags onto the building element.
5250507,United States,37.7528813,-122.4214308,2026-04-15 00:00:00,2026-04-23 19:43:39,8,Dave Schweisguth,This address is on a gate in a fence. Survey needed to add fence.,2,0,Dave Schweisguth,Done
5173990,United States,37.7900206,-122.4056559,2026-02-20 00:00:00,2026-04-23 19:35:33,62,Eville1,"Unable to answer 'What are the opening hours here?' – Sool Bar and Lounge (Bar) – https://osm.org/node/3408837756 via StreetComplete 62.2:  She said 'Every day open at 5, and close between midnight and 2am depending.'",2,0,Dave Schweisguth,Updated from website
5262905,United States,40.6523168,-74.9105312,2026-04-23 00:00:00,2026-04-23 19:33:18,0,O-dog-Malakai,Should the road be a divided highway here?,5,1,O-dog-Malakai,"Another reason I wrote this note is just in case of driver-less vehicles that might use an OpenStreetMap based GPS program show up in the future, the vehicles wouldn't crash into the traffic islands."
3140175,United States,37.7882630,-122.4095640,2022-04-18 00:00:00,2026-04-23 19:30:25,1466,user4816003805,Unable to answer 'What are the opening hours here?' for https://osm.org/node/6488820630 via StreetComplete 42.0:  Sign says 'Cafe La Tazita'  Attached photo(s): https://westnordost.de/p/89680.jpg,3,0,Dave Schweisguth,"Updated opening hours from website, which is dated this year."
3395872,United States,37.7892272,-122.4077251,2022-10-11 00:00:00,2026-04-23 19:24:51,1290,user4816003805,Unable to answer 'What are the opening hours here?' for https://osm.org/node/4626983989 via StreetComplete 46.1:  Dining room and takeout hours differ  Attached photo(s): https://westnordost.de/p/116233.jpg,2,0,Dave Schweisguth,Added posted hours
4715246,United States,37.7896242,-122.4089380,2025-04-18 00:00:00,2026-04-23 19:21:32,370,Eville1,Unable to answer 'What are the opening hours here?' – Maru Sushi (Sushi Restaurant) – https://osm.org/way/332229903 via StreetComplete 60.3:  They are also open on Holidays except Thanksgiving.,2,0,Dave Schweisguth,Added
5078730,United States,35.2381096,-97.4801660,2025-12-04 00:00:00,2026-04-23 18:43:20,140,ICT_maps,Looks like everything east of 24th (and also south of Target) is plagued by parking lot-itis; all of these should be combined down into fewer lots instead of individual rows.,8,1,Unknown,Fixed! should be visible soon
5262995,United States,43.9673640,-75.8815440,2026-04-23 00:00:00,2026-04-23 18:37:00,0,Unknown,Flock camera here.,3,1,Unknown,
5262848,United States,34.1289530,-93.0530270,2026-04-23 00:00:00,2026-04-23 17:12:03,0,Unknown,referred to as SPEC by students. Roy and Christine Sturgis Physical Education Center,2,0,Hypsometric,Updated.
5262855,United States,41.5036292,-81.6365631,2026-04-23 00:00:00,2026-04-23 16:54:24,0,Unknown,aldi dumter,2,0,Hypsometric,Already mapped.
5262857,United States,41.4697388,-81.6083491,2026-04-23 00:00:00,2026-04-23 16:53:58,0,Unknown,aldi dumter,2,0,Hypsometric,Already mapped.
5074275,United States,38.8271881,-86.4225823,2025-11-30 00:00:00,2026-04-23 16:38:16,144,Unknown,"This is a private driveway, and does not connect to the road behind it. This is misrepresented here.",2,0,MNReid,
5143968,United States,35.2089459,-97.4477220,2026-01-26 00:00:00,2026-04-23 16:24:03,87,Unknown,These sidewalks are closed due to construction until 2027.,6,1,LavaFlowsYT,fixed
5098071,United States,35.2194028,-97.4425211,2025-12-20 00:00:00,2026-04-23 16:08:41,124,Klementina,LiveView Camera  #organicmaps android 2025.11.26-5-Google,5,1,LavaFlowsYT,LiveView is kinda surveillance but its a traffic cam i think.
5257802,United States,37.8991520,-122.0538890,2026-04-20 00:00:00,2026-04-23 15:57:39,3,Unknown,This is the entrance to a one way,4,1,Unknown,updated
4311410,United States,35.4683313,-97.5159574,2024-06-28 00:00:00,2026-04-23 15:53:14,664,Unknown,Tellers,7,1,Unknown,Fixed. accidently resolved. sorry.
5261773,United States,38.8518450,-77.4512978,2026-04-22 00:00:00,2026-04-23 15:52:34,1,Unknown,'Renamed to 'Truist'' OSM snapshot date: 2026-04-05T19:23:11Z POI name: Bb&t Sully Station POI types: building  #CoMaps android 2026.04.07-8-Google,2,0,ICT_maps,updated
5238137,United States,32.6039770,-85.4802104,2026-04-06 00:00:00,2026-04-23 15:49:40,17,DunDan8,Unable to answer 'Who is allowed to park here? Parking may be free or paid.' – Parking Lot – https://osm.org/way/1483154778 via StreetComplete_ee 63.0:  Parking is located within construction zone,2,0,DunDan8,
5261766,United States,35.7056100,-78.8222500,2026-04-22 00:00:00,2026-04-23 15:23:11,1,Unknown,This now extends up to production drive and has bike lanes!,2,0,ICT_maps,added
5261679,United States,29.9875895,-90.0986516,2026-04-22 00:00:00,2026-04-23 15:20:10,1,Unknown,all of this should be removed / treated the same as the zoo as you would have to pay to get in,2,0,ICT_maps,unclear anonymous note
5250572,United States,41.3415643,-81.4181265,2026-04-15 00:00:00,2026-04-23 15:19:06,8,Unknown,flock cam here,2,0,ICT_maps,two on the map just west
5261659,United States,41.3955998,-81.7984265,2026-04-22 00:00:00,2026-04-23 15:18:31,1,kiritimati_c7g,no pedestrian signals,2,0,ICT_maps,changed to marked
5261559,United States,42.3004028,-83.6989439,2026-04-22 00:00:00,2026-04-23 15:16:42,1,Unknown,This E-W street on Mcity is  'Liberty St' .  It is not labeled on the map?,2,0,ICT_maps,updated
5261522,United States,39.1784349,-94.6212906,2026-04-22 00:00:00,2026-04-23 15:13:59,1,Unknown,"Street name is NW Gower Ave or Northwest Gower Avenue, NOT North Gower Avenue. At the Northwest High Drive intersection on street view, you can see the street pole with the correct name.",2,0,ICT_maps,updated
5261733,United States,30.3805391,-86.8630922,2026-04-22 00:00:00,2026-04-23 15:01:12,1,Unknown,this is a parking lot and not a road,2,0,I-76,reclassified. Not changing road names w/o further information because I suppose it's *possible* they could be named
5262713,United States,44.4902187,-86.1726393,2026-04-23 00:00:00,2026-04-23 14:57:48,0,Unknown,It's a person's home  #organicmaps android 2026.04.07-8-FDroid,2,0,I-76,added house
5262711,United States,42.4039846,-73.4190935,2026-04-23 00:00:00,2026-04-23 14:37:09,0,Unknown,"Pine Tree Pike shown here on the map does not exist and as far as I know, never has existed.",2,0,I-76,Removed. Was data from poor quality import 18 years ago with tons of fantasy roads.
5261352,United States,38.9956187,-94.2921323,2026-04-22 00:00:00,2026-04-23 14:33:33,1,Unknown,Ive made the property line not sure how to remove the cafe,6,1,I-76,"My discord is 76blacket, and while it's not my favorite method of contact (OSM  messages/community messages, email preferred), feel free to contact me there. I may check it every few days. As I mentioned, property lines are not mapped on OSM, so it's irrelevant. From now on, please don't use notes as method of attempted direct communication."
5262685,United States,33.8433043,-118.3339870,2026-04-23 00:00:00,2026-04-23 14:12:12,0,Unknown,This is not a packaging building,2,0,Unknown,
3671079,United States,33.8427426,-118.3332485,2023-05-02 00:00:00,2026-04-23 14:01:22,1087,Unknown,"onosm.org submitted note from a business: Name: Verdance Packaging addr:housenumber=444 addr:street=Alaska Avenue addr:city=Torrance addr:postcode=90503 Phone number: 646-536-4111 Website: https://www.verdancepackaging.com Opening Hours: Mo-Fr 9am to 5pm Wheelchair accessibility: unknown Category: Printing Services Description: Packaging Company Accepted payment methods: American Express,Visa,Mastercard takeaway=no takeaway:description=Not Available delivery:covid19=yes description:covid19=Mo-Fr 9am to 5pm",3,0,Unknown,I did it.
3359274,United States,33.8460600,-118.3184100,2022-09-14 00:00:00,2026-04-23 13:57:15,1317,Unknown,"Dynamic Research, Inc.",2,0,Unknown,"Done,"
4789132,United States,33.8285590,-118.3502200,2025-06-04 00:00:00,2026-04-23 13:51:46,323,KelsonV,How many levels in JC Penney? 2 or 3?,7,1,Unknown,Just 1 per center's directory
5244253,United States,35.2117354,-97.4427616,2026-04-10 00:00:00,2026-04-23 13:47:18,13,twitom,Print shop  #CoMaps android 2026.04.07-8-FDroid,2,0,Unknown,
4899409,United States,35.2580870,-97.4886297,2025-08-08 00:00:00,2026-04-23 13:39:05,258,imprudent_downer,road connects to cancer center parking lot (west)  #OsmAnd,8,1,Unknown,Someone connected it
5262653,United States,33.9707000,-118.1896500,2026-04-23 00:00:00,2026-04-23 13:33:34,0,Unknown,Bell Manor Motel,2,0,Unknown,
5234288,United States,35.2628722,-97.4915835,2026-04-04 00:00:00,2026-04-23 13:28:46,19,ehh191,'restaurant is named Paris Banh Mi' OSM snapshot date: 2026-03-10T00:09:11Z POI has no name POI types: building  #organicmaps android 2026.03.12-2-FDroid,5,1,Unknown,Some of them were blurred on google earth i added the ones i could see.
5262640,United States,33.9476000,-118.4052000,2026-04-23 00:00:00,2026-04-23 13:27:29,0,Unknown,Los Angeles Air Port - LAX,2,0,Unknown,
2492394,United States,45.3553510,-94.7637877,2021-01-10 00:00:00,2026-04-23 13:15:27,1929,Unknown,Substation,2,0,I-76,has been mapped
5169163,United States,45.0864166,-94.3055799,2026-02-15 00:00:00,2026-04-23 13:11:27,67,ACSorenson,there needs to be a 'Church' sub category  #organicmaps android 2026.01.26-11-Google,3,0,I-76,no use for note at this point
5261384,United States,35.3366017,-97.4875415,2026-04-22 00:00:00,2026-04-23 12:59:17,1,Unknown,is this street supposed to not have a name???,3,0,Unknown,"yeah i agree after looking over it, ill just resolve this"
5262276,United States,28.5475471,-80.6657410,2026-04-23 00:00:00,2026-04-23 12:50:30,0,Unknown,no swamp anymore. SX area cleared and developed even on the other side of the road,2,0,gpserror,"drained the swamp on this side of the road.  other side of what road? anonymous note, closing"
5262275,United States,28.5453588,-80.6653547,2026-04-23 00:00:00,2026-04-23 12:49:35,0,Unknown,not planned anymore. building site for two years and to be finished this year,2,0,gpserror,"note has very poor wording, osm had bad tagging, updated a bit better"
5262502,United States,30.4455648,-84.2279109,2026-04-23 00:00:00,2026-04-23 12:15:00,0,Unknown,This is Pedlers Alley,2,0,gpserror,Changed to Crescent Drive
5262501,United States,30.4466532,-84.2282198,2026-04-23 00:00:00,2026-04-23 12:14:41,0,Unknown,This is Crescent Drive,2,0,gpserror,Changed to Pedlers Alley
5262177,United States,38.9967401,-84.6558531,2026-04-23 00:00:00,2026-04-23 08:51:17,0,Tuna64,Lot cam,2,0,Tuna64,
5262157,United States,38.9996173,-84.6448517,2026-04-23 00:00:00,2026-04-23 08:33:20,0,Tuna64,Lot lizard cam,2,0,Tuna64,
5262155,United States,39.0389569,-84.6475735,2026-04-23 00:00:00,2026-04-23 08:29:58,0,Tuna64,Flock cam,2,0,Tuna64,Flock cam
5261861,United States,43.0739947,-77.4931561,2026-04-23 00:00:00,2026-04-23 04:43:35,0,ForestFurnace,Town of Pittsford Great Embankment Park is here.  via StreetComplete 63.0  Attached photo(s): https://streetcomplete.app/p/340151.jpg https://streetcomplete.app/p/340152.jpg,2,0,ForestFurnace,
5261917,United States,41.5239839,-93.1037783,2026-04-23 00:00:00,2026-04-23 03:25:12,0,Sir Vey,In context of overlay 'Buildings' – Building – https://osm.org/way/1159282345 via StreetComplete 63.0:  This building no longer exists.,2,0,Sir Vey,
3027071,United States,45.2777251,-93.0071533,2022-01-27 00:00:00,2026-04-23 03:09:33,1547,Unknown,"onosm.org submitted note from a business: name: Minnesota Truck Headquarters of Forest Lake phone: 612-451-4400 website: www.ForestLakeMTH.com twitter:  facebook: https://www.facebook.com/ForestLakeMTH email: eddy@yourmth.com hours: Tuesday-Saturday 8:30am-8pm category: Car Dealerships address: 132 19th St SW, Forest Lake, MN 55025",2,0,AiméeBee,Added information to business.
5004024,United States,35.6454620,-106.0063551,2025-10-13 00:00:00,2026-04-23 02:41:15,192,Kovirii,Santa Fe Whataburger in planning stages,2,0,Kovirii,opened.
3631933,United States,40.6710445,-122.6487279,2023-04-08 00:00:00,2026-04-23 02:25:52,1111,Mateusz Konieczny,https://www.openstreetmap.org/relation/15353707#map=17/40.67070/-122.64878  not a forest here  and ideally this superlarge area would be split into smaller editable ones,2,0,bobthebuilder423468,it's not smaller areas yet but I did solve the main problem as best I could.
3679144,United States,35.1529600,-106.6931900,2023-05-07 00:00:00,2026-04-23 01:45:59,1082,Unknown,no park,3,0,Hypsometric,Seems to be resolved.
5259438,United States,35.1217691,-106.7121532,2026-04-21 00:00:00,2026-04-23 01:36:18,2,Kovirii,Ladera Golf Course lacks in depth mapping of features,3,0,Hypsometric,Added.
5261862,United States,45.1964891,-123.2147276,2026-04-23 00:00:00,2026-04-23 01:20:26,0,Love Retail,Please read: New Business Sierra's Sweets 😋  Menu: upon need- marshmallow peanut butter mini hamburger with raisins. May contain nuts in ingredients! Allergy* potential*.  Just ask me here on my account by comments.  Pic here: https://postimg.cc/5Yj1s3zP,2,0,Fizzie-DWG,"Appears to be spam, & I really doubt the 'business' is located in the middle of the intersection!"
5261807,United States,44.9512366,-93.2459662,2026-04-22 00:00:00,2026-04-22 23:40:15,0,ianrbuck,"Unable to answer 'What kind of building is this?' – Building – https://osm.org/way/1054568476 via StreetComplete 63.0:  Demolished, please delete.",2,0,ianrbuck,
5261810,United States,44.9515127,-93.2459285,2026-04-22 00:00:00,2026-04-22 23:40:12,0,ianrbuck,"Unable to answer 'What kind of building is this?' – house number 1851: Building – https://osm.org/way/1054568413 via StreetComplete 63.0:  Demolished, please delete.",2,0,ianrbuck,
5261806,United States,44.9516658,-93.2454239,2026-04-22 00:00:00,2026-04-22 23:40:09,0,ianrbuck,"In context of overlay 'Buildings' – house number 1855: Building – https://osm.org/way/1054568452 via StreetComplete 63.0:  Demolished, needs to be deleted.",2,0,ianrbuck,
5261814,United States,44.9504085,-93.2488806,2026-04-22 00:00:00,2026-04-22 23:37:27,0,ianrbuck,Unable to answer 'How many steps are here?' – https://osm.org/node/481200946 via StreetComplete 63.0:  No stairs here.,2,0,ianrbuck,
4321221,United States,44.9605340,-93.2932877,2024-07-05 00:00:00,2026-04-22 23:33:09,656,jan-leila,"pizza shark here, closed for renovation  via StreetComplete 58.1",11,0,ianrbuck,
5261839,United States,44.9605906,-93.2932878,2026-04-22 00:00:00,2026-04-22 23:33:02,0,ianrbuck,In context of overlay 'Places' – Vacant Shop – https://osm.org/node/13753788106 via StreetComplete 63.0:  Address 2210 Hennepin.,2,0,ianrbuck,
5261698,United States,29.8831322,-90.0627074,2026-04-22 00:00:00,2026-04-22 23:10:14,0,Unknown,this is a city drainage ditch road and people aren't supposed to be on it,2,0,dannmer,updated
5261671,United States,29.8954989,-90.0501734,2026-04-22 00:00:00,2026-04-22 23:07:57,0,Unknown,this is a private road on a middle school campus,2,0,dannmer,updated
5261670,United States,29.8948106,-90.0515252,2026-04-22 00:00:00,2026-04-22 23:03:00,0,Unknown,This is a private rode on a middle school campus,2,0,dannmer,updated
5261336,United States,39.0059840,-94.2570200,2026-04-22 00:00:00,2026-04-22 22:59:45,0,Unknown,niche fort is here,2,0,LavaFlowsYT,
5261675,United States,29.9903075,-90.0941563,2026-04-22 00:00:00,2026-04-22 22:57:12,0,Unknown,these paths are not open to the public. you would need to first have a child and then pay to get in. It should be treated the same as the zoo and removed,2,0,dannmer,appears to be mapped correctly
5261678,United States,29.9873804,-90.0965756,2026-04-22 00:00:00,2026-04-22 22:56:29,0,Unknown,all of this should be removed / treated the same as the zoo as you would have to pay to get in,2,0,dannmer,appears to be mapped correctly
5261680,United States,29.9950372,-90.0964952,2026-04-22 00:00:00,2026-04-22 22:55:52,0,Unknown,all of this should be removed. it's a dog park. you can't just walk in there,2,0,dannmer,appears to be mapped correctly
5220876,United States,44.8216340,-91.5001860,2026-03-26 00:00:00,2026-04-22 22:31:43,27,Unknown,5 ton weight limit. DO NOT ROUTE HEAVY TRUCKS HERE.,2,0,Hypsometric,"Updated. It was previously 15 st. According to WisDOT, it was changed to 5 sb on 04//09/2026."
5234660,United States,41.7699126,-87.8890686,2026-04-04 00:00:00,2026-04-22 21:46:14,18,diacriticalhit,"This place does not exist: 'now Bonny's Bistro (restaurant or gambling?)' A CoMaps user reported that the POI was visible on the map (see snapshot date below), but was not found on the ground. OSM snapshot date: 2026-03-07T17:53:41Z POI name: Radiant Hosting POI types: office  #CoMaps android 2026.03.09-18-FDroid",3,0,Unknown,"Old business, previously used UPS store nextdoor as address"
5251908,United States,33.0099771,-80.0882801,2026-04-16 00:00:00,2026-04-22 21:28:58,6,CharliStarry,"new business here, please look into",2,0,maschiken,added
5023895,United States,38.9028979,-77.0464401,2025-10-26 00:00:00,2026-04-22 20:57:00,178,KB-01,"these outlying bits of GWU should not be tagged individually, they should be incorporated into a relation that covers the entire campus",2,0,willkmis,"Addressed this in https://www.openstreetmap.org/changeset/181691002, tried to nab all the outlying pieces but possible I missed some"
5252824,United States,38.9157500,-77.0317010,2026-04-16 00:00:00,2026-04-22 20:40:36,6,osm-cs,"'business has closed' The place has gone or never existed. A user of Organic Maps application has reported that the POI was visible on the map (see snapshot date below), but was not found on the ground. OSM snapshot date: 2026-04-04T03:36:32Z POI name: Mi Vida POI types: cuisine-mexican amenity-restaurant  #organicmaps ios 2026.04.07-8-ios",2,0,willkmis,Confirmed via website
5252825,United States,38.9151260,-77.0317037,2026-04-16 00:00:00,2026-04-22 20:40:26,6,osm-cs,"'Business has closed' The place has gone or never existed. A user of Organic Maps application has reported that the POI was visible on the map (see snapshot date below), but was not found on the ground. OSM snapshot date: 2026-04-04T03:36:32Z POI name: Bar Pilar POI types: cuisine-american amenity-restaurant  #organicmaps ios 2026.04.07-8-ios",2,0,willkmis,Confirmed via website
5261726,United States,38.8205295,-121.1450825,2026-04-22 00:00:00,2026-04-22 20:30:25,0,Unknown,8504 King rd loomis CA 95650,2,0,Unknown,Directions from King rd
5261703,United States,46.3248459,-116.5739426,2026-04-22 00:00:00,2026-04-22 20:26:32,0,Unknown,this is bridge 22 also known as the Half Moon Trestle this trestle is 141 feet tall and 684 feet long.,2,0,Unknown,
5261657,United States,41.1512038,-104.7282523,2026-04-22 00:00:00,2026-04-22 19:18:27,0,OptoEdits,Double side sign  via StreetComplete 63.0  Attached photo(s): https://streetcomplete.app/p/340143.jpg https://streetcomplete.app/p/340144.jpg,2,0,OptoEdits,
5261656,United States,41.1535798,-104.7280801,2026-04-22 00:00:00,2026-04-22 19:15:48,0,OptoEdits,Double side sign  via StreetComplete 63.0  Attached photo(s): https://streetcomplete.app/p/340141.jpg https://streetcomplete.app/p/340142.jpg,2,0,OptoEdits,
5261653,United States,41.1543097,-104.7295344,2026-04-22 00:00:00,2026-04-22 19:10:02,0,OptoEdits,sign  via StreetComplete 63.0  Attached photo(s): https://streetcomplete.app/p/340140.jpg,2,0,OptoEdits,
5261652,United States,41.1543889,-104.7297894,2026-04-22 00:00:00,2026-04-22 19:07:34,0,OptoEdits,sign  via StreetComplete 63.0  Attached photo(s): https://streetcomplete.app/p/340139.jpg,2,0,OptoEdits,
5261379,United States,35.4654153,-97.4942046,2026-04-22 00:00:00,2026-04-22 18:55:29,0,Unknown,This is not lottie avenue there's no name for this street on earth and maps. It's basically a driveway,2,0,ICT_maps,duplicate note
5261371,United States,37.6017313,-99.2928028,2026-04-22 00:00:00,2026-04-22 18:53:57,0,Unknown,some locations aren't added,2,0,ICT_maps,too vague to work; please add more details if you want something mapped
5261549,United States,37.3644800,-81.0518290,2026-04-22 00:00:00,2026-04-22 18:53:06,0,Unknown,The location on the map is incorrect. It's located on the other side of First Community Bank in between it and Chili's.,2,0,ICT_maps,noted this was incorrect in other note
5261557,United States,37.3645360,-81.0518370,2026-04-22 00:00:00,2026-04-22 18:52:52,0,Unknown,"My Mistake, I just confirmed using Google Street View that there are two cameras, one here and the other located between First Community Bank and Chili's.",2,0,ICT_maps,can't use that as source
5261576,United States,36.1222617,-95.9583315,2026-04-22 00:00:00,2026-04-22 18:52:06,0,Unknown,Flock camera,2,0,ICT_maps,multiple already mapped here
5261579,United States,30.3693947,-89.0963745,2026-04-22 00:00:00,2026-04-22 18:51:47,0,Unknown,the base has humves,2,0,ICT_maps,ok
3618095,United States,36.0747017,-95.6725931,2023-03-28 00:00:00,2026-04-22 17:22:39,1121,snoozingnewt,The wiki page for New Tulsa says it dissolved in 2001,3,0,greatnameguys2472,Changed it to a hamlet since it seems to be a part of the city of broken arrow
5103244,United States,35.0687231,-97.9051788,2025-12-24 00:00:00,2026-04-22 17:20:03,119,ICT_maps,this course and the one to the south seem to have mis-classified cartpaths,2,0,greatnameguys2472,Resolved
5261372,United States,43.0203685,-87.9698896,2026-04-22 00:00:00,2026-04-22 16:36:12,0,Unknown,1,2,0,I-76,spam
4287236,United States,43.0185041,-87.9834228,2024-06-11 00:00:00,2026-04-22 15:52:29,680,1998alexkane,Is there a new auto mechanic here?,2,0,Unknown,
4311418,United States,35.4684777,-97.5159413,2024-06-28 00:00:00,2026-04-22 15:46:29,663,Unknown,The Great Hall,4,1,Unknown,
4311408,United States,35.4683750,-97.5160217,2024-06-28 00:00:00,2026-04-22 15:46:10,663,Unknown,DryBar,4,1,Unknown,there's no comments
5260448,United States,38.9955190,-94.2923083,2026-04-22 00:00:00,2026-04-22 15:31:09,0,Unknown,@anticyclonic on tt,9,1,Unknown,No this should not be a cafe. ill work on it
4394152,United States,25.7652553,-80.3435093,2024-08-20 00:00:00,2026-04-22 15:10:18,610,Udarian,address missing,2,0,Udarian,added
4959031,United States,44.9567034,-93.1886466,2025-09-12 00:00:00,2026-04-22 14:19:55,222,Agoraphilic,This complex really should be broken up into multiple buildings  via StreetComplete 61.3,8,0,jumbanho,I added a building:part office for the SE portion of the building.  I think it is fine to keep the whole building tagged as industrial.
5191886,United States,44.9644848,-93.1977567,2026-03-05 00:00:00,2026-04-22 14:00:30,48,ArtieFrump,"Unable to answer 'Are these opening hours still correct?' – Kai Shin Clinic (Clinic) – https://osm.org/node/6264952645 via StreetComplete 63.0:  This is not their clinic location, but their admin office. Not sure how to adjust but this location is not open to the public",2,0,jumbanho,Changed to an office amenity and removed opening hours.
5260460,United States,41.9650825,-85.6290695,2026-04-22 00:00:00,2026-04-22 13:51:19,0,Unknown,"There is a new residential complex here. This is Roosevelt CT in Three Rivers, Michigan. One of the house numbers id 1637 Roosevelt Ct. There is a street continuing off Bush Boulevard that curves right into Roosevelt Ct. There is a cul-de-sac at the end of Roosevelt Ct.",2,0,gpserror,"added but cannot locate 1637. anonymous note, closing."
5261188,United States,41.4445000,-85.7607000,2026-04-22 00:00:00,2026-04-22 13:48:35,0,Unknown,North Trace RV Resort,2,0,Unknown,name : North Trace RV Resort
5261119,United States,40.6647093,-73.9947587,2026-04-22 00:00:00,2026-04-22 12:59:09,0,Unknown,My location is new york please fb team you can check again and change my location to newyork,2,0,Hypsometric,OpenStreetMap notes are public. They are for requesting edits to the map.
5185536,United States,35.6369838,-88.0337906,2026-02-28 00:00:00,2026-04-22 12:57:22,53,Stephen@265,"The West Shore 265 West Shore Drive Parsons, TN 38363",7,1,Hypsometric,"A search for that address doesn't give any results from Decatur, TN property records. Marking this resolved. @Stephen@265, comment here to reopen if you need."
5243193,United States,35.6316000,-88.0340900,2026-04-10 00:00:00,2026-04-22 12:55:27,12,Stephen@265,"265 West Shore Drive, Parsons TN",2,0,Hypsometric,Duplicate. Please comment on https://osm.org/note/5185536 if needed.
4387100,United States,39.0554800,-108.5698000,2024-08-17 00:00:00,2026-04-22 11:47:33,613,Unknown,"Name of Business: Grand Junction Dumpster Rental Owner Name: Brett Sullivan Street Address: 3026 Patterson Rd Grand Junction, Colorado 81504 Phone: (970) 892-3289 Business Email: info@grandjunctiondumpsterrental.com Website URL: https://grandjunctiondumpsterrental.com Keywords: garbage container rental, roll off dumpster rentals, dumpster company near me, 40 yard dumpster rental, cheap dumpster rental, 10 yard dumpster rental, Grand Junction dumpster rental, residential dumpster rental, Grand Junction dumpster rentals, dumpster rental service Grand Junction, garbage bin rental, 30 yard dumpster rental, dumpster rental near me, 15 yard dumpster rental, dumpster rentals Grand Junction, construction dumpster rental, dumpsters near me, dumpster service, commercial dumpster rental, small dumpster rental, 20 yard dumpster rental Description: At Grand Junction Dumpster Rental, we are committed to providing top-notch dumpster rental services to the Grand Junction and Mesa County community. Whether you’re cleaning out your home, managing a construction site, or need reliable waste disposal for your business, we have the right dumpster for you. Our range of dumpster sizes, from 10-yard to 40-yard, ensures that you’ll find the perfect fit for your project, no matter the scale. We specialize in residential, commercial, and construction dumpster rentals, offering flexible options that cater to your specific needs. Our roll-off dumpsters are designed for easy delivery and pick-up, making your waste management process as seamless as possible. With transparent pricing and prompt service, you can trust us to provide a hassle-free experience from start to finish. At Grand Junction Dumpster Rental, your satisfaction is our priority. We take pride in being a local company that understands the unique needs of our community. Contact us today at (970) 892-3289, and let us help you find the ideal dumpster solution for your project. We’re here to make waste disposal simple and stress-free.",2,0,ICT_maps,probably not in the middle of the river
4097275,United States,39.0421100,-108.5486600,2024-02-02 00:00:00,2026-04-22 11:47:17,810,Unknown,Business has been closed since owner passed away.,3,0,ICT_maps,no change needed
5260399,United States,39.0577986,-108.4784533,2026-04-21 00:00:00,2026-04-22 11:46:44,1,Tomas09,Anabranch is missing from Colorado River relation,2,0,ICT_maps,added
1917059,United States,44.9706705,-93.2682177,2019-09-08 00:00:00,2026-04-22 11:44:07,2418,Unknown,"onosm.org submitted note from a business: name: Buzz Geek SEO phone: 612-600-3889 website: http://www.buzzgeek.com twitter: undefined hours: 24/7 category: ,Web Design address: Minneapolis, MN, 55402",2,0,ICT_maps,not enough info to map
5251789,United States,44.9498930,-93.2947067,2026-04-15 00:00:00,2026-04-22 11:42:46,7,ianrbuck,Fence with a gate around this parking lot.  via StreetComplete 63.0,2,0,ICT_maps,someone else added
5251784,United States,44.9495435,-93.2943468,2026-04-15 00:00:00,2026-04-22 11:42:24,7,ianrbuck,Gate here.  via StreetComplete 63.0,2,0,ICT_maps,added
5251785,United States,44.9495384,-93.2933167,2026-04-15 00:00:00,2026-04-22 11:42:07,7,ianrbuck,Gate here.  via StreetComplete 63.0,2,0,ICT_maps,looks like someone added it
4667695,United States,44.9410930,-93.2885137,2025-03-16 00:00:00,2026-04-22 11:41:43,402,Strongthany,"'Business closed a few years back' The place has gone or never existed. A user of Organic Maps application has reported that the POI was visible on the map (see snapshot date below), but was not found on the ground. OSM snapshot date: 2025-02-13T05:46:10Z POI name: Belleweather Boutique POI types: shop-clothes  #organicmaps android",5,0,ICT_maps,appears ok now
5246238,United States,44.9485626,-93.2799914,2026-04-12 00:00:00,2026-04-22 11:39:27,10,ianrbuck,In context of overlay 'Places' – KFC (Chicken Fast Food) – https://osm.org/way/171580169 via StreetComplete 63.0:  No cash.,2,0,ICT_maps,added
5260530,United States,33.6310600,-117.9554800,2026-04-22 00:00:00,2026-04-22 11:38:10,0,Unknown,creator-spring,2,0,ICT_maps,unclear anonymous note
5260538,United States,30.2178405,-97.7661441,2026-04-22 00:00:00,2026-04-22 11:37:27,0,Unknown,onosm.org submitted note from a business: Name: CHROMA KNOWS addr:street=South Congress Avenue addr:city=Austin addr:postcode=78704 Website: https://www.chromaknows.com/ Social Network: https://www.instagram.com/chromaknows Opening Hours: Mon-Fri 11am - 7pm Wheelchair accessibility: unknown Category: Arts & Entertainment Description: Music Marketing & Management Accepted payment methods:  takeaway=no,2,0,ICT_maps,no address info
5260576,United States,41.3213100,-73.9773400,2026-04-22 00:00:00,2026-04-22 11:34:37,0,Unknown,Looks like someone recently replaced 'Highway' with 'trail = yes' in the names of this segment. I'm guessing that's not its actual name.,2,0,ICT_maps,adjusted name back
4767042,United States,38.6240125,-90.1839577,2025-05-19 00:00:00,2026-04-22 10:09:58,338,Unknown,Gateway Arch Riverboat Cruises,4,0,Unknown,
5258951,United States,13.4874111,144.7959104,2026-04-21 00:00:00,2026-04-22 09:07:54,1,ogermayncc,'GUAM INTEGRATED CARGO FACILITY' OSM snapshot date: 2026-04-05T19:23:11Z POI has no name POI types: building  #CoMaps ios 2026.04.07-8-ios,2,0,map per,"Thanks, added the name"
4560365,United States,33.7709531,-112.1732449,2024-12-22 00:00:00,2026-04-22 08:08:07,486,mirror176,Signs indicate this is 51st as best as I saw from freeway exit signs+ looking at intersection signs in passing along the freeway. Is road to its east also still known as 51st Ave?,2,0,Unknown,This roadway and interchange are indeed designated as North 51st Avenue. The road to the east is not called 51st Avenue. It was incorporated into the nearby TSMC factory construction zone. There is a new proposed direct roadway connection between 51st Avenue North of Dove Valley Road and 51st Avenue South of Dove Valley Road.
4473541,United States,37.7351270,-122.4187070,2024-10-11 00:00:00,2026-04-22 07:44:59,558,richtechnique16,Zip codes in this area are wrong. In Google Maps this area has 94110.,20,1,Dave Schweisguth,There was also an address in Minnesota with a 94110 postcode. The fix for that is now in Nominatim and OSM puts this area in 94110.
4521520,United States,43.5044900,-88.8073200,2024-11-16 00:00:00,2026-04-22 05:23:04,522,ReturnPrivacy,Floxx cam here,4,1,Anonymous897234,I think you're seeing the one already mapped here: https://www.openstreetmap.org/node/12400772266/history
4595573,United States,35.5147153,-97.4713759,2025-01-20 00:00:00,2026-04-22 04:38:44,457,CurlingMan13,Golf cleanup - Correct cart paths from roads to paths.,4,0,Pontificator Extraordinaire,Fixed in changeset 181653756
4898911,United States,39.2866065,-76.8163399,2025-08-08 00:00:00,2026-04-22 04:30:00,257,Timothy R,sidewalk trace test  via StreetComplete 61.2  GPS Trace: https://www.openstreetmap.org/user/Timothy%20R/traces/12035598,2,0,Nater Kane,
4907708,United States,39.2853079,-76.8204448,2025-08-13 00:00:00,2026-04-22 04:29:51,252,Timothy R,sidewalks ellicott city  via StreetComplete 61.2  GPS Trace: https://www.openstreetmap.org/user/Timothy%20R/traces/12039305,2,0,Nater Kane,
3911390,United States,35.4476394,-97.5114620,2023-09-27 00:00:00,2026-04-22 04:29:31,938,Holly Jacobson,No such thing as 'Compass Park'. This is part of Manuel Perez Park and the park area extends to more than just the circle.,4,0,Pontificator Extraordinaire,"Closed due to inactivity, issue seems to be resolved"
5260342,United States,29.1919520,-81.0543180,2026-04-21 00:00:00,2026-04-22 03:55:46,1,Unknown,Yellow lot now,2,0,Hypsometric,Updated.
5260500,United States,35.5405530,-97.5708783,2026-04-22 00:00:00,2026-04-22 03:54:21,0,Unknown,Home,2,0,Hypsometric,OSM notes are public. They are for requesting edits to the map.
5226726,United States,39.6256872,-106.1220285,2026-03-30 00:00:00,2026-04-22 02:43:07,23,summitaustin,The USFS rerouted the Buffalo Cabin Trail recently in this area. I attempted to delete the old trail and move the trail to the new trail based on some strava heat map data. This likely needs a GPS trace for confirmation. There have been multiple lost SAR calls in this area from this issue since it overlaps with a cellphone dead spot as well.,2,0,summitaustin,
5260413,United States,39.1792874,-94.6213737,2026-04-21 00:00:00,2026-04-22 02:05:27,1,Unknown,"This street name is NW Gower Avenue, NOT North Gower Street.   The houses on NW Gower Avenue are  4601 NW Gower Avenue 4605 NW Gower Avenue 4615 NW Gower Avenue 4701 NW Gower Avenue 4703 NW Gower Avenue  After 4703, the road name changes to NW Cerrito Lane which is properly marked.",2,0,bdentremont,Done.
5225361,United States,29.1703496,-81.0416516,2026-03-29 00:00:00,2026-04-22 01:52:17,24,WatchTheHills,'Kava Bar' OSM snapshot date: 2026-03-07T17:53:41Z POI name: Green Turtle Kava Bar POI types: amenity-bar internet_access-wlan  #CoMaps ios 2026.03.09-18-ios,2,0,ICT_maps,appropriately mapped
5260348,United States,34.3766311,-84.9464607,2026-04-21 00:00:00,2026-04-22 01:49:43,1,Unknown,Flock camera in area,2,0,ICT_maps,https://www.openstreetmap.org/node/12549050105/history
5260453,United States,27.4977261,-82.6781166,2026-04-22 00:00:00,2026-04-22 01:49:01,0,DougPeterson,"Landuse=recreation_ground does not seem appropriate, meaning, 'An open green space for general recreation, which may include pitches, nets and so on, usually municipal but possibly also private to colleges or companies' This may have been an import issue. Possibly a natural= feature would be more appropriate.",5,1,ICT_maps,looks like you already updated it to a nature reserve.
5260457,United States,30.2513845,-97.7651614,2026-04-22 00:00:00,2026-04-22 01:46:31,0,Unknown,Elissa Davidson and Deleon Jarmon e expecting their first child. Elissa missing npw,2,0,ICT_maps,personal note
5259772,United States,36.5625044,-87.3554110,2026-04-21 00:00:00,2026-04-22 01:41:30,1,Unknown,"'this is a gunsmith/machine shop, and is not an option to add to the list.' OSM snapshot date: 2026-04-05T19:23:11Z POI name: Blackside Gunworks POI types: shop-hardware  #CoMaps android 2026.04.07-8-Google",2,0,bdentremont,Changed to craft=gunsmith  https://www.openstreetmap.org/node/13749312701  https://wiki.openstreetmap.org/wiki/Tag:craft%3Dgunsmith
5249740,United States,39.0062546,-94.2569518,2026-04-14 00:00:00,2026-04-22 01:10:30,8,Unknown,The Fort,16,1,LavaFlowsYT,to be honest im just gonna delete a lot of stuff and hand the map stuff to my friend im too tired to deal with this bs lol
5256286,United States,37.5448246,-121.9834569,2026-04-19 00:00:00,2026-04-22 00:39:43,3,Alex W2,There is a taco stand right here.  via StreetComplete 63.0,2,0,Alex W2,Added a node for the vendor at https://www.openstreetmap.org/changeset/181649971
5258760,United States,41.8100953,-87.9873448,2026-04-20 00:00:00,2026-04-21 23:04:33,1,diacriticalhit,"This place does not exist: 'is now AudioNova (likely a technology store)' A CoMaps user reported that the POI was visible on the map (see snapshot date below), but was not found on the ground. OSM snapshot date: 2026-04-05T19:23:11Z POI name: T-Mobile POI types: shop-mobile_phone  #CoMaps android 2026.04.07-8-FDroid",2,0,diacriticalhit,added
5258735,United States,41.8112368,-87.9866072,2026-04-20 00:00:00,2026-04-21 23:04:29,1,diacriticalhit,'Mo-Sa 09:00-20:00' OSM snapshot date: 2026-04-05T19:23:11Z POI name: Hobby Lobby POI types: shop-craft  #CoMaps android 2026.04.07-8-FDroid,2,0,diacriticalhit,added
5254456,United States,44.9845267,-93.0938164,2026-04-17 00:00:00,2026-04-21 22:37:49,4,dnarnaprot,"While this is marked as a bike path by the City of Saint Paul bikeway map, in person it appears to be a pedestrian path with no bike markings between Jackson and 35E. There is a bike lane on Arlington that is correctly marked in OSM. I'm new here so hesitant to make a decision on reclassifying!",2,0,dnarnaprot,Went ahead and updated this based on my own survey.
5260291,United States,42.9819371,-89.5170302,2026-04-21 00:00:00,2026-04-21 21:47:11,0,Unknown,"Wrong street name, Orchid not Orchard  via StreetComplete 63.0  Attached photo(s): https://streetcomplete.app/p/339951.jpg",2,0,hobbesvsboyle,"Thanks, updated!"
5251434,United States,30.3247772,-97.7258339,2026-04-15 00:00:00,2026-04-21 21:43:54,6,Unknown,Building is now named Atlas North Lamar!,2,0,Nicholas Littlejohn,
4725969,United States,30.3055307,-97.7135503,2025-04-24 00:00:00,2026-04-21 21:43:39,362,TheFlexinTexan,"Temporary relocated to Flow Yoga, 4477 S Lamar Blvd #420, Austin, TX 78745  #OsmAnd",2,0,Nicholas Littlejohn,
5012043,United States,30.2860932,-97.6746318,2025-10-18 00:00:00,2026-04-21 21:40:30,185,metafactory,Fort Colorado Historical Marker and Interpretive Signage.,3,0,Nicholas Littlejohn,
5085647,United States,30.2219747,-97.7039769,2025-12-10 00:00:00,2026-04-21 21:39:12,132,ares17,'its renamed to 'Eastside at 2201'' OSM snapshot date: 2025-11-23T18:39:39Z POI name: Trove Eastside POI types: landuse-residential  #organicmaps android 2025.11.26-5-Google,2,0,Nicholas Littlejohn,
5085649,United States,30.2181609,-97.7223058,2025-12-10 00:00:00,2026-04-21 21:38:59,132,ares17,"'This is part of an office complex no retail locations here' The place has gone or never existed. A user of Organic Maps application has reported that the POI was visible on the map (see snapshot date below), but was not found on the ground. OSM snapshot date: 2025-11-23T18:39:39Z POI name: Apple Store POI types: building shop-electronics  #organicmaps android 2025.11.26-5-Google",2,0,Nicholas Littlejohn,
5260345,United States,30.1860783,-97.7390233,2026-04-21 00:00:00,2026-04-21 21:37:42,0,Nicholas Littlejohn,Soccer mini pitch,4,1,Nicholas Littlejohn,Agree
5260343,United States,30.1869170,-97.7395360,2026-04-21 00:00:00,2026-04-21 21:37:26,0,Unknown,Volleyball court,2,0,Nicholas Littlejohn,Agree
5260344,United States,30.1864320,-97.7393410,2026-04-21 00:00:00,2026-04-21 21:37:12,0,Unknown,Basketball court,2,0,Nicholas Littlejohn,
5260277,United States,29.5257803,-98.5669361,2026-04-21 00:00:00,2026-04-21 21:14:09,0,Unknown,'PLEASE CHANGE CATEGORY FROM LAWYER TO RESTAUrant' OSM snapshot date: 2026-04-04T03:36:32Z POI name: Tandoor Palace Indian Buffet POI types: building office-lawyer  #organicmaps ios 2026.04.07-8-ios,2,0,ICT_maps,updated
5259387,United States,37.2392780,-81.2503445,2026-04-21 00:00:00,2026-04-21 21:13:00,0,Unknown,Flock Camera,2,0,ICT_maps,one mapped at https://www.openstreetmap.org/node/13002789421/history
5258759,United States,35.2501183,-120.6877837,2026-04-20 00:00:00,2026-04-21 21:11:05,1,Unknown,2 Flock Cameras located here,7,1,ICT_maps,seeing multiple mapped here including https://www.openstreetmap.org/node/13542309701/history
5260286,United States,28.8774751,-98.4729559,2026-04-21 00:00:00,2026-04-21 21:09:47,0,Unknown,JTD,2,0,ICT_maps,"unclear note, please provide more information if you wish for something to be mapped"
5260306,United States,43.9551510,-88.6786370,2026-04-21 00:00:00,2026-04-21 21:08:47,0,Unknown,VPFIS,2,0,ICT_maps,unclear anonymous note
4875392,United States,41.8774379,-87.6450527,2025-07-25 00:00:00,2026-04-21 19:56:09,270,diacriticalhit,"Are there any remants of the Metropolitan main line (https://www.openstreetmap.org/way/1188454083, Jackknife Bridge and others)?   As far as I can tell, it was an elevated that was completely demolished. If so, it may be more appropriate on OpenHistoricalMap.",5,1,Unknown,
5253250,United States,41.8758900,-87.6202600,2026-04-16 00:00:00,2026-04-21 19:55:19,5,Unknown,78245,4,1,Unknown,No context.
5260055,United States,40.8547971,-73.3553553,2026-04-21 00:00:00,2026-04-21 18:17:29,0,Unknown,How do I get a large area svg map with the house numbers on it?,2,0,ICT_maps,personal note
5260074,United States,41.3553761,-96.1774626,2026-04-21 00:00:00,2026-04-21 18:16:55,0,Unknown,Private Drive - not a through street,2,0,ICT_maps,already tagged private
5260101,United States,21.9520589,-159.3625233,2026-04-21 00:00:00,2026-04-21 18:13:08,0,GarrettK212,Bridge is open now as of 4/20/2026 after approximately 2 years of closure.,2,0,GarrettK212,
5251947,United States,32.8147222,-94.7202909,2026-04-16 00:00:00,2026-04-21 17:26:39,5,Unknown,What is the speed limit right here,2,0,gpserror,Is it incorrect? Can't act upon this note so it shall be closed.
5259978,United States,42.2268371,-71.2256286,2026-04-21 00:00:00,2026-04-21 16:32:37,0,Unknown,Street Label for corner shows Sterling Road but is Hampton Road.,3,0,Unknown,
5057508,United States,40.5638460,-75.4939060,2025-11-17 00:00:00,2026-04-21 16:16:04,155,dmjab13,Percy B. Ruhe Park,3,0,dmjab13,leaving as Percy Ruhe
5259794,United States,42.2007601,-83.2058644,2026-04-21 00:00:00,2026-04-21 15:39:29,0,Nicroz,No house is here but the garage still stands  via StreetComplete 63.0,2,0,I-76,removed house
5259795,United States,42.2004226,-83.2058666,2026-04-21 00:00:00,2026-04-21 15:39:13,0,Nicroz,No house here  via StreetComplete 63.0,2,0,I-76,removed
5113899,United States,47.5846549,-122.2876409,2026-01-01 00:00:00,2026-04-21 15:19:56,110,pwbriggs,https://www.openstreetmap.org/node/1950313966: what is this a plaque for? Remove descriptive name.,2,0,I-76,name has been removed
5259713,United States,40.7204340,-73.9933370,2026-04-21 00:00:00,2026-04-21 15:18:05,0,Unknown,Great venue,2,0,I-76,not mappable info
5258884,United States,38.8673030,-76.9888130,2026-04-20 00:00:00,2026-04-21 15:08:35,1,Unknown,Grounded Coffee Shop 1913 Martin Luther King Jr Ave SE Washington DC 20020,2,0,jhaluska80,Looks like an interesting place.  Did my best to add it with everything it does.
5251891,United States,45.5625496,-122.8568773,2026-04-16 00:00:00,2026-04-21 15:04:54,5,themikegraine,'Bethany Apartments complex' OSM snapshot date: 2026-03-21T17:13:14Z POI has no name POI types: building-address  #CoMaps android 2026.04.07-8-FDroid,2,0,people128256,Already there.
5243187,United States,45.5722733,-122.8561689,2026-04-10 00:00:00,2026-04-21 14:56:28,11,people128256,'Unmapped path going behind houses. Part of “path” is also stairs.' OSM snapshot date: 2026-04-05T19:23:11Z POI name: Abbey Woods POI types: landuse-residential  #CoMaps ios 2026.04.08-1-ios,4,0,people128256,Can't find this on satellite imagery. Perhaps I misjudged part of the grass. Closing.
5239855,United States,41.8757982,-104.7670385,2026-04-08 00:00:00,2026-04-21 14:44:43,13,handgwenade,home property plus 2 outbuildings,3,0,SuperPaul5000,
5259027,United States,42.4294728,-89.0106934,2026-04-21 00:00:00,2026-04-21 12:56:33,0,Mateusz Konieczny,https://www.openstreetmap.org/node/4731508121/history - amenity=bank combined with cuisine= is quite suspicious. What is going on here?,2,0,Hypsometric,"If you look at the history, you can see it was a restaurant. Someone forgot to remove one of the tags."
5259511,United States,35.4822369,-78.2378904,2026-04-21 00:00:00,2026-04-21 12:52:47,0,Amn Snuffy,"'stop sign exiting from country and there is no way to take a left, its one way. the u turn is 200 ft to the left from the exit' OSM snapshot date: 2026-04-04T03:36:32Z POI has no name POI types: hwtag-oneway highway-trunk  #organicmaps android 2026.04.07-12-Google",2,0,Hypsometric,Thanks for the note. I added turn lanes and a link between the two trunk roads. It won't much different because most of the changes are on the tags. Routing will pick it up though.
5259567,United States,41.7506167,-111.8347991,2026-04-21 00:00:00,2026-04-21 12:51:08,0,Xvtn,First Watch (american straunt)  #OsmAnd,2,0,Xvtn,Added
5259565,United States,41.7548139,-111.8352123,2026-04-21 00:00:00,2026-04-21 12:34:49,0,Xvtn,Wing Stop  #OsmAnd,2,0,Xvtn,Added
5259566,United States,41.7547467,-111.8352023,2026-04-21 00:00:00,2026-04-21 12:34:30,0,Xvtn,Papa John's  #OsmAnd,2,0,Xvtn,Added
5259564,United States,41.7523354,-111.8025356,2026-04-21 00:00:00,2026-04-21 12:33:20,0,Xvtn,"Northeast Recreation Field, operator Utah State University.  #OsmAnd",2,0,Xvtn,Added
5258281,United States,41.5196710,-90.4335489,2026-04-20 00:00:00,2026-04-21 11:12:43,1,FreWFire,'John Deere Information Systems' OSM snapshot date: 2026-03-10T00:09:11Z POI has no name POI types: building-address  #organicmaps android 2026.04.07-12-Google,2,0,MikeN,Added to OSM data
2258066,United States,39.2101900,-82.7332300,2020-07-08 00:00:00,2026-04-21 10:42:55,2113,Drew T,This should be the location of Chief Logan Reservation when it is tagged on Facebook. Currently the map on Facebook is showing it 90 miles north in Columbus,3,0,cuzi,"no reply, closing note"
4549367,United States,35.8058934,-105.7898855,2024-12-10 00:00:00,2026-04-21 10:04:02,497,RussellB31,These three trails between Raven's Ridge and the Windsor do not exist as foot paths. This area is only used for backcountry skiing. Deleting these trails is recommended.,2,0,Kovirii,It is done. Thanks Russell.
3917190,United States,44.9078954,-89.5899278,2023-10-01 00:00:00,2026-04-21 04:59:05,933,Unknown,Electrify America DC Fast charging 350 CcS,3,0,Ghosty76,
2186135,United States,40.3568938,-85.6474489,2020-05-09 00:00:00,2026-04-21 03:52:14,2173,Unknown,"one story brick ranch-style house sitting on the corner of 150E and 1750N, the address is 17435 North 150 East Summitville Indiana 46070",2,0,CurlingMan13,added
5096265,United States,40.0947382,-85.6903240,2025-12-18 00:00:00,2026-04-21 03:50:27,124,Unknown,This is actually facing to the southwest not northeast,2,0,CurlingMan13,ok.  you could just create an account and update it directly
5096272,United States,40.1080190,-85.6920060,2025-12-18 00:00:00,2026-04-21 03:49:57,124,Unknown,Flock pointing south,2,0,CurlingMan13,added surveillance camera
5096278,United States,40.0924880,-85.7013130,2025-12-18 00:00:00,2026-04-21 03:45:31,124,Unknown,Flock pointing south,2,0,CurlingMan13,added
4653805,United States,40.0877532,-85.7398847,2025-03-06 00:00:00,2026-04-21 03:44:57,411,Unknown,The Center by Combat Ministries,2,0,CurlingMan13,added
4653804,United States,40.0877077,-85.7403941,2025-03-06 00:00:00,2026-04-21 03:44:25,411,Unknown,Freedom Martial Arts,2,0,CurlingMan13,added
3927670,United States,40.0178210,-85.7434738,2023-10-06 00:00:00,2026-04-21 03:42:18,928,Unknown,Road name is Waterford Ct. Can be found on Google Maps and WAZE.,2,0,CurlingMan13,added
3927669,United States,40.0179442,-85.7437930,2023-10-06 00:00:00,2026-04-21 03:42:14,928,Unknown,"New housing addition. Address is 158 Waterford Ct. Pendleton, IN 46064. This can be verified on Google Maps and WAZE.",2,0,CurlingMan13,added
3903280,United States,40.0229049,-85.8407077,2023-09-22 00:00:00,2026-04-21 03:40:13,942,Luke46060,"The three power poles in this corner should be steel,wood,steel.  via StreetComplete 54.0",2,0,CurlingMan13,unclear which features this note pertains to.  user has been inactive for a while.
5256329,United States,40.0448900,-86.0141300,2026-04-19 00:00:00,2026-04-21 03:35:51,2,Unknown,Apartments and public garage parking,2,0,CurlingMan13,added
5256337,United States,40.0473250,-86.0181800,2026-04-19 00:00:00,2026-04-21 03:35:18,2,Unknown,No longer a bank - Now the 'Green Room at Federal Hills Commons',2,0,CurlingMan13,updated
5258893,United States,46.3716002,-109.2658507,2026-04-20 00:00:00,2026-04-21 03:31:49,1,Molandfreak,The road may have been realigned here.,2,0,Hypsometric,Thanks for the note. Updated.
3146735,United States,40.0429349,-86.1275280,2022-04-21 00:00:00,2026-04-21 03:30:25,1461,Unknown,"onosm.org submitted note from a business: name: Atomic Tattoo Studio phone: (317) 763-9774 website: http://www.atomictattoostudio.com twitter:  facebook: https://www.facebook.com/atomictattoos email: booking@atomictattoostudio.com hours: Wednesday-Saturday, Noon-10pm category: Tattoo Parlors address: 104 North Union Street westfield indiana 46074",2,0,CurlingMan13,added
5256327,United States,40.0400860,-86.1332340,2026-04-19 00:00:00,2026-04-21 03:27:29,2,Unknown,Westfield Washington Library,2,0,CurlingMan13,added
5258947,United States,47.5787800,-122.3865530,2026-04-21 00:00:00,2026-04-21 03:17:45,0,Unknown,Hiawatha Park stop,2,0,Unknown,
4497015,United States,40.8618436,-73.8938064,2024-10-27 00:00:00,2026-04-21 03:17:34,541,hdevine825,Raised crosswalk here  via StreetComplete 59.2,2,0,CurlingMan13,updated
4441087,United States,40.8780437,-73.8329235,2024-09-18 00:00:00,2026-04-21 03:17:04,580,Unknown,The Garvey School,2,0,CurlingMan13,web search indicates it is no longer located here
5258642,United States,46.7299015,-95.7001871,2026-04-20 00:00:00,2026-04-21 03:16:18,1,Unknown,CornerStone,4,0,HoubkneghteS,Moved poi
5258644,United States,46.7346127,-95.7072142,2026-04-20 00:00:00,2026-04-21 03:16:17,1,Unknown,United Methodist Church of Frazee,4,0,HoubkneghteS,Moved PoI to new location
5258932,United States,42.3932692,-71.0812655,2026-04-21 00:00:00,2026-04-21 03:15:03,0,JesseFTW,This parking aisle is misaligned.  via StreetComplete 63.0,2,0,Hypsometric,Fixed.
5251834,United States,39.3717303,-76.4634187,2026-04-15 00:00:00,2026-04-21 03:12:50,6,mothdotmonster,Unable to answer 'This shop has been vacant. What’s here now?' – T-Mobile – https://osm.org/node/3029996033 via StreetComplete 63.0:  I believe this is a duplicate entry? Makers of Maryland is in this spot.,2,0,Hypsometric,The redundant node has been merged with the original node. Thanks for the note.
5258055,United States,40.8682992,-73.8420033,2026-04-20 00:00:00,2026-04-21 03:09:15,1,Unknown,Red Light Camera,2,0,CurlingMan13,not an intersection here
2233228,United States,40.8693862,-73.8584164,2020-06-18 00:00:00,2026-04-21 03:06:38,2133,Unknown,"onosm.org submitted note from a business: name: MStop Auto Body & Repair phone: 347-533-8991 website:  twitter: undefined hours: Monday-Sunday 9AM to 9PM category: Auto Repair,Automotive Shops,Automotive,Body Shops address: 2970 Paulding Ave, The Bronx, NY 10469",2,0,CurlingMan13,added
5059014,United States,40.5929162,-74.1338271,2025-11-19 00:00:00,2026-04-21 03:05:08,153,GlobalSpoke,Roadway is not open to the public.,8,1,Hypsometric,"Thanks for the note, GlobalSpoke."
5258042,United States,40.8761175,-73.8625698,2026-04-20 00:00:00,2026-04-21 03:03:08,1,Unknown,Speeding Camera,2,0,CurlingMan13,added
5258044,United States,40.8753884,-73.8601344,2026-04-20 00:00:00,2026-04-21 03:02:50,1,Unknown,Speeding Camera,2,0,CurlingMan13,Traffic camera already mapped
5258941,United States,34.4769420,-117.3707040,2026-04-21 00:00:00,2026-04-21 02:58:09,0,Unknown,Map doesn’t show the house that’s on this tract,2,0,CurlingMan13,ADDED
5257675,United States,37.4245816,-122.1443530,2026-04-19 00:00:00,2026-04-21 02:43:47,2,Unknown,Can anyone find out what is in this building? I think it has been updated to be Starbird Chicken. It's not reflected in the map though.,2,0,gpserror,added starbird.  No more information in this note so closing.
5258920,United States,44.0533697,-122.9943534,2026-04-21 00:00:00,2026-04-21 02:35:36,0,Adam850,Add RRFB across 21st,3,0,Adam850,Done
5249309,United States,34.3745116,-89.5167001,2026-04-14 00:00:00,2026-04-21 00:54:08,7,ducky_crusher,"This place does not exist: 'This Place is now where the Chicory Market is (local grocery store) ' A CoMaps user reported that the POI was visible on the map (see snapshot date below), but was not found on the ground. OSM snapshot date: 2026-04-05T19:23:11Z POI name: Track 61 POI types: amenity-restaurant  #CoMaps android 2026.04.07-8-FDroid",2,0,Unknown,
5249310,United States,34.3742925,-89.5167404,2026-04-14 00:00:00,2026-04-21 00:53:56,7,ducky_crusher,"This place does not exist: 'Oxford RX resides here now (local pharmacy) ' A CoMaps user reported that the POI was visible on the map (see snapshot date below), but was not found on the ground. OSM snapshot date: 2026-04-05T19:23:11Z POI name: Sears POI types: shop-department_store  #CoMaps android 2026.04.07-8-FDroid",2,0,Unknown,
5123383,United States,38.3540110,-81.6383877,2026-01-09 00:00:00,2026-04-20 23:58:41,101,Unknown,All wrong. Most of the stores have closed,2,0,Unknown,
5258907,United States,34.0849918,-83.8501185,2026-04-20 00:00:00,2026-04-20 23:54:14,0,Unknown,flock camera here,2,0,Unknown,
5258840,United States,44.9526273,-93.2768982,2026-04-20 00:00:00,2026-04-20 23:35:09,0,ianrbuck,"In context of overlay 'Buildings' – house number 2730: Building – https://osm.org/way/135350593 via StreetComplete 63.0:  This does not exist, probably removed during the apartment building construction.",2,0,ianrbuck,Removed.
5258844,United States,44.9539674,-93.2763515,2026-04-20 00:00:00,2026-04-20 23:33:46,0,ianrbuck,"In context of overlay 'Buildings' – First Av. Professional Building (Office (Unspecified Type)) – https://osm.org/way/119006334 via StreetComplete 63.0:  No longer exists, replaced when a larger apartment building called Blaise was built on the corner. Address 2645 1st Ave.",2,0,ianrbuck,Replaced.
4978021,United States,45.7965800,-122.5328460,2025-09-24 00:00:00,2026-04-20 23:25:27,208,Unknown,"2109 Ne 4th Ave, battleground Wa",3,0,tguen,
5241573,United States,32.7081195,-117.1653378,2026-04-08 00:00:00,2026-04-20 23:23:12,12,Unknown,Agave Bar & Grille,2,0,Mora3000,thank you; updated
5249062,United States,41.0896449,-112.0425230,2026-04-13 00:00:00,2026-04-20 23:11:14,7,Draconic Herm System,Valvoline Instant Oil Change  #CoMaps android 2026.04.07-8,2,0,Mora3000,Thank you; updated
5258843,United States,44.9541926,-93.2763344,2026-04-20 00:00:00,2026-04-20 23:01:51,0,ianrbuck,"In context of overlay 'Buildings' – house number 2637: Detached House – https://osm.org/way/479050761 via StreetComplete 63.0:  No longer exists, replaced when a larger apartment building was built on the corner.",2,0,ianrbuck,Removed.
5232779,United States,45.5990580,-122.5043380,2026-04-04 00:00:00,2026-04-20 23:00:30,16,Electronic-MAYHEM,F45 Training is right about here,2,0,tguen,
5240780,United States,47.6724780,-117.4366669,2026-04-08 00:00:00,2026-04-20 22:55:22,12,quylaa,'https://www.spokesman.com/stories/2026/apr/07/popular-sandos-drive-through-reopens-under-new-own/' OSM snapshot date: 2026-02-16T20:35:12Z POI name: Sando's POI types: building cuisine-breakfast amenity-cafe cuisine-coffee_shop cuisine-sandwich  #organicmaps android 2026.03.12-2-Google,2,0,Mora3000,Sando's info updated by note writter. No further updates appear necessary. Closing note.
5257780,United States,45.5273394,-122.6848488,2026-04-20 00:00:00,2026-04-20 22:53:39,0,Unknown,"'Closed' The place has gone or never existed. A user of Organic Maps application has reported that the POI was visible on the map (see snapshot date below), but was not found on the ground. OSM snapshot date: 2026-03-10T00:09:11Z POI name: Mio Sushi POI types: amenity-restaurant cuisine-sushi  #organicmaps android 2026.04.07-8-FDroid",2,0,tguen,
5241815,United States,47.7482255,-117.4022381,2026-04-09 00:00:00,2026-04-20 22:44:42,11,JJNova,"'Permanently Closes' The place has gone or never existed. A user of Organic Maps application has reported that the POI was visible on the map (see snapshot date below), but was not found on the ground. OSM snapshot date: 2026-03-10T00:09:11Z POI name: Azteca Mexican Restaurant POI types: cuisine-mexican amenity-restaurant  #organicmaps android 2026.03.12-2-FDroid",2,0,Mora3000,Thank you; updated
4699597,United States,39.7723298,-86.4358530,2025-04-07 00:00:00,2026-04-20 22:18:08,378,!uk3,"There is a new subdivision called Easton Grey as of late 2024, which includes a roundabout along County Road 75 North.",3,0,!uk3,
5211572,United States,44.5612938,-123.2759740,2026-03-19 00:00:00,2026-04-20 21:56:23,32,jmarchon,Construction  via StreetComplete 63.0  Attached photo(s): https://streetcomplete.app/p/332757.jpg https://streetcomplete.app/p/332758.jpg https://streetcomplete.app/p/332759.jpg,2,0,jmarchon,
5094088,United States,43.5410495,-96.6412345,2025-12-16 00:00:00,2026-04-20 21:51:43,125,Kim WSd,Two lanes fully open to traffic,2,0,!uk3,
5094087,United States,43.5411700,-96.6410691,2025-12-16 00:00:00,2026-04-20 21:51:39,125,Kim WSd,Two lanes fully open to traffic,2,0,!uk3,
5094084,United States,43.5437474,-96.6488171,2025-12-16 00:00:00,2026-04-20 21:51:35,125,Kim WSd,Road is open for traffic,2,0,!uk3,
5094082,United States,43.5436023,-96.6493464,2025-12-16 00:00:00,2026-04-20 21:51:30,125,Kim WSd,Road is open for traffic,2,0,!uk3,
5094085,United States,43.5436865,-96.6520500,2025-12-16 00:00:00,2026-04-20 21:51:20,125,Kim WSd,Road is open for traffic,2,0,!uk3,
4984839,United States,45.5048714,-123.8810846,2025-09-29 00:00:00,2026-04-20 20:54:14,203,Nancy Devine,Amenity described as 'ramp' with name ''.  #EveryDoor,4,0,Nancy Devine,
5189353,United States,32.5993087,-85.4854041,2026-03-03 00:00:00,2026-04-20 20:28:44,48,DunDan8,No stairs at this location  via StreetComplete_ee 61.1  Attached photo(s): https://streetcomplete.app/p/330006.jpg,2,0,DunDan8,
5005262,United States,33.8660928,-117.8203440,2025-10-14 00:00:00,2026-04-20 20:26:41,188,Unknown,"This is a new-build home at 1951 Avenida del Sol, Placentia, CA 92870 in the Landsea “Hudson” community. The street Avenida del Sol is missing from the map and should connect off Veterans Way.  Correct coordinates: 33.86623° N, 117.82052° W. Both Apple Maps and Google Maps show this new street and address correctly. Please add Avenida del Sol and update the location accordingly.",3,0,bye12,"Added Buildings, Streets, and full addresses  https://www.openstreetmap.org/changeset/181600406"
5129773,United States,33.7752199,-117.8693309,2026-01-15 00:00:00,2026-04-20 19:52:11,95,Gunnar Foss,Nordstrom and parking lot here has already been demolished,2,0,bye12,Confirmed updated map using onsite video.
4510235,United States,33.7988442,-117.8912938,2024-11-07 00:00:00,2026-04-20 19:36:38,529,Mxdanger,"The building traces of the apartments in this area are atrociously bad.  Edge, Rise, Revo",2,0,bye12,Looks like they were fixed on Changeset 169297785  https://www.openstreetmap.org/changeset/169297785#map=18/33.798452/-117.892630
5258691,United States,40.0174100,-105.2917000,2026-04-20 00:00:00,2026-04-20 18:42:24,0,Unknown,"40.01736, -105.29168",2,0,I-76,Not proper use of notes
5257584,United States,33.4551095,-84.1657609,2026-04-19 00:00:00,2026-04-20 18:06:54,1,Unknown,"The pin for 214 Jonesboro Rd., McDonough, GA 30253 appears to be slightly misplaced.  When navigating to this address, it may direct users to the wrong spot within the property.  The correct location for the building entrance is closer to 33.455104, -84.165729.  Adjusting the pin to this location should improve navigation accuracy.",7,0,Unknown,"I believe the shopping center (McDonough West Plaza) is addressed on Jonesboro Rd, even though my unit is located on the side of the building closer to McDonough Pkwy.  I checked the updated pin, and it is now placed correctly.  Thank you for the quick response and for taking the time to fix this; I really appreciate it."
5100232,United States,43.8267450,-111.7820050,2025-12-21 00:00:00,2026-04-20 18:03:45,120,crazycolbster,Unclear from imagery if this crossing goes all the way to the other sidewalk or if it's cut off by the garbage cans. Needs to be checked on the ground.,3,0,crazycolbster,
5257804,United States,37.8988490,-122.0543810,2026-04-20 00:00:00,2026-04-20 17:54:00,0,Unknown,This street is Stoneyridge Lane.,2,0,ICT_maps,updated
5257803,United States,37.8982380,-122.0548850,2026-04-20 00:00:00,2026-04-20 17:53:04,0,Unknown,This is the exit to a one way (Stoneyridge Ln),2,0,ICT_maps,updated
4782741,United States,39.7524634,-84.1665694,2025-05-31 00:00:00,2026-04-20 17:50:56,324,lattrommi,Unable to answer 'What’s the surface here?' – Foot Path – https://osm.org/way/736321966 via StreetComplete 61.0:  Path does not exist.,2,0,ICT_maps,removed
5234223,United States,39.7609777,-84.1586268,2026-04-04 00:00:00,2026-04-20 17:50:22,16,Mateusz Konieczny,"crossing:markings=ladderS was used here, see https://www.openstreetmap.org/way/1486228299/history  Maybe crossing:markings=ladder was intended here?  I am pretty sure that it is a typo, but not sure enough to just replace it (I edited some objects where situation seemed more clear to me).  Or maybe this value was used deliberately? In such case, what was the intended meaning?  If you know it is a mistake - can you fix it?",2,0,ICT_maps,"yes, it's pretty clear on imagery."
5257779,United States,39.7661105,-84.1524893,2026-04-20 00:00:00,2026-04-20 17:44:07,0,lattrommi,Unable to answer 'What street is this on?' – house number 2921: House – https://osm.org/way/778661259 via StreetComplete 63.0:  Empty lot,2,0,ICT_maps,see an empty one next door instead...
5257766,United States,48.4401600,-121.0311600,2026-04-20 00:00:00,2026-04-20 17:41:50,0,Unknown,This is not called the South Glacier.   It is called the S Glacier because it looks like an S when viewed from across the valley.   Here are a few sources:   https://en.wikipedia.org/wiki/S_Glacier  https://en.wikipedia.org/wiki/Hurry-up_Peak  Also see Fred Beckey's Cascade Alpine Guide Volumne 2: Stevens Pass to Rainy Pass. Pages 267-268  Also reference USGS and USFS maps.  Thank you.,2,0,ICT_maps,added wikipedia and wikidata tags
5257927,United States,45.2994755,-68.2481284,2026-04-20 00:00:00,2026-04-20 17:39:07,0,Mateusz Konieczny,"resource=gravel;2 was used here, see https://www.openstreetmap.org/way/1075172111/history  Maybe resource=gravel was intended here?  I am pretty sure that it is a typo, but not sure enough to just replace it (I edited some objects where situation seemed more clear to me).  Or maybe this value was used deliberately? In such case, what was the intended meaning?  If you know it is a mistake - can you fix it?",2,0,ICT_maps,has been updated
5257928,United States,45.2632296,-68.0415755,2026-04-20 00:00:00,2026-04-20 17:38:49,0,Mateusz Konieczny,"resource=gravel;2 was used here, see https://www.openstreetmap.org/way/1077498521/history  Maybe resource=gravel was intended here?  I am pretty sure that it is a typo, but not sure enough to just replace it (I edited some objects where situation seemed more clear to me).  Or maybe this value was used deliberately? In such case, what was the intended meaning?  If you know it is a mistake - can you fix it?",2,0,ICT_maps,has been updated
5257937,United States,45.2689834,-67.6960283,2026-04-20 00:00:00,2026-04-20 17:38:38,0,Mateusz Konieczny,"resource=gravel;2 was used here, see https://www.openstreetmap.org/way/1068951874/history  Maybe resource=gravel was intended here?  I am pretty sure that it is a typo, but not sure enough to just replace it (I edited some objects where situation seemed more clear to me).  Or maybe this value was used deliberately? In such case, what was the intended meaning?  If you know it is a mistake - can you fix it?",2,0,ICT_maps,has been updated
5257940,United States,45.4374978,-67.9069718,2026-04-20 00:00:00,2026-04-20 17:37:58,0,Mateusz Konieczny,"resource=gravel;2 was used here, see https://www.openstreetmap.org/way/1066672168/history  Maybe resource=gravel was intended here?  I am pretty sure that it is a typo, but not sure enough to just replace it (I edited some objects where situation seemed more clear to me).  Or maybe this value was used deliberately? In such case, what was the intended meaning?  If you know it is a mistake - can you fix it?",2,0,ICT_maps,silently updated by someone else
5258441,United States,42.3580566,-71.5114533,2026-04-20 00:00:00,2026-04-20 17:33:55,0,Lion_el,'Mormon Church' OSM snapshot date: 2026-03-10T00:09:11Z POI has no name POI types: building  #organicmaps ios 2026.03.11-12-ios,2,0,ICT_maps,updated
5258624,United States,47.1445472,-119.9627638,2026-04-20 00:00:00,2026-04-20 17:31:56,0,Unknown,mystery trail,2,0,ICT_maps,unclear anonymous note
4085031,United States,42.5021322,-70.8963142,2024-01-24 00:00:00,2026-04-20 17:31:04,817,Unknown,"'closed 2021' The place has gone or never existed. A user of Organic Maps application has reported that the POI was visible on the map (see snapshot date below), but was not found on the ground. OSM snapshot date: 2023-08-14T02:00:17Z POI name: Bertini's POI types: building cuisine-italian amenity-restaurant  #organicmaps ios",2,0,ICT_maps,nothing mapped here now
5258529,United States,42.5094382,-70.8993888,2026-04-20 00:00:00,2026-04-20 17:30:45,0,Unknown,DAS7,2,0,ICT_maps,unclear anonymous note
5258525,United States,34.3998656,-118.9132664,2026-04-20 00:00:00,2026-04-20 16:22:49,0,Unknown,"The Fillmore Town Theatre is not spelled with an 'e' on the end of 'Town'. Also, the Fillmore Town Theatre is open, showcasing movies, concerts, community theatre and more. While it is indeed available for rental, your note says that it is rental only. Which is not true. Here's our website: www.fillmoretowntheatre.org Thank you for all you do!",2,0,weblogdryads,fixed
4025558,United States,39.4982044,-76.3254869,2023-12-12 00:00:00,2026-04-20 16:13:11,860,m86,"sign indicates future home of...  Wagner & Associates, CPA 1-800-769-1886",4,0,m86,added
5225309,United States,32.5987758,-85.4799291,2026-03-29 00:00:00,2026-04-20 15:00:31,22,DunDan8,update crosswalks on newer imagery,2,0,DunDan8,
5258408,United States,41.9718928,-87.8966576,2026-04-20 00:00:00,2026-04-20 14:53:48,0,ne17sg,LL ends here  #OsmAnd,4,1,Hypsometric,"Thanks for taking a look at the airport. Yes, looks like this one is good. No edits needed."
5256010,United States,35.8480250,-78.7244510,2026-04-18 00:00:00,2026-04-20 14:50:28,2,Unknown,"This bridge is out, expected repair end of 2026 beginning of 2027. Likely will take longer.",2,0,jhaluska80,Updated.
5229204,United States,41.9782353,-87.9054100,2026-04-01 00:00:00,2026-04-20 14:42:57,19,moisttoast,'Arrivals/Departures' OSM snapshot date: 2026-03-21T17:13:14Z POI name: O'Hare International Airport POI types: internet_access-wlan aeroway-aerodrome-international  #CoMaps android 2026.03.23-5-Google,2,0,Hypsometric,No update needed.
4915054,United States,41.9513160,-87.8919450,2025-08-17 00:00:00,2026-04-20 14:42:18,246,aproposofouroboros,"Buildings torn down, new imagery not yet available to trace new industrial building",2,0,Hypsometric,Updated.
5258417,United States,41.9754450,-87.9290389,2026-04-20 00:00:00,2026-04-20 14:37:17,0,ne17sg,A1  #OsmAnd,2,0,Hypsometric,Already mapped.
5258415,United States,41.9770487,-87.9292228,2026-04-20 00:00:00,2026-04-20 14:37:05,0,ne17sg,J1  #OsmAnd,2,0,Hypsometric,Already mapped.
5258413,United States,41.9779342,-87.9316910,2026-04-20 00:00:00,2026-04-20 14:36:40,0,ne17sg,Z  #OsmAnd,2,0,Hypsometric,Already mapped.
5258418,United States,41.3291288,-75.7320827,2026-04-20 00:00:00,2026-04-20 14:35:58,0,ne17sg,taxiway B1  #OsmAnd,2,0,ne17sg,added
5258411,United States,41.9733207,-87.8940289,2026-04-20 00:00:00,2026-04-20 14:35:35,0,ne17sg,V1  #OsmAnd,2,0,Hypsometric,Already mapped.
5258419,United States,41.3319834,-75.7304809,2026-04-20 00:00:00,2026-04-20 14:35:14,0,ne17sg,taxiway B continues straight  #OsmAnd,2,0,ne17sg,added
5258402,United States,41.9724584,-87.8971532,2026-04-20 00:00:00,2026-04-20 14:34:29,0,ne17sg,A12  #OsmAnd,2,0,Hypsometric,Already mapped.
5258410,United States,41.9724640,-87.8971778,2026-04-20 00:00:00,2026-04-20 14:34:22,0,ne17sg,A12  #OsmAnd,2,0,Hypsometric,"Duplicate. Also, already mapped."
5258401,United States,41.9718006,-87.8987898,2026-04-20 00:00:00,2026-04-20 14:33:29,0,ne17sg,A11  #OsmAnd,2,0,Hypsometric,Already mapped.
5258403,United States,41.9748598,-87.8948087,2026-04-20 00:00:00,2026-04-20 14:33:07,0,ne17sg,A14  #OsmAnd,2,0,Hypsometric,Already mapped.
5258412,United States,41.9793268,-87.8938168,2026-04-20 00:00:00,2026-04-20 14:32:45,0,ne17sg,tunnel  #OsmAnd,4,1,Hypsometric,"Already mapped. It is a bridge. You may want to try updating the map you are using or changing the settings in OsmAnd to display aeroway features. Thanks for the notes. Unfortunately, all of your notes refer to features that have long been mapped."
5258420,United States,41.3348565,-75.7284907,2026-04-20 00:00:00,2026-04-20 14:32:28,0,ne17sg,A2  #OsmAnd,2,0,ne17sg,added
5258421,United States,41.3369762,-75.7267221,2026-04-20 00:00:00,2026-04-20 14:32:09,0,ne17sg,C  #OsmAnd,2,0,ne17sg,added name
5258404,United States,41.9776624,-87.8947774,2026-04-20 00:00:00,2026-04-20 14:30:23,0,ne17sg,A16  #OsmAnd,2,0,Hypsometric,Already mapped.
5258407,United States,42.5543572,-94.1833956,2026-04-20 00:00:00,2026-04-20 14:29:34,0,ne17sg,A  #OsmAnd,2,0,Hypsometric,Already mapped.
5258405,United States,42.5472327,-94.2053297,2026-04-20 00:00:00,2026-04-20 14:29:20,0,ne17sg,B  #OsmAnd,2,0,Hypsometric,Already mapped.
5258406,United States,42.5512190,-94.1919598,2026-04-20 00:00:00,2026-04-20 14:28:56,0,ne17sg,B  #OsmAnd,2,0,Hypsometric,Already mapped.
5253094,United States,41.1020741,-95.9614885,2026-04-16 00:00:00,2026-04-20 14:28:08,4,greatnameguys2472,"Landuse very messed up here, needs fixing",6,0,greatnameguys2472,"I think it looks a lot better now imo, I just made some small tweaks and added the wood to a multipolygon. Im gonna go ahead and resolve, but feel free to reope"
5258263,United States,40.9715660,-80.1818790,2026-04-20 00:00:00,2026-04-20 14:11:32,0,OttoGaines,bridge is closed and soes not appear planned to be fixed,2,0,Hypsometric,I have reconnected the way and fixed the tags.
5258306,United States,35.1522141,-79.0253234,2026-04-20 00:00:00,2026-04-20 13:14:44,0,Unknown,my barraks,2,0,Hypsometric,OSM notes are for requesting edits to the map. They are public to the entire world.
5258308,United States,35.1491438,-79.0279520,2026-04-20 00:00:00,2026-04-20 13:14:09,0,Unknown,g.co,2,0,Hypsometric,"If you are requesting an edit to the map, please comment here with more context to reopen the note."
5255980,United States,40.0043966,-75.2000094,2026-04-18 00:00:00,2026-04-20 13:02:24,2,chesement,"'Should be added to osm, notable point of interest' OSM snapshot date: 2026-03-21T17:13:14Z POI name: Stone Spiral Arch Bridge POI types: historic-monument  #CoMaps android 2026.04.07-8-Google",2,0,pkoby,"Added the bridge area as a bridge, and tagged it with `historic=bridge`. It's not a `historic=monument` because it's not monumental in size nor a memorial, so removed that point."
5251831,United States,41.0833600,-76.1438600,2026-04-15 00:00:00,2026-04-20 12:46:49,5,Unknown,"This is now an AWS data center, no longer owned by cumulus.",2,0,jhaluska80,Updated.
5257708,United States,42.9986960,-89.5642430,2026-04-19 00:00:00,2026-04-20 11:35:19,1,Unknown,This goes into a parking garage,2,0,hobbesvsboyle,already tagged that way
2347253,United States,42.9234976,-74.6268010,2020-09-13 00:00:00,2026-04-20 09:44:45,2045,JessAk71,"two airport pois are here but probably only one is, suggest checking which one is still here and removing the other to get rid of duplicates...",8,0,dannmer,It's been removed
3454259,United States,35.4755241,-105.9429842,2022-11-24 00:00:00,2026-04-20 06:59:57,1243,Kovirii,Alignment,3,0,Kovirii,
5257696,United States,33.0221360,-97.2543518,2026-04-19 00:00:00,2026-04-20 05:50:10,1,Leaden,Service road here open as of a few months ago. There is construction nearby but this is complete.  via StreetComplete 63.0,2,0,Leaden,
5223822,United States,34.0603917,-118.2386930,2026-03-29 00:00:00,2026-04-20 04:18:42,22,Osmuser2737,"'Permanently closed' The place has gone or never existed. A user of Organic Maps application has reported that the POI was visible on the map (see snapshot date below), but was not found on the ground. OSM snapshot date: 2025-02-27T10:33:49Z POI name: Velveteria: The Museum of Velvet Art POI types: tourism-museum  #organicmaps android",5,1,Hypsometric,Updated.
5257732,United States,38.9791040,-77.1890510,2026-04-20 00:00:00,2026-04-20 04:04:40,0,Unknown,"please change this community from eagle ridge to the palisadses, IT LITTARY HAS A SIGN SAYING 'THE PALISADES'",2,0,Hypsometric,Thanks for the edit. Don't forget to close notes once they are resolved.
5257484,United States,45.3211261,-92.9743874,2026-04-19 00:00:00,2026-04-20 02:30:34,1,AiméeBee,"There is a new road here connecting Goodwin Lane and Goodview Avenue. Aerial Imagery has not yet updated with this data - April 19, 2026",2,0,AiméeBee,
2864745,United States,31.5785797,-89.2508111,2021-09-22 00:00:00,2026-04-20 02:17:36,1671,MoiraPrime,Is this road a named road? Appears to be paved. Nothing on TIGER. Survey possibly needed. For now I'm gonna assume it's a shared driveway.,2,0,Hypsometric,It is an unnamed driveway.
5257646,United States,38.9941057,-94.4837952,2026-04-19 00:00:00,2026-04-20 01:58:21,1,Unknown,Flock camera in Aldi parking lot at Gregory and 350.,2,0,ICT_maps,misplaced note
5257619,United States,33.5775700,-99.1398900,2026-04-19 00:00:00,2026-04-20 01:57:05,1,Unknown,Hi Elijah l miss you Elijah  good Luck Elijah is leaving may,2,0,ICT_maps,personal note
5257489,United States,25.7913255,-80.1363192,2026-04-19 00:00:00,2026-04-20 01:55:31,1,NikoNomas,"'Instead of being categorized as a 'market' (which was the closest option available) this would be better categorized as an 'eatery' or also known as a 'food hall' !  Also, the place has WiFi internet, which was not an available additional option for the 'market' category, although it should be, since some markets these days offer it.' OSM snapshot date: 2026-01-06T21:33:01Z POI name: Lincoln Eatery POI types: amenity-marketplace  #CoMaps android 2026.01.08-11-FDroid",2,0,ICT_maps,see other note
5257488,United States,25.7913255,-80.1363192,2026-04-19 00:00:00,2026-04-20 01:55:20,1,NikoNomas,"This place is an 'eatery' which is a small market, indoor in this case, where there are 12 'kiosk' style fast-food 'restaurants' that do not have table service but from which the customers order wirh the cashier, and then take the food to a table. I do not think that neither 'market' nor 'restaurant' are appropriate terms, so perhaps it is time to add 'eatery' to the available options?  #CoMaps android 2026.01.08-11-FDroid",2,0,ICT_maps,amenity=food_court
5257181,United States,36.7926190,-90.2985920,2026-04-19 00:00:00,2026-04-20 01:53:41,1,Unknown,Flock Camera for westbound traffic,4,1,ICT_maps,https://www.openstreetmap.org/node/13249105776/history
5256845,United States,32.2311675,-110.9667268,2026-04-19 00:00:00,2026-04-20 01:50:45,1,Unknown,'(520) 622-4700 thehistoricy.com' OSM snapshot date: 2026-04-04T03:36:32Z POI name: Historic Y POI types: building  #organicmaps ios 2026.04.07-8-ios,2,0,ICT_maps,added
5256847,United States,32.2311675,-110.9667268,2026-04-19 00:00:00,2026-04-20 01:50:41,1,Unknown,'(520) 622-4700 thehistoricy.com' OSM snapshot date: 2026-04-04T03:36:32Z POI name: Historic Y POI types: building  #organicmaps ios 2026.04.07-8-ios,2,0,ICT_maps,duplicate note
5256848,United States,32.2311675,-110.9667268,2026-04-19 00:00:00,2026-04-20 01:50:38,1,Unknown,'(520) 622-4700 thehistoricy.com' OSM snapshot date: 2026-04-04T03:36:32Z POI name: Historic Y POI types: building  #organicmaps ios 2026.04.07-8-ios,2,0,ICT_maps,duplicate note
5256849,United States,32.2311675,-110.9667268,2026-04-19 00:00:00,2026-04-20 01:50:34,1,Unknown,'(520) 622-4700 thehistoricy.com' OSM snapshot date: 2026-04-04T03:36:32Z POI name: Historic Y POI types: building  #organicmaps ios 2026.04.07-8-ios,2,0,ICT_maps,duplicate note
5256842,United States,32.2358856,-110.9078818,2026-04-19 00:00:00,2026-04-20 01:49:55,1,Unknown,'both grocery and restaurant' OSM snapshot date: 2026-04-04T03:36:32Z POI name: Babylon Market POI types: building shop-supermarket  #organicmaps ios 2026.04.07-8-ios,2,0,ICT_maps,duplicate note
5256843,United States,32.2358856,-110.9078818,2026-04-19 00:00:00,2026-04-20 01:49:52,1,Unknown,'both grocery and restaurant' OSM snapshot date: 2026-04-04T03:36:32Z POI name: Babylon Market POI types: building shop-supermarket  #organicmaps ios 2026.04.07-8-ios,2,0,ICT_maps,duplicate note
5253043,United States,47.8142270,-122.3834765,2026-04-16 00:00:00,2026-04-20 01:41:23,4,LocalLoco,This park's boundaries going out into the water cause water areas to render as land  #OsmAnd,2,0,pwbriggs,"I think this is mapped correctly in OSM. Furthermore, in the default OsmAnd style the park *is* tinted blue because it is underwater-- the green simply indicates that the area is a designated park, which that area under the water seems to be.  If you think this could be rendered better, please open an issue with OsmAnd. Or, if you have an idea for how to map this park better, feel free to share.  Thanks!"
5256007,United States,48.4611065,-122.2512308,2026-04-18 00:00:00,2026-04-20 01:39:54,2,Setrocana,22896 Mud Lake Rd Mount Vernon WA should be in this location,5,0,Setrocana,
5256330,United States,34.0275707,-117.7581229,2026-04-19 00:00:00,2026-04-20 01:27:02,1,Unknown,This should be WinCo. Where I'm staying now. Home sweet home...,2,0,ICT_maps,https://www.openstreetmap.org/way/470018820/history
5257703,United States,38.9034818,-94.5252454,2026-04-19 00:00:00,2026-04-20 01:21:28,1,TheBrambleShark,'Location is now CareNow Urgent Care https://www.carenow.com/locations/kansas-city/grandview' OSM snapshot date: 2026-04-05T19:23:11Z POI name: 54th Street Bar & Grill POI types: amenity-restaurant  #CoMaps android 2026.04.07-8-Google,2,0,ICT_maps,duplicate note of https://www.openstreetmap.org/note/5224968
5257733,United States,45.6142275,-88.0539894,2026-04-20 00:00:00,2026-04-20 00:58:10,0,Unknown,As you wish!,2,0,Allimam baba Wangara,As you wish!
5237865,United States,32.6063274,-85.4735949,2026-04-06 00:00:00,2026-04-20 00:10:22,14,DunDan8,New businesses are located here according to survey on 04/06/2026  via StreetComplete_ee 63.0  Attached photo(s): https://streetcomplete.app/p/336728.jpg,2,0,DunDan8,
4348985,United States,40.6836199,-73.9651161,2024-07-24 00:00:00,2026-04-20 00:07:11,635,jmapb,survey for brown home store,2,0,jmapb,not here
5257702,United States,40.3819470,-74.3312240,2026-04-19 00:00:00,2026-04-19 23:39:50,0,Unknown,Street name is SEQUOIA DR,2,0,Unknown,"confirmed, updated"
5092841,United States,30.4859209,-84.2882252,2025-12-15 00:00:00,2026-04-19 22:17:37,125,Unknown,potential flock camera set up right in front of church on grady rd,2,0,maxolasersquad,If there is a camera here I could not locate it.
2191955,United States,30.2818060,-83.8260913,2020-05-13 00:00:00,2026-04-19 21:25:29,2167,Kirbert,This road repeatedly changes name back and forth between Mt Gilead Road and Bert Whiddon Road.  Whassup wit dat?,2,0,maxolasersquad,Fixed.
5247439,United States,32.6492663,-85.3798594,2026-04-12 00:00:00,2026-04-19 21:05:23,7,Therobotnextdoor,"'Griff goods closed' The place has gone or never existed. A user of Organic Maps application has reported that the POI was visible on the map (see snapshot date below), but was not found on the ground. OSM snapshot date: 2026-04-04T03:36:32Z POI name: GRIFF POI types: shop-clothes  #organicmaps android 2026.04.07-8-Google",2,0,DunDan8,
5257356,United States,42.2914187,-85.5831172,2026-04-19 00:00:00,2026-04-19 20:58:51,0,diacriticalhit,'lgbtq=welcome' OSM snapshot date: 2026-04-05T19:23:11Z POI name: Cherri's Chocol'art POI types: shop-chocolate  #CoMaps android 2026.04.07-8-FDroid,2,0,diacriticalhit,added
5254252,United States,42.2896322,-85.6084150,2026-04-17 00:00:00,2026-04-19 20:58:50,2,diacriticalhit,play street pedestrian street  #CoMaps android 2026.04.07-8-FDroid,2,0,diacriticalhit,added
5253193,United States,30.6433230,-87.1436190,2026-04-16 00:00:00,2026-04-19 20:24:17,3,Unknown,3 cm of rain on 2/4/2026,2,0,gpserror,appears to be a weather related note which is not relevant to OSM
5253195,United States,30.5424400,-87.2172400,2026-04-16 00:00:00,2026-04-19 20:23:48,3,Unknown,0.5 cm,2,0,gpserror,osm does not map down to 5mm details and probably some weather related note which are not relevant to OSM
5253196,United States,30.4203400,-86.8068000,2026-04-16 00:00:00,2026-04-19 20:23:36,3,Unknown,0.5 cm,2,0,gpserror,osm does not map down to 5mm details and probably some weather related note which are not relevant to OSM
5253648,United States,42.0782019,-87.7402228,2026-04-17 00:00:00,2026-04-19 20:21:11,2,Unknown,Correct street name spelling is Marian Lane,2,0,gpserror,corrected to match sign seen in streetside
2924236,United States,45.6154333,-88.0543041,2021-11-06 00:00:00,2026-04-19 20:16:28,1625,spkal,Town of Pembine Boat Landing,5,1,gpserror,added slipway..  Are they really named?  Please reopen and add details.
2924237,United States,45.6124126,-88.0587754,2021-11-06 00:00:00,2026-04-19 20:16:01,1625,spkal,Town of Dunbar Boat Landing,4,1,gpserror,added slipway.  Are they really named?  Please reopen with details.
5256332,United States,40.0368220,-86.0124560,2026-04-19 00:00:00,2026-04-19 20:08:48,0,Unknown,"Twister's Soda Bar - Building was original one of those small drive-up banks. There was a Dairy Queen a bit north from this location between 10th St/Pleasant, but was demolished for the roundabout.",3,0,gpserror,"added twisters, rest of the data in this note is not very useful so closing"
5250542,United States,38.8223035,-90.8592363,2026-04-15 00:00:00,2026-04-19 20:00:24,4,Olga_J,'Actual hours are 'dawn to dusk'' OSM snapshot date: 2026-03-21T17:13:14Z POI name: Progress Park POI types: leisure-park  #CoMaps android 2026.03.23-5-FDroid,2,0,Hypsometric,Updated
5225536,United States,45.6214075,-87.9943299,2026-03-30 00:00:00,2026-04-19 19:55:52,20,cartographynovice,'Not entirely sure where its exact location is relative to the road (poor GPS signal)' OSM snapshot date: 2026-03-07T17:53:41Z POI name: Woodsong Trading Post POI types: shop-antiques  #CoMaps android 2026.03.23-5,5,1,gpserror,yes it is.... updating.
5250546,United States,38.8223035,-90.8592363,2026-04-15 00:00:00,2026-04-19 19:55:51,4,Olga_J,"This place does not exist: 'duplicate' A CoMaps user reported that the POI was visible on the map (see snapshot date below), but was not found on the ground. OSM snapshot date: 2026-03-21T17:13:14Z POI name: Progress Park POI types: leisure-park  #CoMaps android 2026.03.23-5-FDroid",2,0,Hypsometric,Assuming this refers to the duplicate node. Resolved.
5257572,United States,41.7863323,-111.5742709,2026-04-19 00:00:00,2026-04-19 19:55:46,0,Xvtn,small wood bridge  #OsmAnd,2,0,Xvtn,Added
5257580,United States,40.7867350,-89.5993940,2026-04-19 00:00:00,2026-04-19 19:52:21,0,Shy gear,'toilet is private to the country club' OSM snapshot date: 2026-04-05T19:23:11Z POI has no name POI types: building amenity-toilets  #CoMaps android 2026.04.07-8-FDroid,2,0,Hypsometric,Updated.
4945735,United States,46.0135000,-91.4676400,2025-09-04 00:00:00,2026-04-19 19:50:35,227,Unknown,There's solar panel camera here it's not showing up on this map,3,0,Edin Tupas,
5051883,United States,43.8470371,-91.8388123,2025-11-14 00:00:00,2026-04-19 19:50:23,156,Molandfreak,The city and county limits should be the same here,2,0,Edin Tupas,
4952621,United States,42.1750608,-71.7251444,2025-09-08 00:00:00,2026-04-19 19:49:51,223,Unknown,Peter Amorello Construction,2,0,Fesca,Added Peter Amorello Construction at 34 Providence Road.
5257431,United States,38.8637500,-106.9882540,2026-04-19 00:00:00,2026-04-19 19:44:41,0,Unknown,"535 Journeys End Rd, Crested Butte, CO 81224  building:architecture=ranch",2,0,gpserror,added
5257459,United States,42.6548453,-83.1629304,2026-04-19 00:00:00,2026-04-19 19:33:50,0,FaustusXYZ,Unable to answer 'What’s the surface here?' – Path – https://osm.org/way/936803127 via StreetComplete 63.0:  No path here as of 4-19-26,2,0,gpserror,I deleted it as it looks really overgrown if there was a path here. Thanks.
5257490,United States,39.1005833,-93.7514305,2026-04-19 00:00:00,2026-04-19 19:30:16,0,Unknown,This is a private road. It’s clearly marked as a Private Drive. Don’t use!,2,0,gpserror,marked as private driveway
4490689,United States,40.7244069,-74.1605499,2024-10-23 00:00:00,2026-04-19 19:14:31,543,neuerorcasillas,"New community center building was constructed here, with several paths rerouted.",4,0,Hypsometric,Looks like this has exceeded being resolved :-)
5257526,United States,40.6713457,-74.2149792,2026-04-19 00:00:00,2026-04-19 19:12:17,0,TripleMeowX,'add halal food to cuisine options' OSM snapshot date: 2026-04-05T19:23:11Z POI name: The Halal Zone POI types: amenity-restaurant  #CoMaps android 2026.04.07-8-Google,2,0,Hypsometric,Updated.
5257527,United States,40.6717906,-74.2145963,2026-04-19 00:00:00,2026-04-19 19:08:02,0,TripleMeowX,'add 'closed' option in business hours' OSM snapshot date: 2026-04-05T19:23:11Z POI name: Klippers Barner Shop POI types: shop-hairdresser  #CoMaps android 2026.04.07-8-Google,2,0,Hypsometric,"Open hours are already tagged. Unless it is closed on holidays or some specific day of the month/year, this one is resolved."
5257465,United States,38.9240115,-94.4236165,2026-04-19 00:00:00,2026-04-19 17:46:45,0,DADINC HANDYMAN SERVICE,"2320 NW Frances St.  Lee's Summit, MO. 64081 DADinc Handyman Service",2,0,DADINC HANDYMAN SERVICE,DADinc. Handyman Service
5256240,United States,40.5372575,-74.2373711,2026-04-19 00:00:00,2026-04-19 17:32:08,0,GlobalSpoke,"Winant Lane is behind a locked fence of a business, and should be removed from Wandrer.  Please to not resolve this note before taking the steps needed to remove this road from Wandrer.  It is a private road and not publicly accessible to cyclists, or bicyclists.",3,0,jhaluska80,"Updated access and demolished the building.  You're posting on OSM, we're simply data providers and our responsibility is correctly tagging not maintaining Wandrer."
5257138,United States,40.1822071,-76.2598107,2026-04-19 00:00:00,2026-04-19 17:00:09,0,Striddler,No longer public road. Private and gated at this end. Other end is marked private with no gate.  via StreetComplete 63.0,2,0,Striddler,Addressed.
5256266,United States,37.4790752,-93.6738394,2026-04-19 00:00:00,2026-04-19 16:44:14,0,Unknown,Margaret speight drive,1,0,gpserror,added
4739390,United States,30.0448221,-95.6094936,2025-05-02 00:00:00,2026-04-19 16:37:25,352,skquinn,chip & dip fuel and c store  #OsmAnd,4,1,gpserror,added
2498287,United States,30.0398152,-95.6052211,2021-01-14 00:00:00,2026-04-19 16:24:01,1921,Unknown,"Bombshells Restaraunt located here: 24628 TX-249, Tomball, TX 77375",4,1,gpserror,added
3948509,United States,30.0267083,-95.6009245,2023-10-19 00:00:00,2026-04-19 16:19:05,913,Unknown,This building is Tomball Dodge dealership.,4,1,gpserror,added
5257187,United States,43.6790210,-70.2880110,2026-04-19 00:00:00,2026-04-19 15:28:28,0,Unknown,Caravan Beads Retail Store & Museum of Beadwork,3,1,Unknown,
5255819,United States,40.5248298,-111.8573300,2026-04-18 00:00:00,2026-04-19 15:17:25,1,Duty7306,'The barn building is missing.' OSM snapshot date: 2026-04-04T03:36:32Z POI name: Draper Day Barn POI types: amenity-events_venue  #organicmaps android 2026.04.07-8-Web,2,0,leftybender,done
5255820,United States,40.5248298,-111.8573300,2026-04-18 00:00:00,2026-04-19 15:16:54,1,Duty7306,'point may need to be moved' OSM snapshot date: 2026-04-04T03:36:32Z POI name: Draper Day Barn POI types: amenity-events_venue  #organicmaps android 2026.04.07-8-Web,2,0,leftybender,done
5159170,United States,46.8898338,-96.7743748,2026-02-08 00:00:00,2026-04-19 15:10:41,70,FeetAndInches,"Hasn't this bridge been free to cross for a long time now (like, since before COVID at least)? People still called it the 'toll bridge,' but it should have toll=no unless something has changed. Need someone who is still local to double check.",5,1,Unknown,
5256691,United States,30.0154947,-90.0814828,2026-04-19 00:00:00,2026-04-19 14:58:10,0,Unknown,Good morning,2,0,Hypsometric,Hi. OSM notes are for requesting edits to the map.
5257079,United States,17.7184928,-64.8045731,2026-04-19 00:00:00,2026-04-19 14:22:08,0,Unknown,Do you think this note is in the right place?,2,0,Allimam baba Wangara,Do you think this note is in the right place?
3148206,United States,40.0429385,-86.1275312,2022-04-23 00:00:00,2026-04-19 14:05:56,1457,Unknown,Atomic Tattoo,2,0,Hypsometric,Duplicate
5256319,United States,40.0424610,-86.1286930,2026-04-19 00:00:00,2026-04-19 14:05:19,0,Unknown,Apartments and buisnesses are offically built here and in use.,2,0,Hypsometric,Updated.
5256057,United States,40.4060500,-105.0326400,2026-04-18 00:00:00,2026-04-19 14:01:57,1,gpserror,This area has a sign indicating that there are building units for rent available and it was also called 'Van de Water' like the residential area to the south.  Need to find extents of this commercial area and label it.,2,0,gpserror,"found in larimer county records, this location is actually kohls owned and not related to van de water.  marked VDW closer to where I actually saw the signs."
5256323,United States,40.0424970,-86.1301330,2026-04-19 00:00:00,2026-04-19 14:00:44,0,Unknown,"Gas station and building no longer exist as of 2026, they were demolished for construction projects",2,0,Hypsometric,Updated
3788769,United States,44.9515481,-89.6549964,2023-07-19 00:00:00,2026-04-19 13:23:02,1005,Joey642,"This office building contains multiple businesses, probably rented out if I had to guess.  via StreetComplete 53.3",3,0,Ghosty76,
3350081,United States,37.7815888,-122.4190344,2022-09-07 00:00:00,2026-04-19 12:23:35,1320,user4816003805,El Salvador consulate might be here?,2,0,Dave Schweisguth,Added
5255430,United States,25.7547170,-80.2285940,2026-04-18 00:00:00,2026-04-19 11:50:59,1,NikoNomas,"This place does not exist: 'This is a library and not a path' A CoMaps user reported that the POI was visible on the map (see snapshot date below), but was not found on the ground. OSM snapshot date: 2026-01-06T21:33:01Z POI has no name POI types: hwtag-lit psurface-paved_good highway-footway  #CoMaps android 2026.01.08-11-FDroid",2,0,map per,"Thanks for reporting, this is a bug in CoMaps (see: https://codeberg.org/comaps/comaps/issues/1452)"
5256236,United States,13.5547902,144.9123016,2026-04-19 00:00:00,2026-04-19 11:37:12,0,ogermayncc,"This place does not exist: 'forest' A CoMaps user reported that the POI was visible on the map (see snapshot date below), but was not found on the ground. OSM snapshot date: 2026-04-05T19:23:11Z POI has no name POI types: building-address  #CoMaps ios 2026.04.07-8-ios",2,0,map per,Thanks for removing the building!
4098868,United States,35.3552000,-112.2093000,2024-02-03 00:00:00,2026-04-19 10:59:14,806,Minutemenus,"Junipine Estates 6939 N Ponderosa Ave. Williams, Az. 86046",3,1,Unknown,
5201081,United States,37.9585288,-91.7324495,2026-03-11 00:00:00,2026-04-19 10:31:26,39,AGausmann,This does not seem to be a paved road.  There is a residence and a gravel driveway near this marker. The only thing I can find that lines up is a clearing/easement for a power line.,4,0,cuzi,"Thanks, then I am closing this note."
5021174,United States,36.2169935,-115.9927065,2025-10-24 00:00:00,2026-04-19 10:30:37,177,Hyperling,"'This is a water refill store, Organic Maps does not seem to provide a good option for it, cannot add hours with the choices I have gone through.  Hours: mo-fr 09-17, sa 09-15  reverse osmosis water 25c per gallon alkaline water $1 per gallon 10lb bags $3.00 10lb blocks $3.00' OSM snapshot date: 2025-10-21T03:35:21Z POI name: Patriot Ice & Water POI types: amenity-water_point  #organicmaps android 2025.10.23-22-Web",4,0,cuzi,"Thanks, I think that good enough to add the vending machines. I also found their website and it says they have 24/7 vending machines for ice and water outside."
4770085,United States,17.7193632,-64.8012471,2025-05-21 00:00:00,2026-04-19 10:24:20,333,Unknown,According to news articles a one-acre solar farm funded by FEMA is going to be constructed somewhere in this area,5,1,cuzi,added solar panel
5256687,United States,41.2952200,-112.1036300,2026-04-19 00:00:00,2026-04-19 10:02:32,0,Unknown,"Designer Drapes Farmington – Custom Elegance for Every Room  Enhance your interiors with beautifully crafted designer drapes in Farmington from Totally Blind Window Fashions. Tailored to match your décor and personal taste, these custom drapes add depth, texture, and luxury to any space. Choose from premium fabrics, patterns, and finishes to create a look that reflects your unique style. Whether you want a bold statement or a soft, classic touch, designer drapes offer the perfect finishing detail for your home. https://shoptotallyblind.com/",2,0,Unknown,
5256685,United States,41.2973120,-112.0778470,2026-04-19 00:00:00,2026-04-19 10:01:51,0,Unknown,"Buy Cordless Window Shades – Safe, Stylish & Easy to Use  Upgrade your home with cordless window shades that combine modern design with effortless functionality. Perfect for homes with children or pets, these shades eliminate dangling cords while offering smooth operation and a clean, uncluttered look. Available in a wide range of fabrics, colors, and light-control options, cordless shades provide both safety and sophistication. Shop high-quality cordless window shades from Totally Blind Window Fashions and transform your space with convenience and style. https://shoptotallyblind.com/",2,0,Unknown,
5208298,United States,44.9331950,-89.6607140,2026-03-17 00:00:00,2026-04-19 06:38:11,33,Unknown,El Tequila Salsa has moved. This is now Zaika Gourmet India,2,0,Ghosty76,Updated
5256241,United States,40.5370863,-74.2154896,2026-04-19 00:00:00,2026-04-19 05:18:06,0,GlobalSpoke,"This dotted red is behind a locked fence, and should be removed from Wandrer.  Please to not resolve this note before taking the steps needed to remove this dotted road from Wandrer.  It is not publicly accessible to cyclists, or bicyclists.  The part that should be flagged goes all the way to the end, and then hooks left to Sharon Lane.  Thanks!",2,0,Hypsometric,"Based on county records, it looks like an easment for the reserve.. But gated for sure. Added a locked gate on the path."
