note_id,country_name,latitude,longitude,opened_at,closed_at,days_to_resolution,opened_by_username,opening_comment,total_comments,was_reopened,closed_by_username,closing_comment
CREATE FUNCTION
5259341,Deutschland,48.8580585,11.7714909,2026-04-21 00:00:00,2026-04-24 08:46:09,3,Geo-Tobi,"Ein Track mit bicycle=designated, aber keinem foot Tag, das kann nicht sein. Es ist denkbar, dass hier das weiß grüne Radroutenschild wieder falsch getagged wurde. Sollte geprüft und korrigiert werden.",2,0,bbauer,Überprüft und korrigiert.
5259340,Deutschland,48.8572913,11.7711148,2026-04-21 00:00:00,2026-04-24 08:46:03,3,Geo-Tobi,"Ein Track mit bicycle=designated, aber keinem foot Tag, das kann nicht sein. Es ist denkbar, dass hier das weiß grüne Radroutenschild wieder falsch getagged wurde. Sollte geprüft und korrigiert werden.",2,0,bbauer,Überprüft und korrigiert.
5259343,Deutschland,48.8563169,11.7708146,2026-04-21 00:00:00,2026-04-24 08:45:51,3,Geo-Tobi,Die Kombination aus bicycle=designated und foot=yes gibt es nicht. Sollte geprüft und korrigiert werden.,2,0,bbauer,Überprüft und korrigiert.
5259346,Deutschland,48.8553016,11.7706341,2026-04-21 00:00:00,2026-04-24 08:45:46,3,Geo-Tobi,Die Kombination aus bicycle=designated und foot=yes gibt es nicht. Sollte geprüft und korrigiert werden.,2,0,bbauer,Überprüft und korrigiert.
5259345,Deutschland,48.8547869,11.7702170,2026-04-21 00:00:00,2026-04-24 08:45:40,3,Geo-Tobi,Die Kombination aus bicycle=designated und foot=yes gibt es nicht. Sollte geprüft und korrigiert werden.,2,0,bbauer,Überprüft und korrigiert.
5260682,Deutschland,49.4593939,11.0621327,2026-04-22 00:00:00,2026-04-24 08:42:23,2,Unknown,Construction work finished. New Pocket Park is opened  https://www.nuernberg.de/internet/soer_nbg/pocketpark_frauenholz.html,3,0,HAmap,
4929922,Deutschland,48.6082897,9.4231072,2025-08-25 00:00:00,2026-04-24 08:37:21,242,osmmapper222,was soll hier gebaut werden bzw. wurde gebaut?  die baustelle wurde vor 5 jahren eingezeichnet und auf satellitenbildern sind keine baulichen änderungen sichtbar,2,0,Rumo72,Baustelle entfernt.  https://www.openstreetmap.org/changeset/181753136
5258651,Deutschland,53.6528141,10.0018817,2026-04-20 00:00:00,2026-04-24 08:34:16,4,Wulf4096,drängelgitter  via StreetComplete 63.0  Attached photo(s): https://streetcomplete.app/p/339718.jpg,2,0,Wulf4096,
5258654,Deutschland,53.6526704,10.0028609,2026-04-20 00:00:00,2026-04-24 08:32:05,4,Wulf4096,"Unable to answer 'What surface does this road have?' – Parking Aisle – https://osm.org/way/972684566 via StreetComplete 63.0:  am fußweg teilen, asphalt + graspaver",2,0,Wulf4096,
5258655,Deutschland,53.6527747,10.0031878,2026-04-20 00:00:00,2026-04-24 08:31:55,4,Wulf4096,schranke  via StreetComplete 63.0  Attached photo(s): https://streetcomplete.app/p/339719.jpg,2,0,Wulf4096,
5260981,Deutschland,50.9753446,10.9900188,2026-04-22 00:00:00,2026-04-24 08:27:59,2,Unknown,Straße Langer Graben ist nicht nur ein Fußweg,2,0,czubi,https://www.openstreetmap.org/way/972532131#map=18/50.975415/10.990424&layers=N  ist nicht als 'nur Fußweg' eingetragen.
5263468,Deutschland,50.9576467,11.0349083,2026-04-24 00:00:00,2026-04-24 08:25:49,0,Unknown,OSRM navigiert nicht über diesen Kreisel.  OSMand zählt die Grundstückzufahrten mit.  Woanders funktioniert`s.,2,0,czubi,"hab mal das proposed entfernt, ist ja fertig. mal einige tage warten dann denke ich sollte es funktionieren"
5261098,Deutschland,53.5300300,10.0691600,2026-04-22 00:00:00,2026-04-24 08:16:45,2,Unknown,Ist das wirklich ein öffentlicher Weg? Das scheint es nur die Eisenbahnbrücke zu geben und das ist Betriebsgelände.,2,0,Wulf4096,"War die ganzen letzten Jahre immer öffentlich (keine Zäune, keine Beschilderung, o.ä.) Wenn sich das geändert haben sollte, bitte Fotos mitbringen. Ansonsten fahre ich hier alle paar Monate mal lang und seh's dann."
5260379,Deutschland,54.3277302,10.1303922,2026-04-21 00:00:00,2026-04-24 08:02:47,3,0xb7767000,Ehemals schaubude jetzt Tanzschule Grenke Eingang hinten  via StreetComplete 63.0  Attached photo(s): https://streetcomplete.app/p/339959.jpg,2,0,0xb7767000,erledigt: https://www.openstreetmap.org/changeset/181751732
4724875,Deutschland,52.7920692,7.1980968,2025-04-23 00:00:00,2026-04-24 08:00:32,366,letihu,Die Nr. 14 ist hier doppelt vergeben.,2,0,bison166,korrigiert
4794450,Deutschland,52.7962899,7.1859551,2025-06-07 00:00:00,2026-04-24 07:56:47,321,Unknown,Bridge  #OsmAnd,2,0,bison166,hier ist keine bridge zu erkennen.
5023416,Deutschland,51.4259037,7.0193774,2025-10-26 00:00:00,2026-04-24 07:53:30,180,burrscurr,"Ist diese Einbahnstraße nach Südosten für Radfahrer in Gegenrichtung freigegeben? Einige Straßen in der Nähe sind freigegeben, und die Straße scheint auch breit genug zu sein.",2,0,Erniebert70,Ich habe die Straße überprüft und sie ist für Fahrradfahrer in beiden Richtungen frei gegeben
4197188,Deutschland,52.7960519,7.2639653,2024-04-14 00:00:00,2026-04-24 07:46:28,740,nilix,Barriere  via StreetComplete 57.1  Attached photo(s): https://westnordost.de/p/206880.jpg,2,0,bison166,Poller eingetragen
4197189,Deutschland,52.7961177,7.2641099,2024-04-14 00:00:00,2026-04-24 07:46:21,740,nilix,Barriereb  via StreetComplete 57.1  Attached photo(s): https://westnordost.de/p/206881.jpg,2,0,bison166,Poller eingetragen
5262717,Deutschland,54.0703010,9.9726030,2026-04-23 00:00:00,2026-04-24 07:46:16,1,Unknown,Am Brunnenkamp 5,2,0,Till_btn,https://www.openstreetmap.org/changeset/181751177
5262718,Deutschland,54.0704160,9.9727050,2026-04-23 00:00:00,2026-04-24 07:46:12,1,Unknown,Am Brunnenkamp 3,2,0,Till_btn,https://www.openstreetmap.org/changeset/181751177
5259404,Deutschland,51.2262941,6.7758021,2026-04-21 00:00:00,2026-04-24 07:42:55,3,silly_goose,'Cocoju - Brews & Juice' kommt da rein  #OsmAnd,2,0,silly_goose,
5259403,Deutschland,51.2262679,6.7756938,2026-04-21 00:00:00,2026-04-24 07:42:53,3,silly_goose,'betstar' Wettbüro direkt an der Ecke  #OsmAnd,2,0,silly_goose,
5191766,Deutschland,52.8043152,7.2476322,2026-03-05 00:00:00,2026-04-24 07:40:10,50,nilix,Hofladen  via StreetComplete 63.0  Attached photo(s): https://streetcomplete.app/p/330276.jpg,2,0,bison166,Pos. des Hinweises ist ungenau. Es ist auf dem Gelände bereits ein Hofladen erfasst.
5263426,Deutschland,51.2547340,7.1496642,2026-04-24 00:00:00,2026-04-24 07:39:26,0,silly_goose,open again with temporary opening hours due to construction  #OsmAnd,2,0,silly_goose,
5262360,Deutschland,47.6698362,9.1855171,2026-04-23 00:00:00,2026-04-24 07:36:17,1,Unknown,An dieser Stelle werden keine Altkleidercontainer mehr vorgehalten.  Seit dem 01.02.2026 können Altkleider im Konstanzer Stadtgebiet nur noch an Wertstoffhöfen abgegeben werden.,2,0,habi,https://www.openstreetmap.org/changeset/181750815#map=23/47.66983650/9.18550670&layers=SN
5262201,Deutschland,51.9949093,7.6671696,2026-04-23 00:00:00,2026-04-24 07:15:14,1,Unknown,Kreuzungsbererich umgebaut,2,0,Brummelwuff,
5263153,Deutschland,50.9465092,13.2054763,2026-04-23 00:00:00,2026-04-24 06:52:15,1,Stirnlampe,Unable to answer 'What’s the surface here?' – on bridge: Path – https://osm.org/way/329490358 via StreetComplete 63.0:  Keine Brücke mehr  Attached photo(s): https://streetcomplete.app/p/340350.jpg,2,0,Rhoon,demolished*
5259763,Deutschland,51.0483538,12.8697032,2026-04-21 00:00:00,2026-04-24 06:04:58,3,Verm_Katrin,"Unable to answer 'What’s the measured height here?' – Driveway – https://osm.org/way/244892543 via StreetComplete 63.0:  Privates Grundstück, möchte ich nicht betreten  Attached photo(s): https://streetcomplete.app/p/339835.jpg",6,1,Rhoon,"wobei StreetComplete die Frage nun erneut stellen wird, da der abgefragte Weg kein access=private erhalten hat."
5072791,Deutschland,53.5822570,9.9520966,2025-11-29 00:00:00,2026-04-24 04:55:07,146,businessesMan,"ALDI Ladesäule. Ist scheinbar noch nicht im Betrieb, aber soweit alles freigegeben.  via StreetComplete 62.0  Attached photo(s): https://streetcomplete.app/p/318393.jpg",6,0,Wulf4096,Ist nun in Betrieb.
4434356,Deutschland,53.2718252,14.3514088,2024-09-14 00:00:00,2026-04-24 00:25:30,587,Erlanger,"Bin dort vorbeigefahren. Das Schild existiert noch, aber dieser 'Imbiss bei Doris' sieht nicht so aus, als ob er noch betrieben wird.",2,0,Unknown,Dann ist es tatsächlich geschlossen. Danke für die Info!
5262311,Deutschland,47.9573952,11.1062335,2026-04-23 00:00:00,2026-04-23 23:33:32,0,Eigmax66,"Hier ist eigtl eine klassische Allee, kein bewirtschafteter Wald. Ich habe die beiden Baumreihen eingezeichnet. Leider schaffe ich es aber nicht (ID-Editor und rel. Unerfahrenheit bei Relationen/Multipolygonen) den Wald-Grünstreifen hier zu entfernen. Vielleicht kann jemand helfen? Danke!",2,0,limes11,erledigt - der übliche Multipolygonwahnsinn
5221788,Deutschland,48.8111580,9.1806250,2026-03-27 00:00:00,2026-04-23 23:24:46,27,Unknown,Hausnummer fehlt  Porsche Consulting GmbH Porsche Design Tower Stuttgart Siemensstraße 6 70469 Stuttgart https://www.porsche-consulting.com/de/de/stuttgart-0,2,0,Jojo4u,Firma ergänzt
5208263,Deutschland,50.5596546,9.6487321,2026-03-17 00:00:00,2026-04-23 23:17:28,37,flex16,"access=no ist hier auf jeden Fall falsch. Das bedeutet, dass die Bewohner nicht zum Haus dürfen. Wenn private, müsse man aber mal nach Schildern schauen.",3,0,matze089,geändert
5047646,Deutschland,48.8100305,9.1826032,2025-11-11 00:00:00,2026-04-23 22:35:27,163,TOSMgo,"Unable to answer 'Is this still here?' – Deutsche Telekom (Telephone) – https://osm.org/node/2187535114 via StreetComplete 58.2:  existiert noch, funktioniert nur nicht mehr",2,0,Jojo4u,"auf außer Betrieb gesetzt, danke"
4949881,Deutschland,48.8106827,9.1723421,2025-09-06 00:00:00,2026-04-23 22:31:36,229,krt16s,Thieme Verlag hat das Gebäude aufgegeben und ist (aktuell) nur noch in der Oswald-Hesse-Straße 50.  #OsmAnd,2,0,Jojo4u,auch nachvollzogen auf https://www.thieme.com/de-de/kontakt/anfahrt  entfernt und danke
4436173,Deutschland,49.5151350,8.4061370,2024-09-15 00:00:00,2026-04-23 22:30:40,585,Unknown,Ist mittlerweile eine Esso-Tankstelle.,2,0,wermak,Wurde korrigiert.
3877745,Deutschland,49.4891856,8.4320393,2023-09-08 00:00:00,2026-04-23 22:28:49,958,tarpan2000,"In context of 'Bike paths' overlay for https://osm.org/way/164652787 via StreetComplete 54.0:  Zweispurig, linksabbiegerradstreifen",2,0,wermak,Eingetragen.
3877746,Deutschland,49.4893308,8.4322963,2023-09-08 00:00:00,2026-04-23 22:28:31,958,tarpan2000,"In context of 'Bike paths' overlay for https://osm.org/way/1206169990 via StreetComplete 54.0:  Zweispurig, Radstreifen in der Mitte  Attached photo(s): https://westnordost.de/p/173286.jpg",2,0,wermak,Eingetragen.
4694493,Deutschland,48.8130066,9.1692556,2025-04-03 00:00:00,2026-04-23 22:26:04,385,mega-stoffel,Unable to answer 'What height limit is indicated here?' – Railway-Road Crossing – https://osm.org/node/4347716681 via StreetComplete 60.3:  diese Unterführung gibt es nicht mehr,3,0,Jojo4u,maxheight=default eingetragen
5114976,Deutschland,48.8134769,9.1690348,2026-01-02 00:00:00,2026-04-23 22:25:25,111,stieselkeine,In context of overlay 'Things' – inside: Defibrillator – https://osm.org/node/11949582239 via StreetComplete 62.1:  Fehlt Momentan  Attached photo(s): https://streetcomplete.app/p/322710.jpg,2,0,Jojo4u,mittlerweile eingetragen
4938019,Deutschland,48.8134505,9.1690437,2025-08-30 00:00:00,2026-04-23 22:24:14,236,NVBW_Edit_wielandb,Was ist hier? Küche minmin oder nicht?,3,0,Jojo4u,operator an die Tor gemacht und Weg nur noch bis Tor.
5007364,Deutschland,50.1733998,11.3846111,2025-10-15 00:00:00,2026-04-23 22:16:56,190,Unknown,Neuer Radweg entlang der B85,2,0,kulmbachcontent,neuen Radweg mit gpx Track eingezeichnet
5007370,Deutschland,50.1791141,11.3775444,2025-10-15 00:00:00,2026-04-23 22:16:51,190,Unknown,Neuer Radweg entlang der B85,2,0,kulmbachcontent,neuen Radweg mit gpx Track eingezeichnet
5007368,Deutschland,50.1866442,11.3762999,2025-10-15 00:00:00,2026-04-23 22:16:42,190,Unknown,Neuer Radweg entlang der B85,3,0,kulmbachcontent,neuen Radweg mit gpx Track eingezeichnet
4754620,Deutschland,48.8092871,9.1645600,2025-05-12 00:00:00,2026-04-23 22:16:13,346,dealerofsalvation,"Unable to answer 'What kind of building is this?' – house number 64: Building – https://osm.org/way/793274240 via StreetComplete 61.0:  Nummer 64 und 62 erscheinen äußerlich als _ein_ Gebäude, mit einem Eingang und Nummer 62. Nebenan steht Wand an Wand Nummer 68. Beide Gebäude zu einem zusammen fassen?  Attached photo(s): https://streetcomplete.app/p/277557.jpg",2,0,Jojo4u,"So gemacht, wenn es kein Hauseingang gibt, dann gehe ich auch davon aus dass es die 64 derzeit nicht gibt."
5007371,Deutschland,50.1902343,11.3767433,2025-10-15 00:00:00,2026-04-23 22:15:59,190,Unknown,Neuer Radweg entlang der B85,3,0,kulmbachcontent,neuen Radweg mit gpx Track eingezeichnet
5162491,Deutschland,49.4918655,8.4361705,2026-02-10 00:00:00,2026-04-23 22:15:16,72,Elrhoem,Unable to answer 'Are these opening hours still correct?' – Theurer (Bakery) – https://osm.org/node/11264790001 via StreetComplete 62.2:  Balkanbäckerei,2,0,wermak,Korrigiert.
5162490,Deutschland,49.4920776,8.4360988,2026-02-10 00:00:00,2026-04-23 22:15:04,72,Elrhoem,Unable to answer 'Are these opening hours still correct?' – ASL Berufsbekleidung (Workwear Store) – https://osm.org/node/7988959572 via StreetComplete 62.2:  Dauerhaft geschlossen,2,0,wermak,Korrigiert.
4892193,Deutschland,48.8128057,9.1557875,2025-08-04 00:00:00,2026-04-23 21:58:59,262,oko,"Unable to answer 'What type of bollard is this?' – Bollard – https://osm.org/node/3430680684 via StreetComplete 61.2:  Einer in det Mitte umklappbar, je seitlich herausnehmbar  Attached photo(s): https://streetcomplete.app/p/295827.jpg",2,0,Jojo4u,"Hab eine Reihe gemappt, die äußeren entfernbar, der auf dem Web umklappbar"
5125735,Deutschland,48.8116204,9.1583638,2026-01-11 00:00:00,2026-04-23 21:49:54,102,5R-MFT,Ab 15.02. geschlossen wegen Geschäftsaufgabe.,2,0,Jojo4u,"auch per Webseite nachvollzogen, gelöscht und danke"
4892185,Deutschland,48.8120254,9.1591177,2025-08-04 00:00:00,2026-04-23 21:47:02,262,oko,"Unable to answer 'What are the opening hours here?' – Bezirksrathaus (Government Office) – https://osm.org/way/30138041 via StreetComplete 61.2:  Diverse, je nach Amt...  Attached photo(s): https://streetcomplete.app/p/295823.jpg https://streetcomplete.app/p/295824.jpg",2,0,Jojo4u,... ich denke das wäre etwas zu komplex abzubilden
5262355,Deutschland,50.5412206,9.6401679,2026-04-23 00:00:00,2026-04-23 21:44:51,0,m_fuhrmann,Unable to answer 'What is the EVSE ID of this charging station?' – TEAG Mobil (Charging Station) – https://osm.org/node/13048562124 via StreetComplete_ee 63.0:  Das hier sind zwei Säulen a 2 Stecker  Attached photo(s): https://streetcomplete.app/p/340197.jpg,2,0,matze089,ergänzt
5240794,Deutschland,52.2115924,10.4752790,2026-04-08 00:00:00,2026-04-23 21:37:03,15,Gunther134,Bank  via StreetComplete 63.0  Attached photo(s): https://streetcomplete.app/p/337146.jpg,2,0,F10sh,erledigt
4475712,Deutschland,51.1987205,6.7307645,2024-10-12 00:00:00,2026-04-23 21:29:18,558,Raymond,"Brücke wurde am 11.10.2024 auf 7,5 t abgelastet und maxspeed 30 km/h. Bitte auch die Zufahrten prüfen, das kann ich auf Basis der PM nicht zuverlässig eintragen. Aber für Navis sollte das LKW-Routing damit schon verhindert worden sein.  https://www.strassen.nrw.de/de/meldung/b1-josef-kardinal-frings-bruecke-wird-auf-7-5-tonnen-abgelastet.html",6,1,Znaika,50km/h gilt nun auch Richtung Neuss.; geändert
3621558,Deutschland,52.6372824,13.3419299,2023-03-31 00:00:00,2026-04-23 21:27:09,1119,Unknown,"Im NSG ist das reiten nur auf offiziellen Wegen gestattet, das Verlassen der offziellen Wege ist verboten, Hunde müssen angeleint sein und das Befahren mit Fahrzeugen jeglicher Art ist nur auf Straßen/Wegen für den öffentlichen Verkehr gestattet.",3,0,einufo,"Das ist alles richtig und da es noch mehr Sachen gibt, die in diesem NSG beachtet werden müssen, wurde das gesamte Gebiet auch so getaggt: boundary=protected_area name=Kindelsee-Springluch protect_class=4 protection_title=Naturschutzgebiet ref:DE-BB:NSG=1110 ref:DE:NSG=3346-501 ref:WDPA=318652 related_law='Verordnung über das Naturschutzgebiet \'Kindelsee-Springluch\' des Ministeriums für Landwirtschaft, Umweltschutz und Raumordnung Brandenburg vom 22.06.2001' short_protection_title=NSG source:related_law=Gesetz- und Verordnungsblatt für das Land Brandenburg Nr. 12;Teil II - Verordnungen;vom 30.07.2001 start_date=31.07.2001 wikidata=Q1273529 wikimedia_commons=Category:Naturschutzgebiet Kindelsee-Springluch wikipedia=de:Kindelsee-Springluch  In der Verordnung über das Naturschutzgebiet „Kindelsee-Springluch“ sind alle Verbote nachlesbar."
4700417,Deutschland,51.7507664,8.5964477,2025-04-07 00:00:00,2026-04-23 21:22:48,381,Der Wilderer,Hier irgendwo befindet sich eine neue Bushaltestelle mit Wendeschleife. Dafür entfallen die beiden bisherigen Haltestellen im Waldweg. https://www.radiohochstift.de/nachrichten/paderborn-hoexter/detailansicht/omnibushaltestelle-in-anreppen-fertiggestellt.html,4,0,bielebog,Dann sollte das hier nun passen.
4197930,Deutschland,49.5444572,8.3915779,2024-04-14 00:00:00,2026-04-23 21:13:51,739,Unknown,Auffahrt eventuell für Kinderwägen?,4,1,wermak,https://www.openstreetmap.org/way/163036074/history
3924399,Deutschland,49.5520794,8.3992034,2023-10-05 00:00:00,2026-04-23 21:05:34,931,Unknown,Der Rad- und Fußweg wurde hier wegen Umbau der Einfahrt zur neuen BASF Lkw-Abfertigung etwas nach Osten verlegt.,3,0,wermak,Der neue Verlauf ist auf Luftbildern zu sehen und in der Karte bereits eingetragen.
5251765,Deutschland,51.7442169,8.5105473,2026-04-15 00:00:00,2026-04-23 21:04:10,8,bielebog,Die Bushaltestelle Wendeschleife befindet sich nun hier.,2,0,bielebog,Ist nun verlegt.
5260391,Deutschland,51.5267834,9.8975176,2026-04-21 00:00:00,2026-04-23 20:49:53,2,Unknown,der Spielplatz existiert nicht mehr,2,0,jengelh,https://www.openstreetmap.org/changeset/181737456
5262526,Deutschland,52.4563171,9.7195551,2026-04-23 00:00:00,2026-04-23 20:48:34,0,Nod5t5,Hier ist ein Stopschild  via StreetComplete_ee 63.0  Attached photo(s): https://streetcomplete.app/p/340229.jpg,4,1,Nod5t5,Die rechts abbiegende Straße ist ab dem Stoppschild keine Einbahnstraße.   ich werde Deine Änderung rückgängig machen
4193116,Deutschland,48.8975012,9.2257226,2024-04-11 00:00:00,2026-04-23 20:37:20,742,Mammi71,Als Zufahrt zu den Stellplätzen sollte dies vll. besser highway=service sein?,3,0,Ed1tor,
5262675,Deutschland,51.6531899,7.2120727,2026-04-23 00:00:00,2026-04-23 20:28:09,0,mherweg,trafostation  via StreetComplete 63.0  Attached photo(s): https://streetcomplete.app/p/340244.jpg,2,0,mherweg,
5262673,Deutschland,51.6645809,7.1915237,2026-04-23 00:00:00,2026-04-23 20:26:05,0,mherweg,trafostation  via StreetComplete 63.0  Attached photo(s): https://streetcomplete.app/p/340243.jpg,2,0,mherweg,
5183620,Deutschland,51.2289086,9.3898451,2026-02-27 00:00:00,2026-04-23 20:17:47,55,KiddiKai,Poststation 701 mit integriertem Briefkasten und Briefmarkenverkauf. Briefkasten wird geleert Mo-Sa 09:00  #OsmAnd,2,0,SuperPaul5000,"Hallo KiddiKai, soweit ich sehe, hast du die Leerungszeiten bereits dem Briefkasten hinzugefügt. Ich bin daher mal so frei und schließe den Hinweis ab."
5219625,Deutschland,52.2301947,10.5338743,2026-03-25 00:00:00,2026-04-23 20:16:36,29,F10sh,Hier oder in der Nähe soll sich eine Fahrradverleihstation von Veloleo befinden.,3,0,baltpeter,
5219627,Deutschland,52.2313233,10.5367818,2026-03-25 00:00:00,2026-04-23 20:15:55,29,F10sh,Hier oder in der Nähe soll sich eine Fahrradverleihstation von Veloleo befinden.,3,0,baltpeter,
5227846,Deutschland,49.0400434,8.6903443,2026-03-31 00:00:00,2026-04-23 20:14:04,23,Scout Jens,Heißt der Imbis wirklich so? ;-),3,0,Scout Jens,Hm. Oder ich habe mich verguckt?
5212946,Deutschland,50.5451851,9.6352018,2026-03-20 00:00:00,2026-04-23 20:07:17,34,m_fuhrmann,Ein Bild von dem Wegweiser wäre gut zu haben. Dann könnten wir die Wegrichtungen eintragen. Siehe hier: https://wiki.openstreetmap.org/w/index.php?title=Key:direction_north&uselang=de  Hier ein Bsp: https://www.openstreetmap.org/node/12954454114#map=19/50.542295/9.645450&layers=N,3,0,flex16,eingetragen.
5229632,Deutschland,52.2469450,10.5598350,2026-04-02 00:00:00,2026-04-23 20:05:05,21,Unknown,"Sorry, falscher Link eben: https://www.susudata.de/messtisch/tk25.html?lat=52.247336&lng=10.559393&opa=0&zoom=17.5&baselayer=Esri%20WorldImagery&overlays=tk25%2C&marker=",2,0,baltpeter,Behoben mit https://www.openstreetmap.org/changeset/181736210
5229631,Deutschland,52.2470110,10.5602220,2026-04-02 00:00:00,2026-04-23 20:04:59,21,Unknown,"Diese vier schrägen Hallen wurden abgerissen und neue in anderer Ausrichtung gebaut. https://www.susudata.de/messtisch/tk25.html?lat=52.161179&lng=10.525224&opa=1&zoom=16&baselayer=Open%20Street%20Map&overlays=tk25,&marker=",2,0,baltpeter,Behoben mit https://www.openstreetmap.org/changeset/181736210
5067493,Deutschland,51.2746490,9.3987742,2025-11-25 00:00:00,2026-04-23 20:00:26,149,ELAAX IT-Service,An der Adresse Existiert auch eine IT Firma  ELAAX IT-Service  www.elaax.de,4,1,SuperPaul5000,wurde bereits erstellt
5259761,Deutschland,47.8429885,8.3540607,2026-04-21 00:00:00,2026-04-23 19:56:55,2,Tobias83,"Kann jemand bitte übrprüfen, ob dieser Wegabschnitt immer noch aufgrund des Erdrutsches gesperrt ist? Auf der Webseite der Wutachschlucht finde ich leider keine Informationen dazu: https://www.wutachschlucht.de/",4,1,Tobias83,"Habe selbst diese Info erhalten: der Weg ist seit 2017 dauerhaft gesperrt. Das ist an der Stelle des großen Erdrutsches. Die Sperrung beginnt schon an der Dietfurtbrücke. Da herrscht auch wirklich Lebensgefahr, es rutscht immer etwas nach."
5230458,Deutschland,52.2434508,10.5409753,2026-04-02 00:00:00,2026-04-23 19:51:42,21,Gunther134,Tot an der Straße zur Schule. Hinweise südlich bezog sich auf den Weg neben dem Wohnhaus  via StreetComplete 63.0  Attached photo(s): https://streetcomplete.app/p/335476.jpg,2,0,baltpeter,Behoben mit https://www.openstreetmap.org/changeset/181735786
5180206,Deutschland,50.2697409,9.3750152,2026-02-24 00:00:00,2026-04-23 19:45:56,58,5R-MFT,Kik soll am 18.4.26 geschlossen werden,2,0,5R-MFT,erledigt
5230436,Deutschland,52.2417003,10.5413289,2026-04-02 00:00:00,2026-04-23 19:44:55,21,Gunther134,Fahrradständer  via StreetComplete 63.0  Attached photo(s): https://streetcomplete.app/p/335468.jpg,2,0,baltpeter,Behoben mit https://www.openstreetmap.org/changeset/181735572
5230442,Deutschland,52.2418865,10.5416024,2026-04-02 00:00:00,2026-04-23 19:42:37,21,Gunther134,Fahrradständer  via StreetComplete 63.0  Attached photo(s): https://streetcomplete.app/p/335470.jpg,2,0,baltpeter,Behoben mit https://www.openstreetmap.org/changeset/181735513
5262851,Deutschland,48.0962206,11.4654080,2026-04-23 00:00:00,2026-04-23 19:41:44,0,maxi_,"Unable to answer 'What type of tourist information is this?' – Ruhe!!! (Information) – https://osm.org/node/8827279128 via StreetComplete 63.0:  Hinweisschild, keine Informationstafel.  Attached photo(s): https://streetcomplete.app/p/340305.jpg",2,0,maxi_,In https://www.openstreetmap.org/changeset/181735480 aktualisiert.
5230448,Deutschland,52.2422779,10.5422989,2026-04-02 00:00:00,2026-04-23 19:39:15,21,Gunther134,1m wegbreite zw.  den Sperren  via StreetComplete 63.0  Attached photo(s): https://streetcomplete.app/p/335472.jpg,2,0,baltpeter,Behoben mit https://www.openstreetmap.org/changeset/181735397
5255215,Deutschland,51.5659263,9.9873915,2026-04-18 00:00:00,2026-04-23 19:28:50,5,jengelh,Einzelspielgeräte nachtragen,2,0,jengelh,https://www.openstreetmap.org/changeset/181735010
5188492,Deutschland,49.4405670,10.9625660,2026-03-03 00:00:00,2026-04-23 19:26:56,51,Unknown,"Könnte bitte jemand, der sich auskennt, die Friedhofskapelle / Aussegnungshalle als solche kennzeichnen?  Referenz: https://www.zirndorf-evangelisch.de/sites/www.zirndorf-evangelisch.de/files/styles/max_1300x1300/public/media/img/friedhofplan.jpg",3,0,HAmap,
5258392,Deutschland,52.4488753,9.6607479,2026-04-20 00:00:00,2026-04-23 19:26:36,3,Nod5t5,In context of overlay 'Buildings' – Shed – https://osm.org/way/1075754890 via StreetComplete_ee 63.0:  Dieser Schuppen wurde abgerissen,5,1,osmmapper222,"Hello @Npegg,  you reopened this note without a comment. Hence, I assume that it was by accident. If not, please reopen this note and comment further information.  Thanks. Have a good day."
5260624,Deutschland,49.4406796,10.9636433,2026-04-22 00:00:00,2026-04-23 19:26:29,1,HAmap,Ist das der Glockenturm vom Friedhof?,2,0,HAmap,
4965682,Deutschland,51.2729810,9.3840086,2025-09-17 00:00:00,2026-04-23 19:24:24,218,Unknown,Gib es schon seit Jahren nicht mehr.,2,0,SuperPaul5000,Pizzeria entfernt
5230428,Deutschland,52.2426717,10.5407768,2026-04-02 00:00:00,2026-04-23 19:20:19,21,Gunther134,Treppen zu jedem Haus  via StreetComplete 63.0  Attached photo(s): https://streetcomplete.app/p/335463.jpg,2,0,baltpeter,Behoben mit https://www.openstreetmap.org/changeset/181734736
5230431,Deutschland,52.2424212,10.5411388,2026-04-02 00:00:00,2026-04-23 19:20:16,21,Gunther134,Treppe  via StreetComplete 63.0  Attached photo(s): https://streetcomplete.app/p/335464.jpg,2,0,baltpeter,Behoben mit https://www.openstreetmap.org/changeset/181734736
5230434,Deutschland,52.2421994,10.5415069,2026-04-02 00:00:00,2026-04-23 19:20:12,21,Gunther134,Treppe  via StreetComplete 63.0  Attached photo(s): https://streetcomplete.app/p/335467.jpg,2,0,baltpeter,Behoben mit https://www.openstreetmap.org/changeset/181734736
4194331,Deutschland,52.7974523,7.3238054,2024-04-12 00:00:00,2026-04-23 19:18:24,741,bison166,Strassennamen bitte noch nachtragen,2,0,chris66,Name gemäß NDS ALKIS ergänzt.
5262712,Deutschland,52.3658720,9.7098430,2026-04-23 00:00:00,2026-04-23 19:17:56,0,Unknown,Dort befindet sich ein Parkplatz der Kirche,2,0,osmmapper222,Danke für den Hinweis. Der Parkplatz ist nun eingetragen.
4672353,Deutschland,52.7841017,7.3003991,2025-03-20 00:00:00,2026-04-23 19:15:11,399,nilix,Platz  via StreetComplete 60.3  Attached photo(s): https://streetcomplete.app/p/266419.jpg,2,0,chris66,Aber der Spielplatz ist doch bereits eingetragen .........
5262858,Deutschland,52.3191270,9.7482312,2026-04-23 00:00:00,2026-04-23 19:15:00,0,Unknown,Anbau von 1998 nicht vorhanden.,2,0,osmmapper222,ist angepasst
4947355,Deutschland,52.7845064,7.2985764,2025-09-05 00:00:00,2026-04-23 19:14:33,230,cpunk,"'Closed permanently ' The place has gone or never existed. A user of Organic Maps application has reported that the POI was visible on the map (see snapshot date below), but was not found on the ground. OSM snapshot date: 2025-08-29T18:18:32Z POI name: Modehaus Bohse POI types: wheelchair-yes shop-clothes  #organicmaps android",2,0,chris66,An dieser Stelle ist überhaupt kein POI eingetragen ... VG.
5230424,Deutschland,52.2422459,10.5404062,2026-04-02 00:00:00,2026-04-23 19:14:32,21,Gunther134,2 Bänke + Sandkasten  via StreetComplete 63.0  Attached photo(s): https://streetcomplete.app/p/335462.jpg,2,0,baltpeter,Behoben in https://www.openstreetmap.org/changeset/181734581
4947356,Deutschland,52.7848276,7.2972005,2025-09-05 00:00:00,2026-04-23 19:14:22,230,cpunk,"'Closed permanently' The place has gone or never existed. A user of Organic Maps application has reported that the POI was visible on the map (see snapshot date below), but was not found on the ground. OSM snapshot date: 2025-08-29T18:18:32Z POI name: Jansen POI types: wheelchair-yes shop-bakery  #organicmaps android",2,0,chris66,An dieser Stelle ist überhaupt kein POI eingetragen ... VG.
5262833,Deutschland,51.6271830,7.1750823,2026-04-23 00:00:00,2026-04-23 19:13:22,0,mherweg,neue trafostation  via StreetComplete 63.0  Attached photo(s): https://streetcomplete.app/p/340297.jpg,2,0,mherweg,
4765048,Deutschland,52.8603228,7.3708224,2025-05-18 00:00:00,2026-04-23 19:12:53,340,nilix,Viertelkreis nur Busse  via StreetComplete 61.0,2,0,chris66,👌
5086908,Deutschland,52.8678274,7.3202165,2025-12-11 00:00:00,2026-04-23 19:09:20,133,RAFGGTTT,"'Hey, Gebäude wurde umgebaut in ein kleinen Kindergarten. Könnt ihr die Kategorie anpassen?' OSM snapshot date: 2025-11-23T18:39:39Z POI name: Kleiner Purzelbaum POI types: building wheelchair-yes amenity-school  #organicmaps ios 2025.11.26-5-ios",2,0,chris66,Fehler korr.
5262863,Deutschland,51.6384393,7.1736240,2026-04-23 00:00:00,2026-04-23 19:08:57,0,mherweg,trafostation neu  via StreetComplete 63.0  Attached photo(s): https://streetcomplete.app/p/340307.jpg,2,0,mherweg,
5262864,Deutschland,51.6440179,7.1818155,2026-04-23 00:00:00,2026-04-23 19:03:47,0,mherweg,trafostation  via StreetComplete 63.0  Attached photo(s): https://streetcomplete.app/p/340308.jpg,2,0,mherweg,
5262879,Deutschland,51.6607520,7.1839180,2026-04-23 00:00:00,2026-04-23 18:59:48,0,mherweg,trafostation  via StreetComplete 63.0  Attached photo(s): https://streetcomplete.app/p/340314.jpg,2,0,mherweg,
5262984,Deutschland,50.1286764,8.7084444,2026-04-23 00:00:00,2026-04-23 18:54:24,0,ironspock,"keine verkehrsberuhigte Zone, auch wenn der Zugang eingeschränkt ist  via StreetComplete 63.0  Attached photo(s): https://streetcomplete.app/p/340336.jpg",2,0,ironspock,aktualisiert
5262982,Deutschland,50.1346249,8.7117158,2026-04-23 00:00:00,2026-04-23 18:54:14,0,ironspock,In context of overlay 'Places' – your Smartphone (Mobile Phone Store) – https://osm.org/node/10844400554 via StreetComplete 63.0:  vorübergehend geschlossen  Attached photo(s): https://streetcomplete.app/p/340335.jpg,2,0,ironspock,aktualisiert
5220903,Deutschland,48.8077334,11.3699082,2026-03-26 00:00:00,2026-04-23 18:47:15,28,Unknown,Telefonzelle und Briefkästen beim Wogheisl in Gaimersheim sind nicht mehr da.,2,0,Unknown,geprüft und entfernt
5261120,Deutschland,51.0120849,10.7334514,2026-04-22 00:00:00,2026-04-23 18:42:16,1,RichiWe,In context of overlay 'Things' – Power Pole – https://osm.org/node/4574041250 via StreetComplete 63.0:  4 abgehende Leitungen,2,0,RichiWe,
5262483,Deutschland,50.9875009,10.6876860,2026-04-23 00:00:00,2026-04-23 18:39:35,0,RichiWe,Tor  via StreetComplete 63.0,2,0,RichiWe,
5262619,Deutschland,51.0212763,10.6259860,2026-04-23 00:00:00,2026-04-23 18:38:57,0,RichiWe,Poller  via StreetComplete 63.0,2,0,RichiWe,
5262690,Deutschland,51.0606112,10.6167736,2026-04-23 00:00:00,2026-04-23 18:37:42,0,RichiWe,Wildgehege  via StreetComplete 63.0,2,0,RichiWe,
4504471,Deutschland,52.6437676,13.3392640,2024-11-02 00:00:00,2026-04-23 18:36:58,537,ge2osm,'Parking at Reiterhof (free of charge) Gravel' OSM snapshot date: 2024-10-17T20:37:52Z POI has no name POI types: amenity-parking  #organicmaps ios,2,0,McKai,https://www.openstreetmap.org/changeset/181733202#map=19/52.643576/13.339181
5262736,Deutschland,51.0367542,10.5887387,2026-04-23 00:00:00,2026-04-23 18:34:46,0,RichiWe,Stellfläche  via StreetComplete 63.0,2,0,RichiWe,
5262726,Deutschland,51.0368510,10.5888787,2026-04-23 00:00:00,2026-04-23 18:34:43,0,RichiWe,Poller  via StreetComplete 63.0,2,0,RichiWe,
5262788,Deutschland,51.0088668,10.6093572,2026-04-23 00:00:00,2026-04-23 18:33:30,0,RichiWe,In context of overlay 'Things' – Nessetal-Radweg (Information Board) – https://osm.org/node/3597053293 via StreetComplete 63.0:  Karte,2,0,RichiWe,
5262655,Deutschland,51.0451543,10.6310790,2026-04-23 00:00:00,2026-04-23 18:30:38,0,RichiWe,Waldwege  via StreetComplete 63.0  GPS Trace: https://www.openstreetmap.org/user/RichiWe/traces/12308872,2,0,RichiWe,
5262638,Deutschland,51.0448728,10.6314829,2026-04-23 00:00:00,2026-04-23 18:30:33,0,RichiWe,Schranke  via StreetComplete 63.0,2,0,RichiWe,
5262641,Deutschland,51.0428092,10.6389760,2026-04-23 00:00:00,2026-04-23 18:30:21,0,RichiWe,Schranke  via StreetComplete 63.0,2,0,RichiWe,
5262771,Deutschland,51.0157119,10.5987143,2026-04-23 00:00:00,2026-04-23 18:21:59,0,RichiWe,Schranke  via StreetComplete 63.0,2,0,RichiWe,
5262770,Deutschland,51.0159861,10.5979533,2026-04-23 00:00:00,2026-04-23 18:20:22,0,RichiWe,Uferweg  via StreetComplete 63.0  GPS Trace: https://www.openstreetmap.org/user/RichiWe/traces/12309048,2,0,RichiWe,
5262766,Deutschland,51.0186076,10.5939727,2026-04-23 00:00:00,2026-04-23 18:20:03,0,RichiWe,Hütte  via StreetComplete 63.0,2,0,RichiWe,
5262767,Deutschland,51.0181704,10.5947973,2026-04-23 00:00:00,2026-04-23 18:18:47,0,RichiWe,Wanderhütte  via StreetComplete 63.0,2,0,RichiWe,
5262769,Deutschland,51.0175343,10.5960517,2026-04-23 00:00:00,2026-04-23 18:18:25,0,RichiWe,Hütte  via StreetComplete 63.0,2,0,RichiWe,
5262215,Deutschland,50.8644637,7.0407745,2026-04-23 00:00:00,2026-04-23 18:15:42,0,Unknown,"Routing-Fehler: Die Anfahrt zu Comeniusweg 32, 51143 Köln darf nicht über die Sackgasse Am Theise erfolgen, da dort keine Durchfahrt möglich ist. Die einzige korrekte Zufahrt ist über Hauptstraße - Olefsgasse - Comeniusweg. Bitte den aktuell als Fußweg markierten Teil von Comeniusweg für Zustellverkehr freigeben (highway=service).'",2,0,hsc666,done
5208746,Deutschland,49.9898314,8.2740895,2026-03-17 00:00:00,2026-04-23 18:01:17,37,Rompelmeier,Unable to answer 'Does this crosswalk have tactile paving on both ends?' – Unmarked Crossing – https://osm.org/node/2667511829 via StreetComplete 63.0:  Kein Übergang  Attached photo(s): https://streetcomplete.app/p/332374.jpg,2,0,ManuelB701,In dem Fall ist es eine Kreuzung eines Fußwegs mit einem Radweg und an denen orientiere ich mich auch an normalen Straßen.  Als ohne taktiles Pflaster eingetragen.
5208978,Deutschland,49.9878380,8.2769338,2026-03-17 00:00:00,2026-04-23 17:54:10,37,Rompelmeier,Unable to answer 'How does this road cross the barrier here?' – https://osm.org/node/13045357857 via StreetComplete 63.0:  Privates Tor  Attached photo(s): https://streetcomplete.app/p/332406.jpg,2,0,ManuelB701,Also nur Tor.
5208740,Deutschland,49.9857167,8.2756426,2026-03-17 00:00:00,2026-04-23 17:53:38,37,Rompelmeier,Unable to answer 'Does this road have lane markings?' – Ebersheimer Weg (Residential Road) – https://osm.org/way/22690233 via StreetComplete 63.0:  Es gibt an beiden Seiten Parkplatz Markierungen  Attached photo(s): https://streetcomplete.app/p/332373.jpg,2,0,ManuelB701,"Die Parkplätze sind separate Objekte und sind schon längst mit markings=yes gekennzeichnet, hier geht es um die speziell um markierte Fahrspuren und diese Straße hat auch keine."
5262765,Deutschland,48.2500577,11.0278137,2026-04-23 00:00:00,2026-04-23 17:42:17,0,jotthaah,Weg durch Zaun gesperrt   #OsmAnd,2,0,jotthaah,"erledigt, eingetragen"
5262814,Deutschland,51.4832068,13.7581015,2026-04-23 00:00:00,2026-04-23 17:34:39,0,Unknown,Der Kuthgraben führt weiter nach Süden bis er in den Hammergraben einmündet. Der Verlauf muss ergänzt werden.,2,0,Tatfahren,erweitert: https://www.openstreetmap.org/changeset/181730765
3573274,Deutschland,50.9947443,13.7980456,2023-02-24 00:00:00,2026-04-23 17:25:14,1154,nilix,An dieser Straße war teilweise der Radweg/Fußweg doppelt eingetragen (Straße und separat). Bitte mal für die ganze Straße kontrollieren. Danke.,3,0,burrscurr,Ich bin durch die Straßen noch mal durchgegangen und habe sidewalk:*=separate/no getaggt (und noch ein paar fehlende Ampeln ergänzt).  https://www.openstreetmap.org/changeset/181730222
5240238,Deutschland,52.5040733,13.4734427,2026-04-08 00:00:00,2026-04-23 17:23:43,15,Tagetes3,"This place does not exist: 'Die KiK-Filiale wurde im März 2026 geschlossen. Das Ladengeschäft steht jetzt leer.' A CoMaps user reported that the POI was visible on the map (see snapshot date below), but was not found on the ground. OSM snapshot date: 2026-03-21T17:13:14Z POI name: KiK POI types: wheelchair-yes shop-clothes  #CoMaps android 2026.03.23-5-FDroid",2,0,Tagetes3,
5258294,Deutschland,52.5125101,13.4728097,2026-04-20 00:00:00,2026-04-23 17:18:50,3,Tagetes3,"This place does not exist: 'Der Container wurde entfernt.' A CoMaps user reported that the POI was visible on the map (see snapshot date below), but was not found on the ground. OSM snapshot date: 2026-04-05T19:23:11Z POI has no name POI types: recycling-clothes amenity-recycling-container  #CoMaps android 2026.04.07-8-FDroid",2,0,Tagetes3,
5013944,Deutschland,52.4920079,13.4507951,2025-10-19 00:00:00,2026-04-23 17:16:04,186,ru_bl,Unable to answer 'Are the pickup times of this collection box still correct?' – PIN Mail (Mail Drop Box) – https://osm.org/node/2017165210 via StreetComplete 61.3:  Hier steht nur Montag bis Freitag  Attached photo(s): https://streetcomplete.app/p/311673.jpg,3,0,Tagetes3,"Auf der Webseite der Pin AG ist zu lesen, 'Die Leerung der Briefkästen erfolgt Montag bis Freitag'. So steht es auch direkt am Briefkasten. Außerdem ist, speziell für diesen Briefkasten, die 'Leerung ab 20 Uhr' angegeben."
5217793,Deutschland,50.1850040,9.1292580,2026-03-24 00:00:00,2026-04-23 16:58:51,30,Unknown,Brücke seit 23.3.26 gesperrt wg. Abriss (bis voraussichtlich Ende 2027),3,0,Unknown,"ja, die Brücke ist mittlerweile komplett zurückgebaut. Existiert also nicht."
5239642,Deutschland,49.9602137,8.3153316,2026-04-07 00:00:00,2026-04-23 16:57:39,16,ManuelB701,Einige Bürostellen  via StreetComplete 63.0  Attached photo(s): https://streetcomplete.app/p/336987.jpg,2,0,ManuelB701,"Vergessen, dass dieser Hinweis existiert."
5259791,Deutschland,51.3472792,12.4004455,2026-04-21 00:00:00,2026-04-23 16:13:54,2,flappiegrrr,"Unable to answer 'This shop has been vacant. What’s here now?' – house number 13 – https://osm.org/node/7803390953 via StreetComplete 63.0:  Was ist das?  es ist ein Laden / Café. Es hat softeis zum druaßen sitzen, aber auch Hermes und DHL.",5,0,Bastianowitz,Es ist eine Gallery mit einem Art Café und dem Service Hermes und DHL Paketshop. Ich habe es bearbeitet und schließe hiermit den Hinweis.
5232106,Deutschland,54.3370887,10.1520187,2026-04-03 00:00:00,2026-04-23 16:11:21,20,0xb7767000,In context of overlay 'Buildings' – Shed – https://osm.org/way/130539577 via StreetComplete 63.0:  1/0 hipped,2,0,0xb7767000,erledigt: https://www.openstreetmap.org/changeset/181726404
5232105,Deutschland,54.3366785,10.1505439,2026-04-03 00:00:00,2026-04-23 16:11:16,20,0xb7767000,In context of overlay 'Buildings' – house number 6: Retail Building – https://osm.org/way/101395883 via StreetComplete 63.0:  Roof direction vom sportplatz weg,2,0,0xb7767000,erledigt: https://www.openstreetmap.org/changeset/181726404
5259848,Deutschland,49.9128582,8.1835152,2026-04-21 00:00:00,2026-04-23 16:10:30,2,ManuelB701,Unable to answer 'What are the opening hours here?' – K.-H. Schmidt (Car Dealership) – https://osm.org/way/157094772 via StreetComplete 63.0:  Verkauf: Mo-Do 08:00-17:30 Fr 08:00-16:00 Sa 10:00-13:00  Werkstatt: Mo-Do 08:00-17:30 Fr 08:00-14:00,2,0,ManuelB701,
5237767,Deutschland,51.0458561,13.7877372,2026-04-06 00:00:00,2026-04-23 16:09:47,17,Unknown,Hier ist ein Pizzaladen. 'Freako-Detroit style Pizza',2,0,Jonaes,bereits eingetragen
5194312,Deutschland,51.0458170,13.7877311,2026-03-07 00:00:00,2026-04-23 16:09:32,47,Aardjon,"Unable to answer 'This shop has been vacant. What’s here now?' – Fritz Café & Bierpub – https://osm.org/node/252011059 via StreetComplete 63.0:  Fresko, ist aber bereits separat eingetragen",2,0,Jonaes,Habe die beiden Nodes zusammengeführt changeset/181726318
4746686,Deutschland,54.3323597,10.1512170,2025-05-07 00:00:00,2026-04-23 16:08:35,351,Unknown,erst ab 9.5.2025 offen.  #OsmAnd,2,0,0xb7767000,Ist mit seasonal=summer im Grunde schon korrekt eingetragen
5194063,Deutschland,51.0406115,13.8018362,2026-03-07 00:00:00,2026-04-23 16:02:19,47,Unknown,"onosm.org submitted note from a business: Name: S&E Gebäudereinigung UG (haftungsbeschränkt) addr:housenumber=70 addr:street=Schandauer Straße addr:city=Dresden addr:postcode=01277 Phone number: 01577 5059838 Website: https://s-e-reinigung.de/ Opening Hours: Monday – Friday: 8:00 AM – 8:00 PM Saturday: Closed Sunday: Closed Category: Home Cleaning Description: Herzlich willkommen bei S&E Gebäudereinigung Dresden – Ihr Partner für Sauberkeit und Qualität! Sie suchen eine zuverlässige Gebäudereinigung in Dresden? Wir sind für Sie da! Ob Unterhaltsreinigung, Bauendreinigung, Glasreinigung oder Winterdienst – wir garantieren professionelle Ergebnisse und saubere Lösungen. Unser erfahrenes Team arbeitet mit moderner Technik und umweltfreundlichen Reinigungsmitteln. Wir bieten Ihnen individuell angepasste Leistungen, damit Ihre Räume in neuem Glanz erstrahlen. Kontaktieren Sie uns jetzt! Gerne erstellen wir ein unverbindliches Angebot, das perfekt zu Ihren Bedürfnissen passt. Wir freuen uns auf Sie! Ihr Team von S&E Gebäudereinigung Dresden Accepted payment methods:",2,0,Jonaes,changeset/181725974
5245109,Deutschland,51.0571616,13.7428653,2026-04-11 00:00:00,2026-04-23 15:55:14,12,sloppywu,'Price for a day is 6 Euros.' OSM snapshot date: 2026-01-25T13:04:34Z POI has no name POI types: fee-yes amenity-parking-fee  #organicmaps android 2026.01.26-11-Google,2,0,Jonaes,Eingetragen changeset/181725655
5245110,Deutschland,51.0591332,13.7384352,2026-04-11 00:00:00,2026-04-23 15:55:10,12,sloppywu,'24h cost 24 euros' OSM snapshot date: 2026-01-25T13:04:34Z POI has no name POI types: fee-yes amenity-parking-fee  #organicmaps android 2026.01.26-11-Google,2,0,Jonaes,Eingetragen changeset/181725655
4990307,Deutschland,50.5492550,9.6973770,2025-10-04 00:00:00,2026-04-23 15:48:57,201,m_fuhrmann,Hier steht noch ein Gerät was man einpflegen könnte.,6,0,m_fuhrmann,Cool! Danke! Habe die fehlende Schaukel hinzugefügt.
4881525,Deutschland,51.0604875,13.7441835,2025-07-29 00:00:00,2026-04-23 15:47:53,268,Unknown,Ingenieurbüro: https://ibsdk.de,2,0,Jonaes,Existiert bereits node/13627700025
5262282,Deutschland,51.4892510,7.5038900,2026-04-23 00:00:00,2026-04-23 15:42:15,0,Unknown,hier ist Café Beezou am Fred-Ape-Weg 66 in 44263 Dortmund,2,0,Bienson,Eingetragen
5198964,Deutschland,51.0625491,13.7610278,2026-03-10 00:00:00,2026-04-23 15:41:26,44,Unknown,"https://www.cafe-blanc.de/standort/  Das Cafe Blanc muss noch eingezeichnet werden.  Wie auch das Hotel Schwanenhaus noch korrekt getaggt werden muss, damit das Icon in der Karte sichtbar ist",2,0,Jonaes,https://www.openstreetmap.org/changeset/181725039
5259019,Deutschland,51.3485053,12.4059007,2026-04-21 00:00:00,2026-04-23 15:38:12,2,Unknown,"Passt die Adresse vom Spätkauf hier? Er ist auf der Hausnummer 105 platziert, heißt 'Spätkauf 105', aber hat die Hausnummer 103",2,0,Bastianowitz,Dieses Geschäft hat die Hausnummer 105 aber befindet sich im Umbau. Ich habe es überarbeitet und schließe jetzt den Hinweis.
3891893,Deutschland,49.2352427,8.1705078,2023-09-16 00:00:00,2026-04-23 15:15:56,950,LG24,Unable to answer 'Is this stop lit?' for https://osm.org/node/448826296 via StreetComplete 54.0:  Haltestelle verschoben hinter Ertelsgartenweg,4,1,Lokai,Bushaltestelle nun mit Schutzhütte und Bücherschrank an einem kleinen Platz.
5262741,Deutschland,48.2583906,11.0703079,2026-04-23 00:00:00,2026-04-23 15:11:30,0,jotthaah,Brücke Holzbrett 30cm  #OsmAnd,2,0,jotthaah,erledigt
5262740,Deutschland,48.2209667,10.9197088,2026-04-23 00:00:00,2026-04-23 15:07:18,0,jotthaah,Pfad gibt's nicht   #OsmAnd,2,0,jotthaah,erledigt
5262739,Deutschland,48.2212603,10.9179097,2026-04-23 00:00:00,2026-04-23 15:07:08,0,jotthaah,Pfad gibt's nicht   #OsmAnd,2,0,jotthaah,erledigt
5256362,Deutschland,53.6433834,10.1000941,2026-04-19 00:00:00,2026-04-23 14:56:46,4,Unknown,"Weg nur für Anwohner, ausdrücklich von Eigentümer so beschildert.",3,0,gormo,in https://www.openstreetmap.org/changeset/181723089 eingetragen Danke für den Hinweis!
2175617,Deutschland,48.0069660,7.7204865,2020-04-29 00:00:00,2026-04-23 14:54:53,2185,schoschi,Hier sieht das Mapping der Wege 4/2020 sehr seltsam aus - nochmal vor Ort prüfen.,4,0,Brabakbengel,
5262447,Deutschland,51.3314106,9.4557086,2026-04-23 00:00:00,2026-04-23 14:54:08,0,KiddiKai,"HNA: 'Tankstelle weg, Fläche an der Wolfhager Straße ist abgeräumt'  #OsmAnd",2,0,Creando,wurde wohl erledigt
4132463,Deutschland,53.6462000,10.2731400,2024-02-29 00:00:00,2026-04-23 14:48:15,784,!MRGBoss,Die gesamten umliegenden Adressen fehlen,2,0,gormo,Ich sehe Adressen im Umkreis. Ohne weitere Aktion geschlossen.
4939107,Deutschland,53.5493976,9.9597489,2025-08-31 00:00:00,2026-04-23 14:47:53,235,Looraxx,"'Dieser 'U-Bahn Eingang Hans Albers Platz', ist keine Ubahn, sondern ein Eingang zur Station S-Bahn Reeperbahn' OSM snapshot date: 2025-02-27T10:33:49Z POI name: Hans-Albers-Platz POI types: entrance wheelchair-no railway-subway_entrance-hamburg  #organicmaps android",3,0,Brabakbengel,ich habe euch die Eingänge angepasst
4132473,Deutschland,53.6670000,10.2754100,2024-02-29 00:00:00,2026-04-23 14:47:11,784,!MRGBoss,Überall in diesem Ort fehlen die Adressen!,2,0,gormo,Duplikat zu https://www.openstreetmap.org/note/4132472 ; ohne weitere Aktion geschlossen
4132474,Deutschland,53.6694000,10.2811300,2024-02-29 00:00:00,2026-04-23 14:47:06,784,!MRGBoss,Überall in diesem Ort fehlen die Adressen!,2,0,gormo,Duplikat zu https://www.openstreetmap.org/note/4132472 ; ohne weitere Aktion geschlossen
5261089,Deutschland,50.6738544,7.1087957,2026-04-22 00:00:00,2026-04-23 14:44:12,1,lowercase,Not sure what the right surface type this would be  via StreetComplete 63.0  Attached photo(s): https://streetcomplete.app/p/340018.jpg,2,0,TG-map4,you already mapped the surface - in my opinion correct. Nothing to do
5244017,Deutschland,53.5523267,9.9647551,2026-04-10 00:00:00,2026-04-23 14:32:11,13,crushor,Unable to answer 'Do you need to pay to enter here?' – grafisch Werbeatelier (Art Gallery) – https://osm.org/node/4290060560 via StreetComplete 63.0:  The store has changed,2,0,Brabakbengel,
4805295,Deutschland,53.5539061,9.9620666,2025-06-14 00:00:00,2026-04-23 14:31:21,313,morriskaya,Photoautomat Hamburg,2,0,Brabakbengel,
5261469,Deutschland,49.0833492,9.6884078,2026-04-22 00:00:00,2026-04-23 14:19:45,1,Unknown,Offenes Bücherregal  via StreetComplete 63.0  Attached photo(s): https://streetcomplete.app/p/340070.jpg https://streetcomplete.app/p/340071.jpg,4,1,SoulCover,Das Regal war als Bibliothek eingetragen. Die Bilder kannst du z.B. bei Panoramax hochladen und hier verlinken. https://www.openstreetmap.org/changeset/181721149
5262026,Deutschland,49.0855032,9.6828749,2026-04-23 00:00:00,2026-04-23 14:19:17,0,Unknown,Unable to answer 'What’s the house number of this building?' – Farm House – https://osm.org/way/163920838 via StreetComplete 63.0:  Keine Nummer erkennbar. Wirkt wie eine Scheune,2,0,SoulCover,geändert: https://www.openstreetmap.org/changeset/181721149
5262031,Deutschland,49.0838984,9.6872450,2026-04-23 00:00:00,2026-04-23 14:18:23,0,Unknown,"Unable to answer 'What’s the house number of this building?' – Farm House – https://osm.org/way/163922756 via StreetComplete 63.0:  Wirkt wie ein landwirtschaftliches Gebäude, Gerätehalle",2,0,SoulCover,geändert: https://www.openstreetmap.org/changeset/181721149
5262250,Deutschland,51.1972050,6.7891380,2026-04-23 00:00:00,2026-04-23 14:11:58,0,Znaika,Der Zelt ist weg,2,0,Znaika,gelöscht
5261453,Deutschland,49.0841267,9.6893714,2026-04-22 00:00:00,2026-04-23 14:07:32,1,Unknown,Wohnhaus Grundäcker 19  via StreetComplete 63.0,2,0,Unknown,
5261448,Deutschland,49.0853227,9.6895837,2026-04-22 00:00:00,2026-04-23 14:06:58,1,Unknown,Camperplätzle Grundäcker 7  via StreetComplete 63.0  Attached photo(s): https://streetcomplete.app/p/340064.jpg,3,0,Unknown,"Stimmt, es ist ein Abstellplatz für Wohnwägen und Wohnmobile."
5230404,Deutschland,52.2414057,10.5361690,2026-04-02 00:00:00,2026-04-23 13:57:41,21,Gunther134,Caspian Restaurant Mo-so 11:00-22:00  via StreetComplete 63.0  Attached photo(s): https://streetcomplete.app/p/335454.jpg,2,0,baltpeter,Behoben.
5261452,Deutschland,49.0845533,9.6887865,2026-04-22 00:00:00,2026-04-23 13:55:59,1,Unknown,Wohnhaus Grundäcker 15  via StreetComplete 63.0,2,0,SoulCover,Das Gebäude ist bereits als EFH eingetragen (https://wiki.openstreetmap.org/wiki/DE:Tag:building%3Ddetached)
5164048,Deutschland,51.4744602,11.9659781,2026-02-11 00:00:00,2026-04-23 13:44:15,71,Unknown,Kneipe Skeletto in der Zwingerstr. 17,2,0,AlexSpritze,https://www.openstreetmap.org/changeset/181719465
5252783,Deutschland,51.4917055,11.9783266,2026-04-16 00:00:00,2026-04-23 13:38:21,7,MoMiKaBe,Termine für den Salon Elen sind nach Vereinbarung oder direkt im Salon möglich.  via StreetComplete_ee 63.0  Attached photo(s): https://streetcomplete.app/p/338815.jpg,2,0,AlexSpritze,https://www.openstreetmap.org/changeset/181719124
5155529,Deutschland,51.1787583,14.3966356,2026-02-05 00:00:00,2026-04-23 13:19:25,77,BrummsLee,Ist Schwerdtner hier richtig positioniert? Hier ist die Alte Dresdener Straße Nr. 2. Laut Homepage Schwerdtner befindet sich die Filiale aber in der Alte Dresdener Straße Nr. 4... das wäre also nicht im OBI Markt. Wer weiß mehr???,2,0,MiSpi,"War heute vor Ort, das Cafe ist im OBI Markt, es ist auch kein weiterer Hinweis auf die alte D Straße 4 vorhanden, auf älteren OSM Karten war dies noch der Fall"
5262230,Deutschland,51.2001133,11.9736278,2026-04-23 00:00:00,2026-04-23 13:13:07,0,Unknown,Mops mit Mütze,2,0,AlexSpritze,https://www.openstreetmap.org/changeset/181718057
5181757,Deutschland,51.4424527,7.3654425,2026-02-26 00:00:00,2026-04-23 13:07:53,56,Unknown,Anfahrt zur Firma Düchting sollte über Wilhelm-Düchting-Str erfolgen. Materialanlieferungen über die Knapmannstr sind nicht möglich. Daher sollte der Pin verschoben werden.,3,0,UNO,Nach einer Überarbeitung der Gebäude führt das Routing jetzt auf die Wilhelm-Düchting-Straße.
5252845,Deutschland,51.1946079,6.7016548,2026-04-16 00:00:00,2026-04-23 13:06:32,7,Znaika,Zugang/Ausgang???,2,0,Znaika,Tor geschloßen
5127682,Deutschland,51.9400816,8.0012763,2026-01-13 00:00:00,2026-04-23 13:02:37,100,Nordseeküstenradweg,Wie ist der Weg hier beschildert? Der CS Kommentar passt m. M. n. nicht zu den access tags.,5,0,Nordseeküstenradweg,"Ja, sicher, kann zu."
5262025,Deutschland,51.1936350,6.7025610,2026-04-23 00:00:00,2026-04-23 13:01:11,0,Znaika,Ist der Zaun noch da?,2,0,Znaika,gelöscht
4723763,Deutschland,49.3865042,7.3537130,2025-04-23 00:00:00,2026-04-23 12:46:52,365,fianni,"'Kostenloser Stellplatz, 8 Plätze, Strom vorhanden (0,5€/kWh). Entsorgung an der Einfahrt (Wasser 1€/100L, Grauwasser, Toilette kostenlos)' OSM snapshot date: 2025-04-18T15:38:17Z POI name: Wohnmobilstellplatz Waldmohr POI types: tourism-caravan_site  #organicmaps ios",2,0,Vinzenz Mai,Hast Du ja selbst eingetragen.
5255569,Deutschland,52.9844174,9.8385740,2026-04-18 00:00:00,2026-04-23 12:35:30,5,Deckard,Unable to answer 'What are the opening hours here?' – Schneider (Toy Store) – https://osm.org/node/3262414535 via StreetComplete 63.0:  Das geört zum anderen Geschäft. Das ist ein großer Laden,2,0,OSM_RogerWilco,Ist aber richtig so. Die Öffnungszeiten einfach bei beiden POIs hinzufügen.
4888184,Deutschland,51.1127567,7.8825072,2025-08-02 00:00:00,2026-04-23 12:16:40,264,nrgeen,"Die Brücke ist gesperrt. Bitte um Prüfung der Eingabe, ob dies so korrekt hinterlegt ist. Gruß nrgeen",2,0,Heiko Möllerke,Das Brückenbauwerk wurde abgerissen.
5189859,Deutschland,49.3716614,7.3244187,2026-03-04 00:00:00,2026-04-23 12:09:10,50,jemareu,"Unable to answer 'What kind of building is this?' – Building – https://osm.org/way/705519318 via StreetComplete 63.0:  Existiert nicht mehr, ist jetzt flacher Parkplatz",2,0,Vinzenz Mai,Mit https://www.openstreetmap.org/changeset/181715196 erledigt.  Danke für den Hinweis.
5252022,Deutschland,50.7764440,6.0832178,2026-04-16 00:00:00,2026-04-23 11:54:27,7,Unknown,Das Goldene Einhorn ist dauerhaft geschlossen einstweilen.  https://archive.ph/tqvAE,2,0,aixbrick,'disused' gesetzt
5259514,Deutschland,50.7733587,6.0865678,2026-04-21 00:00:00,2026-04-23 11:54:18,2,Unknown,Dauerhaft geschlossen und steht leer jetzt.,2,0,aixbrick,'disused' gesetzt: https://www.openstreetmap.org/changeset/181714558
5262448,Deutschland,50.9259652,14.2564024,2026-04-23 00:00:00,2026-04-23 11:53:21,0,Unknown,"onosm.org submitted note from a business: Name: Bergwirtschaft Kuhstall addr:housenumber=1 addr:street=Kuhstall  addr:city=Bad Schandau addr:postcode=01814 Telefonnummer: +49 (0)35971 838610 Webseite: https://www.berggast.de/kuhstall/ Soziales Netzwerk: https://www.instagram.com/bergwirtschaftkuhstall/ Öffnungszeiten: Mo-Fr 11:00 bis 17:00 Uhr Rollstuhlzugang: no Kategorie: Sächsisches Restaurant Beschreibung: Gaststätte Akzeptierte Zahlungsmethoden: Bargeld,Bankkarte,Visa,Handy takeaway=no",2,0,Unknown,
5098030,Deutschland,51.1251151,14.1849500,2025-12-19 00:00:00,2026-04-23 11:35:13,125,sembelst134,"Bauarbeiten sind soweit, dass temporäre Treppenüberführung ausgedient hat. Neue Aufzüge bald in Betrieb.",9,0,BrummsLee,Behelfsbrücke wurde am 2026-04-21 durch User granitschädel entfernt. https://www.openstreetmap.org/changeset/181639588 Ich schließe den Hinweis.
5249429,Deutschland,52.4271928,13.4293328,2026-04-14 00:00:00,2026-04-23 11:33:52,9,Seandebasti,In context of overlay 'Things' – Broadleaved Tree – https://osm.org/node/13729310173 via StreetComplete 63.0:  Cydonia  Attached photo(s): https://streetcomplete.app/p/338310.jpg,2,0,Seandebasti,
5243600,Deutschland,53.0003580,9.0745090,2026-04-10 00:00:00,2026-04-23 11:30:55,13,Unknown,Straße ist geteert worden.,2,0,bison166,asphalt erledigt
5202359,Deutschland,52.2329583,11.5233125,2026-03-12 00:00:00,2026-04-23 10:12:27,42,m0nn3,Hier ist Haus Nummer 13. Dort ist die Klingel und der Postkasten.  via StreetComplete 63.0,2,0,hadhuey,"Danke für den Hinweis, geändert"
5065816,Deutschland,52.1326484,11.6210809,2025-11-24 00:00:00,2026-04-23 10:06:16,150,Unknown,Radfahrerrouting schlägt hier aus der Innenstadt kommend auf dem markierten kurzen Segment fehl weil oneway=no nicht ganz bis zur Maxim-Gorki-Straße (oder vielleicht besser noch dem für Radfahrer auch freigegebenen Gehweg?) reicht.,2,0,hadhuey,Danke für den Hinweis. Der Radweg ist nun bis zum gegenüberliegenden Weg 2-Richtung.
5203164,Deutschland,52.1243656,11.6339975,2026-03-13 00:00:00,2026-04-23 09:58:48,41,YieldMapper,In context of overlay 'Things' – Bicycle Parking – https://osm.org/way/1004309910 via StreetComplete 63.0:  Das sind mehr als 6 Bügel  Attached photo(s): https://streetcomplete.app/p/331717.jpg,2,0,hadhuey,"Danke für den Hinweis, anhand des Fotos aktualisiert"
5239120,Deutschland,52.1274204,11.6344110,2026-04-07 00:00:00,2026-04-23 09:56:13,16,nau,Plastik  via StreetComplete 63.0  Attached photo(s): https://streetcomplete.app/p/336899.jpg https://streetcomplete.app/p/336900.jpg,2,0,hadhuey,Ist etwa 20 m weiter nordöstlich von diesem Marker als 'Vertschaupet II' bereits eingetragen
5041723,Deutschland,47.8861991,12.5772884,2025-11-07 00:00:00,2026-04-23 09:54:00,167,stötti88,Hier befindet sich eine private Kamera.,6,1,stötti88,
4843515,Deutschland,52.1323290,11.6631031,2025-07-07 00:00:00,2026-04-23 09:52:45,290,Unknown,Hier haben Erschließungsarbeiten für den Bau des Abdulmohsen-Gerichts stattgefunden. Der Bau soll demnächst folgen.,2,0,hadhuey,redundanter Eintrag
5239363,Deutschland,52.1498349,11.6060244,2026-04-07 00:00:00,2026-04-23 09:38:52,16,Unrockbar85,"'Der Bäcker hat leider dauerhaft geschlossen.' The place has gone or never existed. A user of Organic Maps application has reported that the POI was visible on the map (see snapshot date below), but was not found on the ground. OSM snapshot date: 2025-11-09T01:21:36Z POI name: Olbrich POI types: shop-bakery  #organicmaps android 2026.03.12-2-FDroid",2,0,hadhuey,Danke für den Hinweis. Eintrag geändert
5058830,Deutschland,53.8947264,11.4629459,2025-11-18 00:00:00,2026-04-23 09:37:51,156,Unknown,"Die Berufsfeuerwehr wurde hier fälschlich doppelt als Umriss und Knoten eingetragen, nördlich an der Kleine Hohe Straße sind zudem zwei weitere Gebäude als namenlose Feuerwehren eingetragen. Vermutlich sind zwei Einträge zu entfernen und einer noch zu benennen (vielleicht eine freiwillige Feuerwehr?) und im Umriss zu korrigieren oder aber es sind gar alle drei zusätzlichen zu entfernen und der Umriss der Berufsfeuerwehr ist zu erweitern.  Vgl. https://wiki.openstreetmap.org/wiki/DE:Ein_Objekt,_ein_OSM-Element",3,0,Protoxenus,angepasst
4211487,Deutschland,52.5271815,13.3333683,2024-04-23 00:00:00,2026-04-23 09:32:23,730,mardiz,"Bauarbeiten bis 31.7.24, nur die Gehwege sind frei",7,0,mardiz,
5261479,Deutschland,51.8250629,11.5826046,2026-04-22 00:00:00,2026-04-23 09:28:51,1,Unknown,haus,2,0,AlexSpritze,"Falls sich dieser Hinweis auf fehlende Gebäude hier in der Nähe bezog: hinzugefügt, siehe CS https://www.openstreetmap.org/changeset/181708285 Anderenfalls nochmal einen neuen Hinweis erstellen mit ein paar mehr Informationen. Danke."
5252345,Deutschland,53.9069715,9.4832706,2026-04-16 00:00:00,2026-04-23 09:26:00,7,Michael-IZ,Grill geschlossen.Neu: Restaurant AN NGON (vietnamesisch & sushi)  #LocusMap,2,0,Peppi95,Betreiberwechsel angepasst.
5262014,Deutschland,51.3102322,12.3725301,2026-04-23 00:00:00,2026-04-23 09:15:53,0,cweiske,Unable to answer 'What are the opening hours here?' – Fahrschule Richter (Driving School) – https://osm.org/node/1121258531 via StreetComplete 63.0:  Gibrs nicht mehr,2,0,AlexSpritze,Auf disused gesetzt: https://www.openstreetmap.org/changeset/181707633
5261024,Deutschland,47.6584562,9.1694135,2026-04-22 00:00:00,2026-04-23 09:11:52,1,uwe-s,Unable to answer 'Are these opening hours still correct?' – Imbiss am Döbele (Fast Food) – https://osm.org/way/126794656 via StreetComplete 63.0:  Um kurz vor halb elf ist noch geschlossen. Leider kein Schild mit Informationen.  Attached photo(s): https://streetcomplete.app/p/340013.jpg,2,0,mcliquid,Danke dir. Laut allen möglichen Quellen im Internet haben die durchgehend geöffnet. In der Praxis öffnen sie wohl nur wenn sie Lust haben. Laut den Bewertungen im Netz sollte man da aber ohnehin nicht hingehen ;) Ich hab mal den Mittelwert der im Internet verfügbaren Öffnungszeiten eingetragen.
5251089,Deutschland,48.7188534,9.2280809,2026-04-15 00:00:00,2026-04-23 09:00:15,8,gruhler,Haus ist nicht mehr vorhanden  via StreetComplete 63.0,2,0,Rumo72,
5251087,Deutschland,48.7188552,9.2282251,2026-04-15 00:00:00,2026-04-23 09:00:12,8,gruhler,Haus ist nicht mehr vorhanden  via StreetComplete 63.0  Attached photo(s): https://streetcomplete.app/p/338530.jpg,2,0,Rumo72,erledigt.
5251097,Deutschland,48.7187911,9.2339222,2026-04-15 00:00:00,2026-04-23 08:54:54,8,gruhler,Häuser werden neu gebaut und anders  via StreetComplete 63.0  Attached photo(s): https://streetcomplete.app/p/338532.jpg https://streetcomplete.app/p/338533.jpg https://streetcomplete.app/p/338534.jpg,2,0,Rumo72,"eingetragen, danke!"
5031838,Deutschland,51.0268133,7.4136767,2025-10-31 00:00:00,2026-04-23 08:52:14,174,Tonüpsilon,"'Stella Engineering Rasenmäher-Fachhandel' The place has gone or never existed. A user of Organic Maps application has reported that the POI was visible on the map (see snapshot date below), but was not found on the ground. OSM snapshot date: 2025-10-21T03:35:21Z POI has no name POI types: building  #organicmaps android 2025.10.23-22-Google",2,0,DemolitionAlley,
5258591,Deutschland,51.5266716,9.9342853,2026-04-20 00:00:00,2026-04-23 08:43:27,3,Unknown,"dauerhaft geschlossen, jetzt ein Kiosk: R1  #OsmAnd",2,0,jengelh,
5137390,Deutschland,51.4401731,6.9666832,2026-01-21 00:00:00,2026-04-23 07:51:30,92,map|py,"Unable to answer 'Is there an air compressor available here?' – Gas Station – https://osm.org/node/4728166772 via StreetComplete 62.2:  Hier ist keine Tankstelle (mehr), nur der Autohändler",3,0,map|py,"Guter Hinweis, vielen Dank dafür. Es gibt auch keine LPG-Tankstelle"
4238033,Deutschland,48.9825956,9.4604661,2024-05-09 00:00:00,2026-04-23 07:39:48,714,cosmoscoffee,Unable to answer 'Who is allowed to use this playground?' – Playground – https://osm.org/way/34210843 via StreetComplete 57.3:  scheint aktuell eine Baustelle zu sein?  Attached photo(s): https://westnordost.de/p/211459.jpg,2,0,Tschaeck,"Spielplatz auf disused gesetzt, da keine sichtbaren Anzeichen für Bolz- oder Spielplatz vorhanden"
4992222,Deutschland,50.7628047,10.3140310,2025-10-05 00:00:00,2026-04-23 07:37:53,200,work_maintenance55,Unable to answer 'What’s the surface here?' – on bridge: Foot Path – https://osm.org/way/202334235 via StreetComplete 61.3:  Steg aus blauen modularen Plastik Schwimmkörpern,2,0,Rallioz,
4947630,Deutschland,50.7623892,10.3148184,2025-09-05 00:00:00,2026-04-23 07:36:52,230,work_maintenance55,'opening hours: 10-20h (see: https://strandbad-breitungen.de/)' OSM snapshot date: 2025-08-08T13:08:07Z POI name: Strandbad Breitungen POI types: landuse-recreation_ground  #organicmaps android,2,0,Rallioz,
4947632,Deutschland,50.7611778,10.3180102,2025-09-05 00:00:00,2026-04-23 07:35:02,230,work_maintenance55,'opening hours: 10-18h (see: https://strandbad-breitungen.de/)' OSM snapshot date: 2025-08-08T13:08:07Z POI has no name POI types: fee-yes leisure-miniature_golf  #organicmaps android,2,0,Rallioz,
5251057,Deutschland,51.5033898,12.0533508,2026-04-15 00:00:00,2026-04-23 07:21:21,8,Turbofreak17,Unable to answer 'Does this crosswalk have tactile paving on both ends?' – Unmarked Crossing – https://osm.org/node/413987035 via StreetComplete 63.0:  Kein Zebrastreifen,3,0,Bahntech,"Taktile Leitsysteme sind eine spezielle Art von Bodenbelag, die wichtige Hinweise geben und Fußgängern helfen, sich sicher und souverän auf Gehwegen zu bewegen . Taktile Leitsysteme warnen Fußgänger vor Gefahren und liefern Informationen. Beispielsweise können sie sehbehinderte Fußgänger auf Überwege, Bahnsteigkanten und gemeinsame Radwege aufmerksam machen. >keine Markierung ist eingetragen,  also nicht vorhanden <"
5258297,Deutschland,50.9890638,6.0253868,2026-04-20 00:00:00,2026-04-23 07:02:02,3,Unknown,"Hier keine Durchfahrt mit einem Fahrzeug möglich; außerdem wäre hier eine Fahrt 'aufwärts' in Richtung Bundesstraße ohnehin nicht möglich, da es sich um eine Einbahnstraße handelt!",2,0,tux67,https://www.openstreetmap.org/changeset/181702664
5261481,Deutschland,51.8260310,11.5850401,2026-04-22 00:00:00,2026-04-23 07:01:47,1,Unknown,movung,2,0,AlexSpritze,Kein hilfreicher Kommentar. Schließen.
4902477,Deutschland,47.6906523,8.7697243,2025-08-10 00:00:00,2026-04-23 06:54:56,256,goefra,Durchfahrt gesperrt.  via StreetComplete 60.3,2,0,habi,Resolved with changeset https://www.openstreetmap.org/changeset/181702447 by noteSolver_plugin/0.5.0
4902475,Deutschland,47.6895949,8.7690893,2025-08-10 00:00:00,2026-04-23 06:54:56,256,goefra,Durchfahrt gesperrt.  via StreetComplete 60.3,4,0,habi,Resolved with changeset https://www.openstreetmap.org/changeset/181702447 by noteSolver_plugin/0.5.0
5212954,Deutschland,50.5597844,9.6513421,2026-03-20 00:00:00,2026-04-23 06:47:18,34,m_fuhrmann,Ein Bild von dem Wegweiser wäre gut zu haben. Dann könnten wir die Wegrichtungen eintragen. Siehe hier: https://wiki.openstreetmap.org/w/index.php?title=Key:direction_north&uselang=de  Hier ein Bsp: https://www.openstreetmap.org/node/12954454114#map=19/50.542295/9.645450&layers=N,4,0,m_fuhrmann,"Ich habe ihn eingetragen. Diese Teile haben übrigens auch einen Referenzcode. Man sollte einen Aufkleber an dem Pfosten sehen. Den zu fotografieren (wenn man eh schon da ist) ergibt da Sinn, denn man kann diese auch erfassen.  Was ich mir noch angewöhnt habe ist, noch ein weiters Bild hinzuzufügen, was noch zeigt wo genau die Schilder hinzeigen. Zwecks Orientierung. Hilft beim Richtung bestimmen.  Vielen Dank!"
4623420,Deutschland,49.2791761,11.4556369,2025-02-11 00:00:00,2026-04-23 06:43:16,436,letihu,Die Nr. 2 ist hier doppelt vergeben.,5,0,HAmap,"Adresse hier stimmt, die andere Nummer 2 liegt in der Steingasse"
5246208,Deutschland,49.2792400,11.4557513,2026-04-12 00:00:00,2026-04-23 06:42:19,11,HAmap,Ist hier ein Straßenschild 'Steingasse' zu sehen?,2,0,HAmap,auf der anderen Seite (Ecke Hallertorstraße)
5246209,Deutschland,49.2790170,11.4559203,2026-04-12 00:00:00,2026-04-23 06:41:53,11,HAmap,Ist hier ein Straßenschild 'Steingasse' zu sehen?,5,0,HAmap,Hier an dieser Ecke ist das Straßenschild 'Steingasse'
5246206,Deutschland,49.2789774,11.4561072,2026-04-12 00:00:00,2026-04-23 06:41:21,11,HAmap,Ist hier Hallertorstr. Nr 12?,2,0,HAmap,Nr. 12 ist nirgends zu finden. Scheinbar als Hausnummer weg gefallen
5231330,Deutschland,47.9777186,8.3918611,2026-04-03 00:00:00,2026-04-23 06:20:04,20,lutralutra,Unable to answer 'How is this power line attached?' – Power Pole – https://osm.org/node/3894053633 via StreetComplete 63.0:  Kein Strommast vorhanden,2,0,wermak,Mast/Leitung entfernt.
5231140,Deutschland,48.7974754,9.0170800,2026-04-03 00:00:00,2026-04-23 06:17:23,20,Muklas1,Unable to answer 'Which direction leads upwards here?' – Steps – https://osm.org/way/745636727 via StreetComplete 63.0:  Wie andere Treppe ohne Richtung,2,0,Rumo72,
5259250,Deutschland,53.9040700,13.7479915,2026-04-21 00:00:00,2026-04-23 05:51:53,2,hsusthbak,Unable to answer 'How is this power line attached?' – Power Pole – https://osm.org/node/2143779463 via StreetComplete 63.0:  Keine Leitung zu sehen,2,0,wermak,Leitung entfernt.
5261425,Deutschland,50.5591238,9.6402653,2026-04-22 00:00:00,2026-04-23 05:38:51,1,matze089,Unable to answer 'How is this power line attached?' – Power Pole – https://osm.org/node/6520716345 via StreetComplete 63.0:  Ohne Funtion. Kein Leitungsanschluss mehr  Attached photo(s): https://streetcomplete.app/p/340056.jpg,2,0,wermak,Leitung entfernt.
5261427,Deutschland,50.5578492,9.6406860,2026-04-22 00:00:00,2026-04-23 05:38:33,1,matze089,Unable to answer 'How is this power line attached?' – Power Pole – https://osm.org/node/6520716344 via StreetComplete 63.0:  Nicht vorhanden,2,0,wermak,Entfernt.
4904798,Deutschland,48.5922200,8.0535620,2025-08-11 00:00:00,2026-04-23 03:38:11,255,aleynrawr,Kern's Tel.Nr: 07841-5636  via StreetComplete 61.2,2,0,wermak,https://www.openstreetmap.org/node/747359172/history
4904797,Deutschland,48.5929341,8.0533234,2025-08-11 00:00:00,2026-04-23 03:37:34,255,aleynrawr,Bank  via StreetComplete 61.2  Attached photo(s): https://streetcomplete.app/p/297775.jpg,2,0,wermak,Eingetragen.
4906075,Deutschland,48.6124558,8.0826870,2025-08-12 00:00:00,2026-04-23 03:14:13,254,aleynrawr,Bank  via StreetComplete 61.2  Attached photo(s): https://streetcomplete.app/p/297891.jpg,2,0,wermak,Eingetragen.
4904796,Deutschland,48.6156623,8.0857818,2025-08-11 00:00:00,2026-04-23 03:06:14,255,aleynrawr,Der Edeka öffnet: Mo-Sa 8-20 Uhr  via StreetComplete 61.2,2,0,wermak,Korrigiert.
2972404,Deutschland,49.5224226,9.3205556,2021-12-16 00:00:00,2026-04-22 23:36:18,1588,whb,Den Weg und die Brücke scheint es so nicht mehr zu geben?,3,0,wermak,"Brücke ist jetzt aus Karte entfernt, https://www.openstreetmap.org/way/148345495/history."
5182304,Deutschland,49.6193857,8.4325004,2026-02-26 00:00:00,2026-04-22 22:54:24,55,geo_VRN,"Ist die Straße 'Am Kechlersbrunnen' weiterhin für Kraftfahrzeuge gesperrt? Bei StreetView konnten wir kein entsprechendes Verkehrszeichen finden, und laut unseren Informationen sollten Busse hier fahren dürfen.",2,0,wermak,Straße hat keine Beschränkungen.  Ist jetzt korrekt eingetragen.
5185089,Deutschland,51.0629166,13.6818570,2026-02-28 00:00:00,2026-04-22 21:40:50,53,Jens Briesnitz,Dieser Weg ist jetzt für Radfahrer und Fußgänger asphaltiert und beleuchtet,3,0,Jonaes,
5203409,Deutschland,51.0821313,13.7645990,2026-03-13 00:00:00,2026-04-22 21:33:04,40,aarontrom,"'Das Mietmagazin ist kein wirklich Medienstudio, sondern Mobiliar + Ausstattung, aber dafür gab es keine Kategorie...' OSM snapshot date: 2026-03-07T17:53:41Z POI name: Mietmagazin POI types: amenity-studio  #CoMaps android 2026.03.09-18",2,0,Jonaes,"Habe es auf office=rental mit rental=event geändert, das scheint mir ganz gut zu passen"
5114184,Deutschland,49.4791722,7.6091051,2026-01-02 00:00:00,2026-04-22 21:25:53,110,bicyclett,Hier ist ein neuer Kreisverkehr gebaut worden.  https://www.mapillary.com/app/?pKey=1021052753512540,2,0,NxPFoto,Ist bereits eingetragen. Ich habe soeben noch die Fußgängerquerungen ergänzt.
4592666,Deutschland,49.4788877,7.6082072,2025-01-18 00:00:00,2026-04-22 21:25:18,459,Erwiniaantonia,"Bushaltestelle überdacht, 3 Sitzplätze. Momentan keine Beleuchtung, kein Mülleimer.  via StreetComplete 60.1  Attached photo(s): https://streetcomplete.app/p/257698.jpg",2,0,NxPFoto,ergänzt :)
2804408,Deutschland,51.0729694,13.7430418,2021-08-15 00:00:00,2026-04-22 21:25:09,1711,reDoubleYou,"Fußwege werden im Allgemeinen nicht separat erfasst, sondern an der betreffenden Straße getaggt. Gibt es vor Ort einen besonderen Grund für diese Verwendung?",3,0,Jonaes,"Die Bürgersteige sollten nun alle richtig verbunden sein, sodass Routing möglich ist.  Damit hat sich aus meiner Sicht diese Note erledigt, da das seperate Mapping an sich nicht falsch ist (wenngleich in diesem Viertel nicht unbedingt nötig) und seit 4 Jahren sonst auch nichts passiert ist."
5163471,Deutschland,51.7933944,8.0288916,2026-02-11 00:00:00,2026-04-22 21:04:46,70,geomaniX,Das hier soll laut ALKIS NRW die Hausnummer 3 anstelle der eingetragenen 3a sein.  Welche Nummer hängt am Gebäude?,3,0,chris66,ist somit erledigt.
5033380,Deutschland,51.7492337,8.5923064,2025-11-01 00:00:00,2026-04-22 20:58:56,172,bielebog,Vermutlich ist hier Tempo 30 wegen des neuen Kindergartens,2,0,bielebog,"Eine Tempo 30-Zone ist erst nordöstlich angrenzend beschildert, vor dem Kindergarten ist Tempo 50."
4292782,Deutschland,49.2164253,8.2023346,2024-06-15 00:00:00,2026-04-22 20:45:17,676,Unknown,Brücke gesperrt,3,0,Lokai,An der Stelle gibt es keine Brücke. Circa 200 m südlich schon. Die ist ohne Mängel.
3015489,Deutschland,51.0601312,13.6722615,2022-01-18 00:00:00,2026-04-22 20:37:53,1555,Lennox11,"'Verkauft' The place has gone or never existed. A user of Organic Maps application has reported that the POI was visible on the map (see snapshot date below), but was not found on the ground. OSM snapshot date: 2022-01-03T12:11:12Z POI name: Pension Naumann POI types: tourism-guest_house  #organicmaps",2,0,Jonaes,gelöscht changeset/181690486
3187698,Deutschland,51.0636768,13.6608124,2022-05-20 00:00:00,2026-04-22 20:33:35,1433,Unknown,permanent gesloten,3,0,Jonaes,bislang hat dort nichts wiedereröffnet und die Webseite ist absolut nichtssagend. Habe den POI nun deaktiviert
5111725,Deutschland,51.0719510,13.7670841,2025-12-30 00:00:00,2026-04-22 20:24:36,113,Unknown,Die Linie 74 fährt nur noch zwischen Waldschlößchen und Jägerpark https://www.tag24.de/dresden/dresdner-verkehrsbetriebe-ag/dvb-einschraenkungen-seit-montag-gelten-diese-aenderungen-bei-bus-und-bahn-3390747,2,0,Jonaes,in changeset/181690029 angepasst
5243405,Deutschland,48.1429344,11.6199678,2026-04-10 00:00:00,2026-04-22 20:22:15,12,LittleJoeMuc,Hier ist kein weg.  via StreetComplete_ee 63.0,3,0,tumtrahS,Weg gelöscht
5189143,Deutschland,51.8404419,8.0292470,2026-03-03 00:00:00,2026-04-22 20:21:15,50,Nordseeküstenradweg,Hier passt die Höchstgeschwindigkeit nicht zur Klassifikation der Straße. In highway=living_street kann maxspeed nicht 30 sein.,3,0,Nordseeküstenradweg,Vor Ort ist auch nichts. Danke für die Bestätigung.
5208766,Deutschland,51.4341280,6.7630880,2026-03-17 00:00:00,2026-04-22 20:14:21,36,Nachtfalke57,"Heidi´s Blumeneck, Kuhstr.8, 47051 Duisburg (seit 1.11.2025)",5,1,pernonides,Öffnungszeiten und Kontaktdaten habe ich ergänzt. changeset/181689729
5073764,Deutschland,51.9189990,7.9981086,2025-11-30 00:00:00,2026-04-22 20:10:41,143,Unknown,Bank gibt es nicht mehr,3,0,Nordseeküstenradweg,
5261627,Deutschland,49.0342845,11.5941237,2026-04-22 00:00:00,2026-04-22 20:02:47,0,de_dietfurt_hbf,1b  via StreetComplete 63.0,2,0,de_dietfurt_hbf,
5261626,Deutschland,49.0343119,11.5940414,2026-04-22 00:00:00,2026-04-22 20:01:55,0,de_dietfurt_hbf,1a  via StreetComplete 63.0,2,0,de_dietfurt_hbf,
5261548,Deutschland,48.5515212,12.1831859,2026-04-22 00:00:00,2026-04-22 20:01:39,0,essich,Klapppoler  via StreetComplete 63.0  Attached photo(s): https://streetcomplete.app/p/340120.jpg,2,0,essich,
3640202,Deutschland,52.1298994,13.6165923,2023-04-13 00:00:00,2026-04-22 19:54:15,1105,Unknown,das Gelände der Klinik ist größer,2,0,streckenkundler,...das ist aber immernoch Wald...
5261547,Deutschland,48.5511529,12.1833495,2026-04-22 00:00:00,2026-04-22 19:53:34,0,essich,Laden 6 KundenParkplätze  via StreetComplete 63.0  Attached photo(s): https://streetcomplete.app/p/340113.jpg https://streetcomplete.app/p/340114.jpg https://streetcomplete.app/p/340115.jpg https://streetcomplete.app/p/340116.jpg https://streetcomplete.app/p/340117.jpg https://streetcomplete.app/p/340118.jpg https://streetcomplete.app/p/340119.jpg,2,0,essich,
5261623,Deutschland,49.0343384,11.5952125,2026-04-22 00:00:00,2026-04-22 19:52:59,0,de_dietfurt_hbf,Garage  via StreetComplete 63.0,2,0,de_dietfurt_hbf,
5261631,Deutschland,49.0342079,11.5949351,2026-04-22 00:00:00,2026-04-22 19:51:18,0,de_dietfurt_hbf,9a  via StreetComplete 63.0,2,0,de_dietfurt_hbf,
5261629,Deutschland,49.0342365,11.5948390,2026-04-22 00:00:00,2026-04-22 19:47:31,0,de_dietfurt_hbf,Garage  via StreetComplete 63.0,2,0,de_dietfurt_hbf,
5261638,Deutschland,49.0341658,11.5947683,2026-04-22 00:00:00,2026-04-22 19:47:23,0,de_dietfurt_hbf,Weg schotter  via StreetComplete 63.0  GPS Trace: https://www.openstreetmap.org/user/de_dietfurt_hbf/traces/12307413,2,0,de_dietfurt_hbf,
2648860,Deutschland,52.1737779,13.6607085,2021-05-02 00:00:00,2026-04-22 19:45:36,1816,rik_,An dieser Stelle kommt man in Richtung Nord nicht mehr weiter (siehe [1])  Straßenverlauf sollte geprüft und korrigiert werden (wie kommen die Bewohnerinnen an die nördlich gelegenen Grundstücke? Gibt es ggf. eine Verbindung via [2]?)  [1] https://www.mapillary.com/app/?lat=52.173626&lng=13.660795&z=17&pKey=QdkEKH5834V8kXIfIADL5K&focus=photo  [2] https://www.openstreetmap.org/way/693292553#map=19/52.17554/13.65732&layers=N,4,0,streckenkundler,"In den Luftbildern schön zu sehen...   https://bb-viewer.geobasis-bb.de/?layerIDs=0001,550,159,9002&visibility=true,true,true,true&transparency=0,0,0,0&center=408333.95843799296,5781366.421261877&zoomlevel=14  Zwischen dem in OSM erfassten Zaun sowie der Waldkante verläuft weiterhin ein Weg (vielleicht keine öffentliche Straße mehr)  hab mal angepasst. https://www.openstreetmap.org/changeset/181688746"
5261664,Deutschland,49.0376795,11.5916068,2026-04-22 00:00:00,2026-04-22 19:38:28,0,de_dietfurt_hbf,Garage n  via StreetComplete 63.0,2,0,de_dietfurt_hbf,
5248690,Deutschland,48.5375539,12.1519079,2026-04-13 00:00:00,2026-04-22 19:36:06,9,essich,Gibt es dieses öffentliche Telefon noch?,2,0,essich,"Nein, entfernt"
5052561,Deutschland,48.0893838,11.6731236,2025-11-14 00:00:00,2026-04-22 19:34:02,159,o ha,"Unable to answer 'What’s the surface here?' – Path – https://osm.org/way/802214753 via StreetComplete 59.3:  Kein Weg gefunden, nicht Mal Trampelpfad",2,0,Rainero,"Danke für den Hinweis. Da ist definitiv kein Durchkommen, ein aufgeforstetes Dickicht. Ich habe den Pfad entfernt, aber zwei andere noch nicht kartierte ergänzt."
5224819,Deutschland,51.0683327,13.7455103,2026-03-29 00:00:00,2026-04-22 19:32:28,24,flappiegrrr,Hier gibt es seit kurzem eine neue Vorfahrtsregel. Lößnitz Straße gibt Vorfahrt. Und Dr Friedrich Wolf Straße und Damm weg haben einmal Vorfahrt.  via StreetComplete 63.0,9,0,flappiegrrr,
2648869,Deutschland,52.1638786,13.6361159,2021-05-02 00:00:00,2026-04-22 19:32:18,1816,rik_,"Ich habe die Zemminerseestraße an dieser Stelle aufgetrennt, da sie hier definitiv nicht als Straße existiert (von beiden Seiten zugewuchert).  Evt. ist hier zu Fuß ein Vorankommen möglich, das müsste mal bei Gelegenheit man jemand prüfen.  Vergleiche folgende Mapillary-Aufnahmen:  https://www.mapillary.com/app/?lat=52.163734999975006&lng=13.636361000057&z=17&pKey=TLDbVu1Ehs2StXpwKCJ6nE&focus=photo  und  https://www.mapillary.com/app/?lat=52.16422000001&lng=13.635835000037&z=17&pKey=tKS8lKXZBaSfWuijBN6Lbz&focus=photo",6,0,streckenkundler,"Guten Abend zusammen,  ...ich schließe mal diesen Hinweis... In den Luftbildern des LGB der Jahre 2009-2012 sind zuletzt für mich Hinweise einer Brücke zu sehen...   https://bb-viewer.geobasis-bb.de/?layerIDs=0001,543,546,544,159,9002&visibility=true,true,true,true,true,true&transparency=0,0,10,90,0,0&center=406713.8581803127,5780148.43156172&zoomlevel=14  Den Rest habt ihr gezeigt. Ich sehe keine Notwendigkeit der Meldung mehr.  Sven"
4195779,Deutschland,52.1780372,13.6500621,2024-04-13 00:00:00,2026-04-22 19:22:49,739,mardiz,"Auf mapillary ist auch für diesen Weg ein Schild mit 'Motzener Straße' zu erkennen, nicht Hofjagdweg",7,1,streckenkundler,Ok... ergänzt... https://www.openstreetmap.org/changeset/181688012
5261537,Deutschland,51.9717016,13.8945518,2026-04-22 00:00:00,2026-04-22 19:18:18,0,rizn,Sitzbank   #OsmAnd,2,0,streckenkundler,"Hei, war schon erfasst, hab sie nur lagekorrigiert. Danke!"
5261538,Deutschland,51.9719426,13.8945273,2026-04-22 00:00:00,2026-04-22 19:18:09,0,rizn,Sitzbank   #OsmAnd,2,0,streckenkundler,"Hei, war schon erfasst, hab sie nur lagekorrigiert. Danke!"
5261546,Deutschland,48.5507364,12.1834283,2026-04-22 00:00:00,2026-04-22 19:13:09,0,essich,Mehr Garagen  via StreetComplete 63.0  Attached photo(s): https://streetcomplete.app/p/340112.jpg,2,0,essich,
5261290,Deutschland,52.6624904,9.7669744,2026-04-22 00:00:00,2026-04-22 19:12:50,0,Unknown,W Soldat @×u+226zi oyu,2,0,osmmapper222,Spam?!
5261544,Deutschland,48.5509035,12.1841464,2026-04-22 00:00:00,2026-04-22 19:11:44,0,essich,"Tiefgarage, wege  via StreetComplete 63.0  Attached photo(s): https://streetcomplete.app/p/340104.jpg https://streetcomplete.app/p/340105.jpg https://streetcomplete.app/p/340106.jpg https://streetcomplete.app/p/340107.jpg https://streetcomplete.app/p/340108.jpg https://streetcomplete.app/p/340109.jpg https://streetcomplete.app/p/340110.jpg",2,0,essich,
4835170,Deutschland,53.0862792,11.0011125,2025-07-02 00:00:00,2026-04-22 19:08:26,294,Unknown,Baugebiet,2,0,HaKaMeElbe,
5261583,Deutschland,49.4597986,10.9289201,2026-04-22 00:00:00,2026-04-22 18:49:19,0,epigen108,Bahnübergang für Fußgänger W neben der Straße  via StreetComplete 63.0  Attached photo(s): https://streetcomplete.app/p/340127.jpg,2,0,epigen108,https://www.openstreetmap.org/changeset/181686882
5261545,Deutschland,48.5510019,12.1842590,2026-04-22 00:00:00,2026-04-22 18:44:57,0,essich,Baustelle  via StreetComplete 63.0  Attached photo(s): https://streetcomplete.app/p/340111.jpg,2,0,essich,
5261109,Deutschland,51.5537106,6.9920044,2026-04-22 00:00:00,2026-04-22 18:44:20,0,icke68746,"Europastraße 40, Firma BSG  via StreetComplete 63.0  Attached photo(s): https://streetcomplete.app/p/340020.jpg https://streetcomplete.app/p/340021.jpg",2,0,icke68746,Gebäude ergänzt
5261542,Deutschland,48.5477955,12.1796837,2026-04-22 00:00:00,2026-04-22 18:34:57,0,essich,Kleine Grünanlage  via StreetComplete 63.0  Attached photo(s): https://streetcomplete.app/p/340095.jpg https://streetcomplete.app/p/340096.jpg https://streetcomplete.app/p/340097.jpg https://streetcomplete.app/p/340098.jpg,2,0,essich,
5261582,Deutschland,49.4611107,10.8548219,2026-04-22 00:00:00,2026-04-22 18:29:13,0,epigen108,In context of overlay 'Surfaces' – Service Road – https://osm.org/way/222576035 via StreetComplete 63.0:  Treppe (10 Stufen)  Attached photo(s): https://streetcomplete.app/p/340126.jpg,2,0,epigen108,https://www.openstreetmap.org/changeset/181686168
5212631,Deutschland,49.4613347,10.8580927,2026-03-20 00:00:00,2026-04-22 18:28:57,33,redToe,Unable to answer 'Are these opening hours still correct?' – Metzgerei List (Butcher) – https://osm.org/node/2578270865 via StreetComplete 63.0:  Die Metzgereifiliale existiert nicht mehr. Nur noch die Gastwirtschaft List.  Es ist ein Pizzabäcker in die Filiale eingezogen.  Attached photo(s): https://streetcomplete.app/p/332880.jpg,3,0,epigen108,
4522670,Deutschland,49.4611227,10.8578035,2024-11-17 00:00:00,2026-04-22 18:28:50,521,Patrick1992,"'Geschlossen ' The place has gone or never existed. A user of Organic Maps application has reported that the POI was visible on the map (see snapshot date below), but was not found on the ground. OSM snapshot date: 2024-10-17T20:37:52Z POI name: Greller POI types: shop-bakery  #organicmaps android",3,0,epigen108,"Ich habe in https://www.openstreetmap.org/changeset/181686168 nur den alten Knoten des (historischen) Geschäfts entfernt. Da die Gebäude der Friedenseiche in der Karte noch nicht verbunden waren, habe ich das Gebäude dort nicht hinzufügen können."
5033983,Deutschland,47.6319265,13.0022362,2025-11-02 00:00:00,2026-04-22 18:22:50,171,Unknown,Max 7 Bistro & Kulturraum  Maximilianstraße 7  83471 Berchtesgaden  Tel.: +49 179 2185775 E-Mail-Adresse: mail@claudiagrassl.com  karte https://www.max7berchtesgaden.com/menü  https://www.max7berchtesgaden.com  https://www.instagram.com/max7berchtesgaden/?hl=de,3,0,LaLinea,Bistro erfasst:  https://osm.org/node/5272702479
5075020,Deutschland,52.5878317,13.3657774,2025-12-01 00:00:00,2026-04-22 18:16:58,142,Pankower Früchtchen,Institution heißt nicht mehr SchuleEins Filiale Wilhelmsruh. Neuer Name:  Rote Schule Wilhelmsruh.  Internet: https://rote-schule.de,2,0,Berlin53,"Erledigt. Dort findet kein Unterricht mehr statt, nur noch Freizeitaktivitäten."
5043042,Deutschland,49.4574554,10.8530339,2025-11-08 00:00:00,2026-04-22 18:15:29,165,rnhodek,Unable to answer 'Is there a bench at this stop?' – Cadolzburg Burg (Bus Stop) – https://osm.org/node/9641103417 via StreetComplete 61.3:  Ich sehe hier keine Haltestelle,3,0,epigen108,https://www.openstreetmap.org/changeset/181685768
5261543,Deutschland,48.5497251,12.1816192,2026-04-22 00:00:00,2026-04-22 18:14:13,0,essich,Durchgang bis Stömerweg  via StreetComplete 63.0  Attached photo(s): https://streetcomplete.app/p/340099.jpg https://streetcomplete.app/p/340100.jpg https://streetcomplete.app/p/340101.jpg https://streetcomplete.app/p/340102.jpg https://streetcomplete.app/p/340103.jpg,2,0,essich,
5231146,Deutschland,48.7969952,9.0177859,2026-04-03 00:00:00,2026-04-22 18:13:18,19,Muklas1,Unable to answer 'Which direction leads upwards here?' – Steps – https://osm.org/way/306741883 via StreetComplete 63.0:  Wie andere Treppe ohne Richtung,3,0,Muklas1,"Hi Rumo72, ich stand da wohl auf dem Schlauch. Ich habe angefangen, Änderungen direkt einzupflegen, und für die beiden restlichen Treppen habe ich das incline Tag hinzugefügt."
5013113,Deutschland,53.1072360,11.1140066,2025-10-19 00:00:00,2026-04-22 18:04:00,185,OPerivar,Steht das Gebäude leer oder ist hier noch irgendetwas?,4,1,HaKaMeElbe,In dem Gebäude war die Disco 'Apex'. Aktuelle ist das Gebäude ungenutzt
5261560,Deutschland,50.4815410,10.1868237,2026-04-22 00:00:00,2026-04-22 17:57:55,0,Unknown,Kinderarztpraxis,2,0,Nurde60,
5094113,Deutschland,47.6253865,13.0008414,2025-12-16 00:00:00,2026-04-22 17:57:20,127,Unknown,E-Kiosk Berchtesgaden Shop Nr. 067 24h Königsseer Straße 2 83471 Berchtesgaden  https://www.e-kiosk.eu/#shops >> de  Betreiber Impressum 24/7 Kreis GbR Hinterau 10 83483 Bischofswiesen  E - Mail: info@24-7kreis.de,2,0,LaLinea,Ladenlokal erfasst:  https://osm.org/node/13753084174
5094106,Deutschland,47.6253847,13.0008602,2025-12-16 00:00:00,2026-04-22 17:57:13,127,Unknown,E-Kiosk Berchtesgaden Shop Nr. 067 24h Königsseer Straße 2 83471 Berchtesgaden  https://www.e-kiosk.eu/#shops    >> de  E-Kiosk<info@24-kreis.de>  in der Ecke vom Gebäude ebenerdig,2,0,LaLinea,Ladenlokal erfasst:  https://osm.org/node/13753084174
5236166,Deutschland,53.0902678,11.0672235,2026-04-05 00:00:00,2026-04-22 17:50:45,17,TheHosch,30 schon direkt hinter dem Ortseingang.,4,1,HaKaMeElbe,
5261528,Deutschland,51.1337964,6.2716432,2026-04-22 00:00:00,2026-04-22 17:48:11,0,The Invisible Freak,Trafostation 201089 Mühltalweg 24  via StreetComplete 63.0  Attached photo(s): https://streetcomplete.app/p/340086.jpg,2,0,The Invisible Freak,
5261527,Deutschland,51.1380345,6.2732038,2026-04-22 00:00:00,2026-04-22 17:46:19,0,The Invisible Freak,Trafostation 200512 Bergstr. 29  via StreetComplete 63.0  Attached photo(s): https://streetcomplete.app/p/340085.jpg,2,0,The Invisible Freak,
5212941,Deutschland,50.5361350,9.6469087,2026-03-20 00:00:00,2026-04-22 17:46:08,33,m_fuhrmann,Ein Bild von dem Wegweiser wäre gut zu haben. Dann könnten wir die Wegrichtungen eintragen. Siehe hier: https://wiki.openstreetmap.org/w/index.php?title=Key:direction_north&uselang=de  Hier ein Bsp: https://www.openstreetmap.org/node/12954454114#map=19/50.542295/9.645450&layers=N,4,0,flex16,Das Symbol bedeutet Jugendherberge. Eingetragen.
5261526,Deutschland,51.1464334,6.2807728,2026-04-22 00:00:00,2026-04-22 17:45:27,0,The Invisible Freak,Trafostation 200846 Jakob-Hoogen-Str. 3  via StreetComplete 63.0  Attached photo(s): https://streetcomplete.app/p/340084.jpg,2,0,The Invisible Freak,
5261525,Deutschland,51.1480877,6.2856869,2026-04-22 00:00:00,2026-04-22 17:44:30,0,The Invisible Freak,Trafostation 0542 WEG Spielburgweg 34  via StreetComplete 63.0  Attached photo(s): https://streetcomplete.app/p/340083.jpg,2,0,The Invisible Freak,
5261529,Deutschland,51.1324579,6.3113725,2026-04-22 00:00:00,2026-04-22 17:43:09,0,The Invisible Freak,Trafostation 200436 Am Ring g6  via StreetComplete 63.0  Attached photo(s): https://streetcomplete.app/p/340087.jpg,2,0,The Invisible Freak,
2958783,Deutschland,48.0103798,7.8911366,2021-12-04 00:00:00,2026-04-22 17:08:06,1600,traut,Wo,3,0,UliFR,müsste jetzt stimmen
5036032,Deutschland,47.6728724,12.9348294,2025-11-03 00:00:00,2026-04-22 17:07:22,170,Unknown,fehlende gebäude  ebenso fehlt die Hausnummer 7 von Variobend,2,0,LaLinea,Gebäude vorhanden:  https://osm.org/way/1426474949 Hausnummer 7 hat einen eigenen Hinweis:  https://osm.org/note/4939205 Hier ist nichts mehr zu tun.
5226409,Deutschland,47.6325151,13.0021008,2026-03-30 00:00:00,2026-04-22 17:00:00,23,Seandebasti,"'Raum ist leer wo es war ' The place has gone or never existed. A user of Organic Maps application has reported that the POI was visible on the map (see snapshot date below), but was not found on the ground. OSM snapshot date: 2026-03-10T00:09:11Z POI has no name POI types: building  #organicmaps android 2026.03.12-2-FDroid",2,0,LaLinea,Ladenlokal Leerstand:  https://osm.org/node/2117561702
5164770,Deutschland,47.6325085,13.0020833,2026-02-12 00:00:00,2026-04-22 16:59:51,69,Sarita Patel,Edeka Markt bitte entfernen. Bereits seit Monaten geschlossen,2,0,LaLinea,Ladenlokal Leerstand:  https://osm.org/node/2117561702
5258581,Deutschland,48.1691302,11.5420664,2026-04-20 00:00:00,2026-04-22 16:42:57,2,maxi_,Unable to answer 'How are the footpath and bicycle path laid out here?' – Path – https://osm.org/way/17989560 via StreetComplete 63.0:  Beidseitige Beschilderung für Fußweg auf der gesamten Brückenbreite.  Attached photo(s): https://streetcomplete.app/p/339687.jpg https://streetcomplete.app/p/339688.jpg,2,0,LaLinea,Brücke nur für Fußgänger:  https://osm.org/way/42299602
5159718,Deutschland,48.1965475,11.5800860,2026-02-08 00:00:00,2026-04-22 16:31:28,73,Ditsch42,Unable to answer 'What height limit is indicated here?' – Parking Garage Entrance / Exit – https://osm.org/node/7307384954 via StreetComplete 62.2:  Garagentor  Attached photo(s): https://streetcomplete.app/p/326919.jpg,2,0,LaLinea,Ist bereits vorhanden: https://osm.org/node/7307384954
5260929,Deutschland,50.9048551,7.2704894,2026-04-22 00:00:00,2026-04-22 16:19:57,0,Unknown,Hier entsteht (im Bau) eine neue befestigte Anwohnerstrasse. Sie führt von Westen nach Osten (40a > 52) über die Wiese jeweils zur Honsbacher Str. im leichten Bogen. Der Name ist 'Karl-Tenten-Weg' (nach dem letzten Landwirt dort). Die beiden schon vorhandenen Häuser werden darüber dann angebunden und ändern dann ihre Adresse. Stand April 2026,2,0,hsc666,"ergänzt als im Bau befindlich. Bitte neue Meldung, sobald die Straße fertig ist."
5225376,Deutschland,50.0265662,9.1893978,2026-03-29 00:00:00,2026-04-22 16:19:02,24,chriz_osm,Kann bitte Jemand diesen Zipfel der Wohngebietsgrenze korrigieren? Mit dem iD-Editor konnte ich den Punkt nicht von der Straßen lösen. Danke.,2,0,Maskulinum,
4878391,Deutschland,51.5307959,7.0350923,2025-07-27 00:00:00,2026-04-22 16:18:07,269,nottheend,'This place is closed: it exists but it doesn't have open at any time' OSM snapshot date: 2025-06-08T00:18:23Z POI name: Casa Avino POI types: wheelchair-no cuisine-italian amenity-restaurant  #organicmaps android,2,0,BC168,"Kein Restaurant zu sehen, nur Sichtschutz-Zaun ringsherum und Warnung vor bissigen Hunden. Adresse auf das Gebäude übertragen und POI gelöscht."
4701758,Deutschland,52.5669240,13.5279664,2025-04-08 00:00:00,2026-04-22 16:04:15,379,diva8hazelnut3tie,"Unable to answer 'Are these opening hours still correct?' – Deutsche Post (Post Office) – https://osm.org/node/4537589635 via StreetComplete_ee 60.3:  Postachalter wurde entfernt, lediglich die Packstation 620 VOR dem Rewe-Supermarkt ist weiterhin durchgehend verfügbar.",2,0,WAX26,"Hier ist keine Postfiliale (auch nicht im REWE oder so); Vor-Ort-Check am 22. April 2026; gelöscht, erledigt."
5253941,Deutschland,49.0106061,8.3988172,2026-04-17 00:00:00,2026-04-22 16:03:59,5,Unknown,"Der Feinkost-Laden befindet sich seit April 25 in der Waldstraße 95, siehe auch Website.",2,0,Lucy miau,"danke, ist aktualisiert"
5127114,Deutschland,50.5435445,9.6589673,2026-01-12 00:00:00,2026-04-22 16:01:41,100,Geo-Tobi,"surface asphalt, aber grade2, das ist nicht unmöglich, aber doch recht unwahrscheinlich. Sollte mal geprüft werden.  Nebenbei: Auf footway würde ich eh keinen tracktype anwenden....",14,1,Geo-Tobi,Ich hab tracktype entfernt und das richtige surface gesetzt.
5225195,Deutschland,48.1806044,11.5994005,2026-03-29 00:00:00,2026-04-22 16:01:31,24,maxi_,https://www.openstreetmap.org/node/9215974987 sollte vermutlich eher als amenity=fountain anstelle von man_made=water_well getagt werden. Bitte vor Ort prüfen.,2,0,LaLinea,"Ja, das ist eindeutig ein Brunnen => Objekt angepasst"
5229835,Deutschland,49.0134191,8.3999678,2026-04-02 00:00:00,2026-04-22 15:56:29,20,Transgalactic42,"In context of overlay 'Things' – Tree – https://osm.org/node/10162647841 via StreetComplete 63.0:  Die 3 Bäume sind weg, aber es gibt noch Pflanzfelder.  Attached photo(s): https://streetcomplete.app/p/335367.jpg",3,0,Lucy miau,"ist von mir aktualisiert, danke :)"
5261258,Deutschland,52.0952132,9.3698167,2026-04-22 00:00:00,2026-04-22 15:40:32,0,Thundafox,Möbelgroßhandel piperconcept  via StreetComplete 63.0,2,0,Thundafox,
5208629,Deutschland,49.0090353,8.3739028,2026-03-17 00:00:00,2026-04-22 15:39:52,36,Agent0Smith,Unable to answer 'Are credit or debit cards accepted here?' – Jinlefu (Supermarket) – https://osm.org/node/833183603 via StreetComplete 63.0:  Geschäft bis auf Weiteres geschlossen  Attached photo(s): https://streetcomplete.app/p/332352.jpg,2,0,Lucy miau,hab ich so eingetragen
5017530,Deutschland,48.1597433,11.5630272,2025-10-22 00:00:00,2026-04-22 15:37:31,182,EbHardy,Unable to answer 'How many car lanes does this road have?' – Schleißheimer Straße (Secondary Road) – https://osm.org/way/38868057 via StreetComplete 61.3:  Wegen Dauerbaustelle derzeit nur einspurig markiert.,3,0,LaLinea,"Ja da ist eine Dauerbaustelle.  Die Frage ist nur wer diesen Bereich wieder anpasst wenn die Baustelle abgeschlossen ist?  Mit Verweis auf [1] und der Tatsache dass funktional keine wesentliche Einschränkung besteht, Geh- und Fahrwege sind nach wie vor für beide Richtungen getrennt verfügbar, schließe ich diesen Hinweis ohne Bearbeitung ab.  [1] https://wiki.osm.org/wiki/DE:Good_practice#Mappe_keine_vor%C3%BCbergehenden_Ereignisse_und_Objekte_tempor%C3%A4rer_Natur"
5079873,Deutschland,48.4771475,9.2162284,2025-12-05 00:00:00,2026-04-22 15:34:21,138,Vollkorns,Hier wird gerade ein neues Haus gebaut  via StreetComplete 62.0,2,0,söm4324,ergänzt: https://www.openstreetmap.org/changeset/181679428
5261112,Deutschland,48.4673242,9.9421322,2026-04-22 00:00:00,2026-04-22 15:32:57,0,Unknown,"This place does not exist: 'Diese Metzgerei hat vor einiger Zeit dauerhaft geschlossen. An dieser Adresse befindet sich nun ein Catering / Imbiss Laden (siehe meinen Beitrag zu „90 Grad by Talia“)' A CoMaps user reported that the POI was visible on the map (see snapshot date below), but was not found on the ground. OSM snapshot date: 2026-04-05T19:23:11Z POI name: Metzgerei Brenner POI types: building wheelchair-yes shop-butcher  #CoMaps ios 2026.04.07-8-ios",2,0,FroschForscher,https://www.openstreetmap.org/changeset/181679375
5261110,Deutschland,48.4672717,9.9420244,2026-04-22 00:00:00,2026-04-22 15:32:53,0,Unknown,'Befindet sich anstatt der „Metzgerei Brenner“ an dieser Adresse (siehe meinen Löschungsantrag)' OSM snapshot date: 2026-04-05T19:23:11Z POI name: 90 Grad by Talia POI types: cuisine-german amenity-fast_food cuisine-local cuisine-regional cuisine-vegetarian  #CoMaps ios 2026.04.07-8-ios,2,0,FroschForscher,https://www.openstreetmap.org/changeset/181679375
4596965,Deutschland,48.4816481,9.1978526,2025-01-21 00:00:00,2026-04-22 15:31:03,456,Unknown,"Hier sind neue Häuser der GWG entstanden. Unter anderem 'Flying Spaces', 4 Tiny Häuser auf Garagen mit Street Art auf den Garagenrückwänden.",2,0,windharp,Eingezeichnet. Adressen und so fehlen noch.
5153808,Deutschland,48.1471690,11.5349473,2026-02-03 00:00:00,2026-04-22 15:25:39,78,Rainero,Das Kosmetikstudio Gemelli soll hierher umgezogen sein. https://www.gemelli-studio.de,2,0,LaLinea,Ladenlokal erfasst: https://osm.org/node/13752841884
5042555,Deutschland,48.4843516,9.1923314,2025-11-07 00:00:00,2026-04-22 15:25:32,166,Beimgraben,'This Stop has no shelter. The one on the opposite side does.' OSM snapshot date: 2025-10-21T03:35:21Z POI name: Pestalozzistraße POI types: public_transport-platform highway-bus_stop wheelchair-yes amenity-bench amenity-shelter  #organicmaps android 2025.10.23-22-FDroid,2,0,windharp,Angepasst
4173086,Deutschland,48.4834313,9.1870694,2024-03-29 00:00:00,2026-04-22 15:23:48,754,windharp,Straßen Führung hier komplett neu  via StreetComplete 57.1,5,0,windharp,"War kürzlich da, und jetzt gibts sogar nochmal neue Luftbilder. Ja, so."
4466310,Deutschland,48.5018030,9.1922747,2024-10-05 00:00:00,2026-04-22 15:14:34,564,windharp,Neu gebautes Einfamilienhaus  via StreetComplete 59.1,3,0,windharp,"Jetzt gibts auch Luftbilder, nachgetragen"
5248094,Deutschland,50.0343597,11.9917999,2026-04-13 00:00:00,2026-04-22 15:10:25,9,Eugen 26,"'Geschlossen ' The place has gone or never existed. A user of Organic Maps application has reported that the POI was visible on the map (see snapshot date below), but was not found on the ground. OSM snapshot date: 2026-04-04T03:36:32Z POI name: Leise GmbH & Co KG POI types: building  #organicmaps android 2026.04.07-10-Huawei",2,0,Lucy miau,hab ich so eingetragen
5259546,Deutschland,50.1565965,11.1633867,2026-04-21 00:00:00,2026-04-22 15:02:17,1,TiBaWe,In context of overlay 'Surfaces' – Track / Land-Access Road – https://osm.org/way/51209634 via StreetComplete 63.0:  Rasenpflaster Spuren  Attached photo(s): https://streetcomplete.app/p/339812.jpg,2,0,TiBaWe,
5259552,Deutschland,50.1550905,11.1773589,2026-04-21 00:00:00,2026-04-22 14:59:35,1,TiBaWe,In context of overlay 'Things' – Picnic Table – https://osm.org/node/13748644554 via StreetComplete 63.0:  Aus Stein  Attached photo(s): https://streetcomplete.app/p/339813.jpg,2,0,TiBaWe,
5259553,Deutschland,50.1553103,11.1775181,2026-04-21 00:00:00,2026-04-22 14:58:29,1,TiBaWe,In context of overlay 'Things' – Trash Can – https://osm.org/node/13748641377 via StreetComplete 63.0:  Und Kotbeutelspender  Attached photo(s): https://streetcomplete.app/p/339814.jpg,2,0,TiBaWe,
5244060,Deutschland,49.9655930,10.6749600,2026-04-10 00:00:00,2026-04-22 14:58:24,12,Aldebaran1957,Beginn/Ende Zone 30,2,0,wermak,"Eingetragen, https://www.openstreetmap.org/way/1497820448."
5218980,Deutschland,49.9686710,10.6650870,2026-03-25 00:00:00,2026-04-22 14:57:21,28,Aldebaran1957,Beginn/Ende Tempo 30 an Schultagen von 07:00 - 16:00 Uhr,2,0,wermak,"Verbessert, https://www.openstreetmap.org/way/389066715/history."
5218979,Deutschland,49.9699200,10.6651270,2026-03-25 00:00:00,2026-04-22 14:56:48,28,Aldebaran1957,Beginn/Ende Tempo 30 an Schultagen von 07:00 - 16:00 Uhr,2,0,wermak,"Verbessert, https://www.openstreetmap.org/way/162207300/history."
5261212,Deutschland,50.6194780,6.7052436,2026-04-22 00:00:00,2026-04-22 14:53:36,0,Unknown,"Sehr geehrte Damen und Herren,  wir haben die Meldung bekommen, dass der Verlauf eines Wanderwegs so angezeigt wird, als würde er über das Burggelände laufen, dies ist jedoch Privatgelände. Ein Wanderweg läuft parallel dazu, zwischen Burg und Kirche entlang.  Mit freundlichen Grüßen, Ines Rapp, Burg Satzvey",2,0,TG-map4,"Dear Mrs Rapp, I don't know who reported this to you or in which app or website they found that. But I can say that all the ways on Burg Satzvey were already tagged with an access restriction. It can be possible that the website or app that they used does not use this information that is stored in the OpenStreetMap.org database but it was definitely there. So it could be an issue with the app or the website, if it does not use this data. But I have to admit that the tagging here in our database also wasn't the best possible. I changed it to a more fitting one. But remember, it is still not fully tagged as private, because you have the Weihnachtsmarkt or Mittelaltermarkt, where the area is opened to the public and people can use the ways. We have a tag for that which I used instead now."
5259543,Deutschland,50.1579677,11.1733680,2026-04-21 00:00:00,2026-04-22 14:53:36,1,TiBaWe,In context of overlay 'Things' – Broadleaved Tree – https://osm.org/node/13748589360 via StreetComplete 63.0:  Weide,2,0,TiBaWe,
5260008,Deutschland,52.1472870,11.2120338,2026-04-21 00:00:00,2026-04-22 14:52:35,1,silly_goose,Existiert das Gebäude noch? Die Satellitenfotos widersprechen sich da leider,3,0,silly_goose,"Die Überlagerung wurde mir gar nicht erst angezeigt; ich hab mich da schon gewundert, weil Sachsen-Anhalt das eigentlich anbietet.  Danke dir! Dann nehme ich das Gebäude mal raus :)"
5259535,Deutschland,50.1600312,11.1725624,2026-04-21 00:00:00,2026-04-22 14:52:00,1,TiBaWe,In context of overlay 'Things' – Guidepost – https://osm.org/node/5777063121 via StreetComplete 63.0:  Mit Mülleimer  Attached photo(s): https://streetcomplete.app/p/339810.jpg https://streetcomplete.app/p/339811.jpg,2,0,TiBaWe,
4843245,Deutschland,51.0329480,13.7316740,2025-07-07 00:00:00,2026-04-22 14:49:12,289,burrscurr,"Der Bereich um diesen Spielplatz herum wurde neu gestaltet. Die Wegführung ist anders, die Bänke scheinen nicht mehr zu existieren, und möglicherweise ist auch die Treppe nordöstlich vom Spielplatz nicht mehr vorhanden. Sollte am besten vor Ort geprüft werden (aktuell ist das Gelände jedoch noch eingezäunt).",2,0,Jonaes,https://www.openstreetmap.org/changeset/181677548 Habe die aktuelle Situation so gut wie ohne Luftbild möglich eingetragen
5259662,Deutschland,50.1246597,11.1901228,2026-04-21 00:00:00,2026-04-22 14:45:55,1,TiBaWe,Straße fehlt  via StreetComplete 63.0  Attached photo(s): https://streetcomplete.app/p/339821.jpg  GPS Trace: https://www.openstreetmap.org/user/TiBaWe/traces/12305085,2,0,TiBaWe,
5259667,Deutschland,50.1257409,11.1889927,2026-04-21 00:00:00,2026-04-22 14:45:39,1,TiBaWe,Privatweg  via StreetComplete 63.0  Attached photo(s): https://streetcomplete.app/p/339823.jpg,2,0,TiBaWe,
5260104,Deutschland,50.0819107,11.2412317,2026-04-21 00:00:00,2026-04-22 14:39:40,1,TiBaWe,Fehlender Weg  via StreetComplete 63.0  Attached photo(s): https://streetcomplete.app/p/339937.jpg,2,0,TiBaWe,Erledigt
5150599,Deutschland,50.5428554,9.6574806,2026-02-01 00:00:00,2026-04-22 14:39:19,80,m_fuhrmann,Hier stehen Bänke und einige Infotafeln. Muss vor Ort besichtigt werden  via StreetComplete_ee 61.1,3,0,m_fuhrmann,erledigt
5150595,Deutschland,50.5427616,9.6573174,2026-02-01 00:00:00,2026-04-22 14:39:15,80,m_fuhrmann,Ab hier Fußgängerweg  via StreetComplete_ee 61.1  Attached photo(s): https://streetcomplete.app/p/326049.jpg,2,0,m_fuhrmann,Erledigt
5258548,Deutschland,50.5434069,9.6579686,2026-04-20 00:00:00,2026-04-22 14:39:08,2,m_fuhrmann,Das ganze Areal ist ein Park  via StreetComplete_ee 63.0  Attached photo(s): https://streetcomplete.app/p/339672.jpg,2,0,m_fuhrmann,Erledigt
5260134,Deutschland,50.0847842,11.2370623,2026-04-21 00:00:00,2026-04-22 14:34:16,1,TiBaWe,Unable to answer 'What’s the title of this information board?' – Information Board – https://osm.org/node/4897514204 via StreetComplete 63.0:  Nicht mehr da,2,0,TiBaWe,Entfernt
5258025,Deutschland,48.1344898,11.5817222,2026-04-20 00:00:00,2026-04-22 14:25:30,2,Unknown,"Der DAV ist doch im Globetrotter, oder? https://www.openstreetmap.org/node/10893432015/history",2,0,LaLinea,"Nicht wirklich zutreffend, im Globetrotter ist oder war eine Geschäftsstelle des DAV.  Der DAV Oberland ist immer noch im Tal 42 angesiedelt.   Siehe auch:  https://www.alpenverein-muenchen-oberland.de/impressum"
1841056,Deutschland,51.0438122,13.7259364,2019-07-11 00:00:00,2026-04-22 14:21:30,2477,Unknown,Wird diese Hst. nicht noch von anderen Li. bedient (Momentan sind nur Li. 333 und 400 eingetragen),6,0,Jonaes,"Alle aktuell verkehrenden Linien sind eingetragen, da kann diese Note auch mal geschlossen werden"
3562845,Deutschland,53.2801620,7.2699666,2023-02-17 00:00:00,2026-04-22 14:06:47,1160,Unknown,Adresse: Ditzumerhammrich 182,3,0,turbopixel,"Adresse und Hausnummer gesetzt, https://www.openstreetmap.org/changeset/181675461"
5208457,Deutschland,53.3150380,7.2797540,2026-03-17 00:00:00,2026-04-22 13:59:34,36,Unknown,Es gibt (meinentwissen) keinen Beweis dafür dass diese Kirche tatsächlich dem Sankt Paulus geweiht war. Entweder tagg es mit objektiven Quellen oder streich es als Fehlinformation.,2,0,turbopixel,Kirchenname gemäß nach Informationen aus Wikipedia und dem Denkmalamt NDS angepasst. https://www.openstreetmap.org/changeset/181675153
5260692,Deutschland,53.2099073,14.4011224,2026-04-22 00:00:00,2026-04-22 13:53:39,0,Unknown,kein Militär   #OsmAnd,2,0,Unknown,Done
5185929,Deutschland,53.3119464,7.2812630,2026-03-01 00:00:00,2026-04-22 13:52:00,52,Rebel Steward,'Address not listed in maps.' OSM snapshot date: 2026-02-21T15:17:51Z POI has no name POI types: building  #CoMaps android 2026.02.23-9-FDroid,2,0,turbopixel,"Hausnummern wurden korrigiert, https://www.openstreetmap.org/changeset/181647238"
5196045,Deutschland,49.1439052,8.3727058,2026-03-08 00:00:00,2026-04-22 13:46:54,45,Lucy miau,In context of overlay 'Things' – Grave – https://osm.org/node/13626818230 via StreetComplete 62.2:  Vjaceslav Braun,2,0,Lucy miau,Name ist jetzt eingetragen
5237055,Deutschland,49.7145984,10.8935821,2026-04-06 00:00:00,2026-04-22 13:45:46,16,Reeko182,Unable to answer 'What are the opening hours here?' – Cafe am Markt (Cafe) – https://osm.org/node/1692340576 via StreetComplete 63.0:  Tattoostudio,4,1,PerFried,
5260591,Deutschland,51.0267830,10.9847430,2026-04-22 00:00:00,2026-04-22 13:22:29,0,Unknown,KGV 'Nach Feierabend'e.V.,2,0,AlexSpritze,"Hi Sven, danke für deinen ersten Hinweis. Der KGV hier hat bereits den Namen 'Nach Feierabend'."
5261026,Deutschland,47.6580915,9.1692876,2026-04-22 00:00:00,2026-04-22 12:33:19,0,uwe-s,Unable to answer 'May you camp here in a tent?' – Wohnmobilstellplatz Döbele (RV Park) – https://osm.org/way/136317924 via StreetComplete 63.0:  Keine Information dazu,2,0,habi,"So wie ich https://wiki.openstreetmap.org/wiki/Tag:tourism=caravan%20site verstehe und so wie es anhand der swisstopo Luftbilder aussieht, kann hier kein Zelt gestellt werden. Ich würde die StreetComplete-Frage hier einfach ignorieren."
5230642,Deutschland,51.1000074,13.6804135,2026-04-02 00:00:00,2026-04-22 12:20:05,20,Fundador,Unable to answer 'This shop has been vacant. What’s here now?' – house number 4e – https://osm.org/node/325710405 via StreetComplete 63.0:  TRC Treurat GmbH  Wirtschaftsprüfungsgesellschaft,2,0,Jonaes,Ergänzt
5219035,Deutschland,48.7126788,9.2117187,2026-03-25 00:00:00,2026-04-22 12:10:35,28,Vovoka,Fahrradabstellanlage mit 11 Bügeln (22 Plätze)  via StreetComplete 63.0,2,0,Rumo72,"Eingetragen.  Du kannst Dinge wie Fahrradstellplätze, Bänke, ... auch direkt selbst in StreetComplete eintragen.  Oben rechts das Overlay 'Dinge' auswählen, dann kannst du selbst auf der Karte direkt alle möglichen Sachen eintragen und musst keine Hinweise erstellen."
5219047,Deutschland,48.7131323,9.2158740,2026-03-25 00:00:00,2026-04-22 12:06:54,28,Vovoka,Fahrradabstellanlagen (2x 9 Plätze)  via StreetComplete 63.0  Attached photo(s): https://streetcomplete.app/p/334011.jpg,2,0,Rumo72,erledigt.
5219044,Deutschland,48.7129335,9.2148805,2026-03-25 00:00:00,2026-04-22 12:06:18,28,Vovoka,Fahrradabstellanlagen (2x 9 Plätze)  via StreetComplete 63.0  Attached photo(s): https://streetcomplete.app/p/334009.jpg,2,0,Rumo72,erledigt.
5219042,Deutschland,48.7128143,9.2141409,2026-03-25 00:00:00,2026-04-22 12:05:19,28,Vovoka,Fahrradabstellanlage (3 Plätze)  via StreetComplete 63.0  Attached photo(s): https://streetcomplete.app/p/334008.jpg,2,0,Rumo72,erledigt.
5259551,Deutschland,53.6171030,10.1576380,2026-04-21 00:00:00,2026-04-22 12:03:48,1,Unknown,Hier kann man als Fußgänger und Radfahrer tatsächlich von der Meiendorfer Straße zum Nydamer Ring durchgehen. Der Weg ist öffentlich.,2,0,0xb7767000,"Ist auch bereits so eingetragen, und das Routing funktioniert auch: https://www.openstreetmap.org/directions?engine=fossgis_valhalla_foot&route=53.617669%2C10.155664%3B53.616161%2C10.157579#map=18/53.616999/10.156919&layers=N"
5258332,Deutschland,51.0077033,13.7955925,2026-04-20 00:00:00,2026-04-22 11:58:37,2,Unknown,aktuelle Öffnungszeiten Werkstatt Prohlis: Mai - September: Di 10:30-13:30 immer: Mo + Do: 15-19:00,2,0,Jonaes,Eingetragen https://www.openstreetmap.org/changeset/181669627#map=19/51.007704/13.795592&layers=N
5246939,Deutschland,51.0064608,13.8800731,2026-04-12 00:00:00,2026-04-22 11:52:50,10,Pinuttay,Nur für Betriebsangehörige  via StreetComplete_ee 63.0,2,0,Jonaes,Eingetragen https://www.openstreetmap.org/changeset/181669393
5079054,Deutschland,49.3570397,7.1483218,2025-12-04 00:00:00,2026-04-22 11:46:29,139,N8Falke80,"The place has gone or never existed. A user of Organic Maps application has reported that the POI was visible on the map (see snapshot date below), but was not found on the ground. OSM snapshot date: 2025-11-23T18:39:39Z POI name: Eulenteich POI types: amenity-shelter  #organicmaps ios 2025.11.26-5-ios",2,0,Vinzenz Mai,Kein solcher POI (mehr) vorhanden.
5260975,Deutschland,50.1486619,8.6659398,2026-04-22 00:00:00,2026-04-22 11:39:04,0,Unknown,"hier befindet sich seit dem 01.04.2026 nicht mehr das Tipico, sondern CHEICK‘s Hair. win friseursalon an der Eschersheimer Landstraße 392",2,0,Unknown,
5260849,Deutschland,51.1275868,6.2859385,2026-04-22 00:00:00,2026-04-22 11:38:45,0,tux67,Neubau  #OsmAnd,2,0,tux67,est. Shape added
5260887,Deutschland,49.4972387,10.9672604,2026-04-22 00:00:00,2026-04-22 11:23:46,0,Unknown,"mcjugl.de Schlagzeug-, Percussion- und Cajon-Unterricht von und mit Tom Jugl",11,1,mcliquid,Hier geht's weiter: https://community.openstreetmap.org/t/hallo-probleme-mit-eintragen-von-gebaudenamen/143245/2
4773003,Deutschland,53.1640765,8.6443520,2025-05-24 00:00:00,2026-04-22 10:59:21,333,andyboe0910,"Der markierten Standort bis zur Einfahrt in die Straße Seefahrtshöhe dient als Zuwegung für die Rückwertigen Grundstücke der Lesumstraße, der Oeversberg, in dem ich übrigens persönlich wohne, geht nur von der Seefahrtstraße bis zum markierten Standort. Wäre schön wenn das korrigiert wird da öfters Auswärtige haben deswegen die richtige Adresse zu finden",7,1,Unknown,Hausnummern ergänzt: https://www.openstreetmap.org/changeset/173462708 Für die Änderung des Straßennamens finde ich keine Anhaltspunkte on the ground.
5210969,Deutschland,50.7890709,6.0800286,2026-03-19 00:00:00,2026-04-22 10:56:22,34,--Lukas--,Treppe 5 Stufen  via StreetComplete 63.0  Attached photo(s): https://streetcomplete.app/p/332645.jpg,4,1,--Lukas--,In Richtung Buchenalle geht es rauf
4246529,Deutschland,51.0459910,13.7047577,2024-05-14 00:00:00,2026-04-22 10:49:14,708,Unknown,"Ein Bekannter schrieb, dass jetzt auf der Columbusstraße rechtsseitig ein neues absolutes Halteverbot zwischen Wernerstraße und Baluschekstraße eingerichtet wurde. Das wäre schön einzutragen. (Bin gerade zu müde um mich mit der Tagging-Syntax dazu zu beschäftigen.)",3,0,Jonaes,eingetragen
5260266,Deutschland,51.6783709,8.6169661,2026-04-21 00:00:00,2026-04-22 10:45:27,1,Unknown,Diesen Weg gibt es nicht.,2,0,flohoff,Hab ich ausgetragen. Da ist ja auch eine Hecke in der mitte
4957766,Deutschland,51.0496030,13.7090610,2025-09-11 00:00:00,2026-04-22 10:36:24,223,burrscurr,"In diesem Viertel (südlich Fröbelstraße, Westlich Löbtauer Straße ohne Cottaer Straße) wird im September 2025 eine Tempo-30-Zone eingerichtet: https://www.dresden.de/de/rathaus/aktuelles/pressemitteilungen/09/pm_040.php",2,0,Jonaes,Bin das Gebiet einmal abgelaufen und habs eingetragen https://www.openstreetmap.org/changeset/181665633
4509140,Deutschland,53.3824964,10.5508018,2024-11-06 00:00:00,2026-04-22 10:33:00,532,Gurkenwelt,Kleingartenverein Dornhorst fehlt,2,0,Gurkenwelt,
4861055,Deutschland,50.1394317,8.0672340,2025-07-17 00:00:00,2026-04-22 10:25:38,279,PeMerg,Das Kurhaus wird als Veranstaltungshaus genutzt.  Mehr Informationen unter https://www.bad-schwalbach.de/freizeit-tourismus/veranstaltungen-mehr/kurhaus-alleesaal-mieten/ Infos zu Veranstaltungen in Bad Schwalbach  https://www.bad-schwalbach.de/freizeit-tourismus/veranstaltungen-mehr/veranstaltungskalender/,2,0,BrummsLee,Veranstaltungsstätte ergänzt
5121301,Deutschland,50.3891550,12.3470070,2026-01-07 00:00:00,2026-04-22 10:19:28,105,MarPeu,In diesem Gebäude befindet sich auch eine Touristinformation.,2,0,applejunkie,
5121290,Deutschland,50.3969670,12.3439440,2026-01-07 00:00:00,2026-04-22 10:16:06,105,MarPeu,Parkplatz ist ab 30 min Parkdauer Gebührenpflichtig.  Bis 3 Stunden 3 € Bis 6 Stunden 5 € Tageskarte 8 €,2,0,applejunkie,
5121292,Deutschland,50.3946230,12.3431320,2026-01-07 00:00:00,2026-04-22 10:15:58,105,MarPeu,Parkplatz ist ab 30 min Parkdauer Gebührenpflichtig.  Bis 3 Stunden 3 € Bis 6 Stunden 5 € Tageskarte 8 €,2,0,applejunkie,
5121297,Deutschland,50.3944740,12.3347870,2026-01-07 00:00:00,2026-04-22 10:10:51,105,MarPeu,Dieser Standort von Technisat wurde am 31.12.2025 geschlossen und es übernimmt die Raumfahrtfirma OHB Bremen die Gebäude.,2,0,applejunkie,
4702705,Deutschland,48.7070064,9.2471194,2025-04-09 00:00:00,2026-04-22 10:08:56,378,Unknown,Der Radweg entlang der Plieninger Straße wurde bis zur Melli-Beese-Straße verlängert bzw. weitergeführt.,2,0,Rumo72,
5260816,Deutschland,52.8694665,9.1115069,2026-04-22 00:00:00,2026-04-22 10:08:39,0,Unknown,Laut LGLN (Landesamt für Geoinformation und Landesvermessung Niedersachsen) gibt es in Hilgermissen (Landkreis Nienburg/Weser) keine 'Eitzendorfer Straße'. Diese endet an der Landkreisgrenze.  Bitte den Straßennamen im Landkreis Nienburg/Weser entfernen.  Gruß Toom aka Spacecop,2,0,Unknown,Name geändert
5258477,Deutschland,50.5455316,9.6979201,2026-04-20 00:00:00,2026-04-22 10:07:49,2,Deutsch und Stolz,Unable to answer 'Is this still here?' – REDDY Küchen (Kitchen Design Store) – https://osm.org/way/121287551 via StreetComplete 63.0:  Ein Supermarkt,3,0,m_fuhrmann,Habe es angepasst. Danke!
4908181,Deutschland,53.0059828,12.8215279,2025-08-13 00:00:00,2026-04-22 10:04:47,252,mehlkorn,"Die Fahrgastschiffe halten hier. Mag jemand die Route tracken, oder zieht man die Linie einfach hier rüber?",3,0,einufo,"Hallo mehlkorn, hast Du Dir das in etwa so vorgestellt?  Wenn es nicht passt, lösche meine Änderung einfach und öffne Deinen Hinweis wieder. Gruß Tino"
5136573,Deutschland,48.7067140,9.2488600,2026-01-20 00:00:00,2026-04-22 10:03:38,92,Rumo72,"Kreuzung wurde grundlegend umgebaut, siehe aktuellste Luftbilder des Stuttgarter Stadtvermessungsamts. Rechtsabbiegerspur hier existiert nicht mehr als getrennte Fahrbahn, Mittelinseln existieren nicht mehr.",3,0,Rumo72,
4931022,Deutschland,48.7419243,9.2811302,2025-08-26 00:00:00,2026-04-22 09:59:53,239,Evermore82,Unable to answer 'What’s the surface here?' – Path – https://osm.org/way/250005086 via StreetComplete 61.3:  Kein Weg mehr vorhanden.  Attached photo(s): https://streetcomplete.app/p/301172.jpg,2,0,Rumo72,Pfad entfernt.
3817418,Deutschland,48.7556800,9.2677500,2023-08-05 00:00:00,2026-04-22 09:55:56,991,Unknown,"Gebäude 30 (Gehört zu Hedelfingen Campus, Werk 2 - Gebäude 30)",2,0,Rumo72,Nummer ist schon eingetragen.
5244204,Deutschland,48.7731866,9.2014249,2026-04-10 00:00:00,2026-04-22 09:35:42,12,mre_osm,Dieser Fußweg schließt im Südwesten an die Treppe an.  via StreetComplete 63.0,2,0,Rumo72,erledigt.
5244201,Deutschland,48.7749235,9.2011277,2026-04-10 00:00:00,2026-04-22 09:33:04,12,mre_osm,Hier ist kein Weg und keine Straße. Ein kleines Stück weiter gibt es einen kaum zu sehenden Trampelpfad. Das Gelände neben den Hausgrundstücken ist eine Wiese mit ein paar Bäumen.  via StreetComplete 63.0,2,0,Rumo72,"Erledigt, jetzt als informeller Trampelpfad eingetragen (war auf Luftbildern ein kleines Stück weiter erkennbar)"
5260806,Deutschland,52.0204900,8.5305400,2026-04-22 00:00:00,2026-04-22 09:30:37,0,Unknown,Bielefeld ist eine schöne grüne Stadt,2,0,Hartmut Holzgraefe,"Und deshalb ist dieser Hinweis nun auch nicht mehr rot, sondern grün"
5216080,Deutschland,51.0729148,13.7252973,2026-03-22 00:00:00,2026-04-22 09:29:49,31,8462368,"The place has gone or never existed. A user of Organic Maps application has reported that the POI was visible on the map (see snapshot date below), but was not found on the ground. OSM snapshot date: 2026-02-16T20:35:12Z POI has no name POI types: psurface-paved_bad hwtag-lit hwtag-nobicycle highway-footway-sidewalk  #organicmaps ios 2026.02.18-4-ios",4,0,8462368,
3535556,Deutschland,51.0698600,12.7665400,2023-01-28 00:00:00,2026-04-22 09:20:14,1180,Unknown,Schleppgelände für Gleitschirme und Hängegleiter Gleitschirmclub Colditz e.V.,2,0,flappiegrrr,hab es hinzugefügt
5181088,Deutschland,50.0468000,10.2369005,2026-02-25 00:00:00,2026-04-22 09:15:55,56,Syk_Ossfin,Quadro schließt zum 18.04 (https://www.mainpost.de/schweinfurt/stadtschweinfurt/schweinfurt-aus-fuer-quadro-in-schweinfurt-warum-der-haendler-fuer-buerobedarf-sein-geschaeft-schliesst-113576516),4,0,Syk_Ossfin,erl. https://www.openstreetmap.org/changeset/181662626
4457936,Deutschland,51.9360650,8.4422636,2024-09-29 00:00:00,2026-04-22 09:06:40,570,Muhmaker,Hier entsteht ein neues Gebäude. Bauarbeiten weit fortgeschritten. Auch der Schulhof dahinter wurde laut vDOP neu gestaltet.,2,0,flohoff,Gebäude aus dem ALKIS geupdated
5256039,Deutschland,51.9444600,8.4683600,2026-04-18 00:00:00,2026-04-22 09:05:22,4,stirps,"Das kann doch nicht sein dass der Röhrbach hier entgegen dem Reiherbach fließt, oder? Die entspringen laut Wikipedia an ähnlichen Stellen, der Röhrbach soll dann westlich dieser Node in den Reiherbach münden. Ergibt so wie es hier gerade so steht irgendwie nicht viel Sinn",2,0,flohoff,Nein - das war ein Fehler der vermutlich durch die Formgebung der EInmündung in den Reiherbach gegeben war - Die war aber schon falsch in Lage und Form.   Die Flüsse hier müssten alle von Ost nach West respektive von Nord nach Süd fließen - Also vom Teutoburger Wald weg in die Ems und co ...  Siehe auch die Flußdelta Karte.  Ich habe das umgedreht.
5259797,Deutschland,51.0522888,12.8565567,2026-04-21 00:00:00,2026-04-22 09:04:24,1,Verm_Katrin,Unable to answer 'What are the opening hours here?' – Fernmelde- und Elektrobau Pötschulat (Electrician) – https://osm.org/way/185427498 via StreetComplete 63.0:  Wohnhaus,2,0,Rhoon,vermerkt
5260041,Deutschland,51.0506010,12.8596310,2026-04-21 00:00:00,2026-04-22 09:02:49,1,Unknown,Bushaltestelle nicht erkennbar. Nur für Linie 610 (regiobus) schülerverkehr,2,0,Rhoon,entfernt
5259790,Deutschland,51.0505859,12.8596640,2026-04-21 00:00:00,2026-04-22 09:02:43,1,Verm_Katrin,Da ist keine Haltestelle  via StreetComplete 63.0  Attached photo(s): https://streetcomplete.app/p/339839.jpg,2,0,Rhoon,entfernt
4805547,Deutschland,49.3130721,7.0355415,2025-06-14 00:00:00,2026-04-22 08:41:27,312,Unknown,Seniorenpark eröffnet.  https://www.saarbruecker-zeitung.de/saarland/saarbruecken/quierschied/victor-s-stellt-seniorenresidenz-in-quierschied-vor_aid-129270479,2,0,Vinzenz Mai,Vor einigen Monaten von @Fahradler erfasst.
5250649,Deutschland,51.0398401,13.7330062,2026-04-15 00:00:00,2026-04-22 08:27:48,7,CH_HHH,Unable to answer 'Is this still here?' – Deutsche Bahn (Emergency Phone) – https://osm.org/node/1826484948 via StreetComplete 63.0:  Sollen das die Kästchen für Brandmelder und Rauchabzug sein?,2,0,Jonaes,"Vermutlich stand hier mal so eine SOS-Hilfe-Punkt, wie man ihn v.a. aus Tunnelstationen kennt. Aber jetzt offensichtlich nicht mehr, habs gelöscht"
5091601,Deutschland,50.0530600,8.2903000,2025-12-14 00:00:00,2026-04-22 08:24:09,129,Unknown,HEITRONICS,3,0,trailschneck,Ist nebenan
5255052,Deutschland,48.6931171,9.1348760,2026-04-18 00:00:00,2026-04-22 07:56:55,4,minus-n,Ist hier schon eine Treppe als Hindernis hinterlegt?  via StreetComplete 63.0  Attached photo(s): https://streetcomplete.app/p/339137.jpg,2,0,Rumo72,"ja, ist schon vollständig erfasst :)"
5233657,Deutschland,48.6673683,9.0072956,2026-04-04 00:00:00,2026-04-22 07:54:53,18,milu76,Zwei Sitzbänke und ein Mülleimer  via StreetComplete 63.0  Attached photo(s): https://streetcomplete.app/p/335945.jpg https://streetcomplete.app/p/335946.jpg,2,0,Rumo72,erledigt.
5233672,Deutschland,48.6698603,9.0077561,2026-04-04 00:00:00,2026-04-22 07:50:27,18,milu76,3x Sitzbank  via StreetComplete 63.0  Attached photo(s): https://streetcomplete.app/p/335948.jpg,2,0,Rumo72,erledigt.
5121302,Deutschland,50.3837730,12.3366940,2026-01-07 00:00:00,2026-04-22 07:40:52,105,MarPeu,Dieses Gebäude gehört ebenfalls zur Gaststätte Hüttenwirt und es gibt hier auch öffentliche Toiletten.,2,0,sembelst134,changeset/181658957
5051394,Deutschland,52.4965355,13.3780911,2025-11-13 00:00:00,2026-04-22 07:32:18,160,thom_bike_bln,Unable to answer 'What are the opening hours here?' – Technoversum (Museum) – https://osm.org/way/671055925 via StreetComplete 62.0-beta1:  Existiert das noch? Die URL führt ins Leere,2,0,PizzaTreeIsland,"Existiert nicht mehr, habe es in Changeset 181658561entfernt"
5057963,Deutschland,52.4967060,13.3781626,2025-11-18 00:00:00,2026-04-22 07:31:42,155,jo_ru,"'Das sogenannte Forum Technoversum war ein Ausstellungs-Konzept, das das Deutsche Technikmuseum bis etwa zur Mitte der 2010er Jahre verfolgte. Es existiert nicht mehr, genauso wie dessen Website.' The place has gone or never existed. A user of Organic Maps application has reported that the POI was visible on the map (see snapshot date below), but was not found on the ground. OSM snapshot date: 2025-11-09T01:21:36Z POI name: Technoversum POI types: fee-yes tourism-museum  #organicmaps ios 2025.11.11-5-ios",2,0,PizzaTreeIsland,Mit Changeset 181658561 erledigt
4981763,Deutschland,52.4970996,13.3783558,2025-09-27 00:00:00,2026-04-22 07:31:17,207,jo_ru,"The place has gone or never existed. A user of Organic Maps application has reported that the POI was visible on the map (see snapshot date below), but was not found on the ground. OSM snapshot date: 2025-09-13T21:01:41Z POI name: Technoversum POI types: fee-yes tourism-museum  #organicmaps ios",2,0,PizzaTreeIsland,Mit Changeset 181658561 erledigt
5259983,Deutschland,52.0795318,7.3031308,2026-04-21 00:00:00,2026-04-22 07:28:52,1,DeBukkIt,"'Kategorie falsch: Arztpraxis, nicht Klinik' OSM snapshot date: 2026-04-04T03:36:32Z POI name: Haus Eichenwald POI types: amenity-clinic  #organicmaps android 2026.04.07-8-Google",2,0,DeBukkIt,gelöst mit #181658504
5253034,Deutschland,52.8594352,9.5892379,2026-04-16 00:00:00,2026-04-22 07:05:28,6,Thomas Kaminski,In context of overlay 'Things' – Sculpture – https://osm.org/node/9981813206 via StreetComplete 63.0:  Ein Vogel im Holzstamm.  Attached photo(s): https://streetcomplete.app/p/338868.jpg,7,0,OSM_RogerWilco,"Ich denke, wir können den Hinweis dann schließen. :-)"
5253904,Deutschland,49.0012645,9.6648939,2026-04-17 00:00:00,2026-04-22 07:02:36,5,siggiwilli,Sitzbank  via StreetComplete 63.0  Attached photo(s): https://streetcomplete.app/p/338949.jpg,2,0,siggiwilli,
5250888,Deutschland,49.2454820,7.3719290,2026-04-15 00:00:00,2026-04-22 06:47:30,7,Unknown,San Remo gibt es nicht mehr,2,0,Knechtie,
5260592,Deutschland,50.8577509,10.6298234,2026-04-22 00:00:00,2026-04-22 06:34:41,0,osm_gth,Memo an mich: Wegstart  via StreetComplete 63.0  Attached photo(s): https://streetcomplete.app/p/339967.jpg,2,0,osm_gth,
5260594,Deutschland,50.8577508,10.6298694,2026-04-22 00:00:00,2026-04-22 06:34:37,0,osm_gth,Weg  via StreetComplete 63.0  GPS Trace: https://www.openstreetmap.org/user/johan_g/traces/12306430,2,0,osm_gth,
5260593,Deutschland,50.8577111,10.6281618,2026-04-22 00:00:00,2026-04-22 06:34:32,0,osm_gth,Weg Ende  via StreetComplete 63.0,2,0,osm_gth,
5240761,Deutschland,51.7267529,8.7293000,2026-04-08 00:00:00,2026-04-22 06:34:24,14,Zhoq,Unable to answer 'Where is this fire hydrant located?' – Underground Fire Hydrant – https://osm.org/node/3408310103 via StreetComplete 63.0:  Auf dem Parkstreifen vor einer Hausausfahrt,2,0,bielebog,Ja.Dorthin hatte ich ihn ja aufgrund der Note letztens mit https://www.openstreetmap.org/changeset/180298545#map=16/51.72659/8.72965 verschoben.
5243940,Deutschland,49.8750617,8.6550090,2026-04-10 00:00:00,2026-04-22 06:19:10,12,Wikiscout,Unable to answer 'What kind of building entrance is this?' – https://osm.org/node/13504112063 via StreetComplete 63.0:  Kein Eingang  Attached photo(s): https://streetcomplete.app/p/337427.jpg https://streetcomplete.app/p/337428.jpg,2,0,Lordofmist,Resolved with changeset/181656179
5202062,Deutschland,50.8591690,11.3346240,2026-03-12 00:00:00,2026-04-22 06:00:29,41,Raan13,KfZ - Service Rauch Christian-Speck-Straße 5e 99444 Blankenhain,2,0,OMME-OSM,Erledigt
5226980,Deutschland,53.7069036,7.1512211,2026-03-31 00:00:00,2026-04-22 05:58:07,22,Helge Kreutzmannn,"Das sind drei getrennte Häuser, links 42, dann 43 und rechts 44  via StreetComplete 63.0  Attached photo(s): https://streetcomplete.app/p/335059.jpg https://streetcomplete.app/p/335060.jpg",2,0,bison166,korrigiert
5259940,Deutschland,50.7691504,12.5824574,2026-04-21 00:00:00,2026-04-22 05:51:06,1,Unknown,An dieser Stelle gibt es keinen Wegweiser,2,0,Rhoon,als 'demolished' markiert
5202065,Deutschland,50.8597900,11.3351660,2026-03-12 00:00:00,2026-04-22 05:50:02,41,Raan13,Happy Sun Solarium Christian-Speck-Straße 5e 99444 Blankenhain  https://happpysun-blankenhain.de/,2,0,OMME-OSM,Erledigt
5237872,Deutschland,49.9570360,8.0157090,2026-04-06 00:00:00,2026-04-22 04:41:26,16,Unknown,Die Apotheke ist dauerhaft geschlossen,2,0,trailschneck,erl
5237878,Deutschland,49.9570489,8.0156865,2026-04-06 00:00:00,2026-04-22 04:41:15,16,spektakel_,'Ab sofort geschlossen' OSM snapshot date: 2025-12-14T02:16:23Z POI name: Stadt Apotheke POI types: wheelchair-no amenity-pharmacy  #organicmaps ios 2026.03.11-12-ios,2,0,trailschneck,erl.
5257167,Deutschland,54.5133836,9.5671511,2026-04-19 00:00:00,2026-04-22 01:59:41,3,HafermilchGesellschaft,Bushaltestelle ist hier  via StreetComplete_ee 63.0  Attached photo(s): https://streetcomplete.app/p/339500.jpg,2,0,timmito,Haltestelle verschoben. https://www.openstreetmap.org/changeset/181651094
5259569,Deutschland,53.3657522,13.2160431,2026-04-21 00:00:00,2026-04-21 23:52:08,0,Unknown,'Kleiner Serrahnsee' ist doppelt. Hier und etwas südlich von 'Großer Serrahnsee'. Welcher 'Kleiner Serrahnsee' ist richtig und welcher ist falsch? Und wie lautet der Name von dem falschen 'Kleiner Serrahnsee'?,3,0,Map-Peter,https://www.openstreetmap.org/changeset/181649226
5102126,Deutschland,52.0255461,8.5272735,2025-12-23 00:00:00,2026-04-21 22:46:16,119,Hartmut Holzgraefe,Hier entsteht wohl gerade ein neuer Dönre-Imbiss,5,0,Hartmut Holzgraefe,eröffnet
5260044,Deutschland,52.0280915,8.5395539,2026-04-21 00:00:00,2026-04-21 22:25:20,0,Hartmut Holzgraefe,Imbis/Cafe Andalusien  via StreetComplete 63.0,2,0,Hartmut Holzgraefe,"Ist da, wurde mir nur von StreetComplete nicht angezeigt ..."
3526675,Deutschland,48.1216829,7.8613210,2023-01-21 00:00:00,2026-04-21 22:07:02,1186,Kelte neu,Unable to answer 'What kind of building is this?' for https://osm.org/way/232569381 via StreetComplete 50.2:  Haus durch Eigentumswohnungen ersetzt Hausnummer 18/1/2,2,0,ya04,Ist eingetragen
5238919,Deutschland,49.9981938,7.6867341,2026-04-07 00:00:00,2026-04-21 22:05:10,14,Unknown,Diese Ausfahrt wird als Dreieck Rheinböllen angegeben,2,0,Hendrik Helsper,Ist kein Autobahndreieck
3526703,Deutschland,48.1226262,7.8660157,2023-01-21 00:00:00,2026-04-21 22:03:46,1186,Kelte neu,Unable to answer 'What kind of building is this?' for https://osm.org/way/232594698 via StreetComplete 50.2:  Gebäude abgebrochen. Einfamilienhaus 20/1 erbaut. Neben wurde Einfamilienhaus 22. Schräg gegenüber wurde Einfamilienhaus 19 erbaut.,3,0,ya04,
5238439,Deutschland,51.0316429,13.7283384,2026-04-07 00:00:00,2026-04-21 22:03:05,14,henningf3,"This place does not exist: 'Mensa with toilets is closed.' A CoMaps user reported that the POI was visible on the map (see snapshot date below), but was not found on the ground. OSM snapshot date: 2026-03-21T17:13:14Z POI has no name POI types: fee-no wheelchair-yes amenity-toilets  #CoMaps android 2026.03.23-5-FDroid",2,0,Jonaes,
3522428,Deutschland,48.1219513,7.8656570,2023-01-17 00:00:00,2026-04-21 22:00:42,1190,Kelte neu,Unable to answer 'What kind of building is this?' for https://osm.org/way/232569272 via StreetComplete 50.2:  Haus abgerissen und durch zwei Doppelhaushälften ersetzt.,3,0,ya04,ist eingetragen
5255631,Deutschland,48.9142273,9.1599261,2026-04-18 00:00:00,2026-04-21 21:52:51,3,scy83,Unable to answer 'How is this power line attached?' – Power Pole – https://osm.org/node/8595913220 via StreetComplete 63.0:  Hier gibt es keine Strommasten mehr.,2,0,scy83,Strommasten in https://www.openstreetmap.org/changeset/181647005 entfernt.
5239862,Deutschland,53.2248650,7.4193707,2026-04-08 00:00:00,2026-04-21 21:47:03,13,Ra Sche,Gasthaus zum Bingumer Sand befindet sich hier  #OsmAnd,2,0,turbopixel,"Restaurant Daten erweitert, https://www.openstreetmap.org/changeset/181646875"
5259968,Deutschland,48.9126106,9.1553366,2026-04-21 00:00:00,2026-04-21 21:42:31,0,scy83,Grasweg. Lege ich gleich selbst an.  via StreetComplete 63.0  GPS Trace: https://www.openstreetmap.org/user/scy83/traces/12305318,2,0,scy83,Angelegt in https://www.openstreetmap.org/changeset/181646759
5256859,Deutschland,51.0491038,9.2272711,2026-04-19 00:00:00,2026-04-21 21:30:00,2,Unknown,"Der Grasweg ist nicht mehr passierbar, total zugewachsen. Alles wohl von Wild umgebrochen und zerstört",2,0,lu456,sollte jetzt angepasst sein
5220998,Deutschland,49.3100015,7.0596519,2026-03-26 00:00:00,2026-04-21 21:29:10,26,Unknown,Sternapotheke geschlossen.  https://www.saarbruecker-zeitung.de/saarland/saarbruecken/sulzbach/sulzbach-diese-apotheken-gibt-es-noch-in-sulzbach_aid-144829699,2,0,BrummsLee,Apotheke geschlossen
5256856,Deutschland,51.0444632,9.2188704,2026-04-19 00:00:00,2026-04-21 21:25:37,2,Unknown,"Der Weg ist so gut wie nicht mehr vorhanden, alles zugewachsen und tiefe Fahrspuren",2,0,lu456,ist angepasst
3541217,Deutschland,53.2370682,7.4952513,2023-02-01 00:00:00,2026-04-21 21:24:16,1175,ghost5858,Unable to answer 'Are these opening hours still correct?' for https://osm.org/way/89236798 via StreetComplete 50.2:  Baustelle,3,0,turbopixel,Ist angepasst https://www.openstreetmap.org/changeset/181646210
5256855,Deutschland,51.0442001,9.2149758,2026-04-19 00:00:00,2026-04-21 21:22:04,2,Unknown,Hier geht es nicht weiter. man Steht mitten im Wald,2,0,lu456,
5257444,Deutschland,51.0457245,9.2162204,2026-04-19 00:00:00,2026-04-21 21:21:38,2,Unknown,"Diese Weg scheint nur inoffiziell zu sein, da liegen schon seit Jahren Bäume quer über den Weg",2,0,lu456,Habe auch hier die Attribute angepasst und zunächst als unpassierbar angepasst. Vielleicht kommen die Bäume ja nochmal weg
3806951,Deutschland,52.1423711,14.4196452,2023-07-30 00:00:00,2026-04-21 21:21:03,996,nau,Kiefernsamendarre  via StreetComplete 53.3,9,1,einufo,Ich hab's korrigiert (hoffe ich).
5256853,Deutschland,51.0456908,9.2116070,2026-04-19 00:00:00,2026-04-21 21:20:49,2,Unknown,"Das schein kein Weg zu sein, dies ist kaum begehbar. Ist eher ein Ackerboden, alles umgegraben und zugewachsen. Man bricht sich eher die Haxen",2,0,lu456,"habe die Attribute angepasst. Eigentlich ist das kein Weg mehr, bzw war vermutlich nie einer"
4343350,Deutschland,53.1394051,7.5756821,2024-07-21 00:00:00,2026-04-21 21:18:37,639,letihu,Die Nr. 26 ist hier doppelt vergeben,2,0,turbopixel,"Die Nr. 26 war nicht einmal zusehen, dennoch habe ich hier die Adressen vom Nachbarn korrigiert. https://www.openstreetmap.org/changeset/181646004"
4795739,Deutschland,52.3006724,14.4817876,2025-06-08 00:00:00,2026-04-21 21:14:33,317,Mateusz Konieczny,https://www.openstreetmap.org/node/640119229/history  is this 'Haus 6' name of part of hospital?  Debris to be deleted?  Something else?,2,0,einufo,"Hi Mateusz, don't delete - the parts of the hospital have names like 'Haus 4' or 'Bettenhaus 1', this part here is named 'Haus 6'"
5260318,Deutschland,49.2898990,9.5641730,2026-04-21 00:00:00,2026-04-21 20:58:00,0,Btrnk,Es gibt nur noch den Getränkehandel MEXX. Der Hofladen Heinrich hat diesen Standort aufgegeben.,2,0,Btrnk,
5195932,Deutschland,48.2246978,11.5608004,2026-03-08 00:00:00,2026-04-21 20:54:08,44,roro-t,"Aktuell: Vandaliert, Sitzfläche fehlt",3,0,LaLinea,"Beschädigung an https://machmuenchenbesser.de/ weitergeleitet, das wird normal binnen weniger Wochen erledigt.  Entsprechend der Best-Practis-Regeln [1] zu temporären Veränderungen:  Objekteigenschaften [2] bereinigt.  [1] https://wiki.osm.org/wiki/DE:Good_practice#Mappe_keine_vor%C3%BCbergehenden_Ereignisse_und_Objekte_tempor%C3%A4rer_Natur [2] https://osm.org/node/5352613575"
5259647,Deutschland,48.1480710,11.4638150,2026-04-21 00:00:00,2026-04-21 20:42:20,0,Unknown,where we had our first kiss,2,0,limes11,good for you
5258495,Deutschland,50.5456607,9.6937443,2026-04-20 00:00:00,2026-04-21 20:42:03,1,Deutsch und Stolz,Unable to answer 'What’s the name of this street?' – Residential Road – https://osm.org/way/729947650 via StreetComplete 63.0:  Hat kein Straßenschild.  Attached photo(s): https://streetcomplete.app/p/339654.jpg https://streetcomplete.app/p/339655.jpg,2,0,flex16,Laut Kataster müsste der Name auch 'Max-Reger-Straße' sein. Hab ich mal eingetragen. Außerdem hab ich die Straße zu service runtergestuft und das Verkehrszeichen für beide Richtungen eingetragen.
5178530,Deutschland,48.0127503,7.8514668,2026-02-23 00:00:00,2026-04-21 20:41:26,57,Unknown,Hier fehlen die Wege über den kleinen Platz.,2,0,ya04,
5251512,Deutschland,50.5069198,7.7268092,2026-04-15 00:00:00,2026-04-21 20:37:25,6,flappiegrrr,Ab hier gilt Richtung Mausmühle 50 . Wie weit weiß ich nicht.  via StreetComplete 63.0  Attached photo(s): https://streetcomplete.app/p/338625.jpg,2,0,flappiegrrr,
5074101,Deutschland,51.4351562,6.8803488,2025-11-30 00:00:00,2026-04-21 20:25:21,142,Unknown,Laut den Webseiten des Landes NRW trägt die VHS den Namen vom alten Standort 'Heinrich-Thöne-Volkshochschule'  https://kulturserver-nrw.de/de_DE/einrichtungen/5011  https://karriere.nrw/stellenausschreibung/d5ad304e-fc54-4230-95f7-510aa461f90b,4,1,MoX,Und https://www.openstreetmap.org/changeset/181644493
5074103,Deutschland,51.4281360,6.8713686,2025-11-30 00:00:00,2026-04-21 20:21:24,142,Unknown,Da die VHS umgezogen ist sollte der name key wohl besser zu old_name geändert werden.  https://www.openstreetmap.org/note/new,2,0,MoX,Mit https://www.openstreetmap.org/changeset/181644388 angepasst.
4364818,Deutschland,49.5324506,8.4827703,2024-08-03 00:00:00,2026-04-21 20:13:49,626,bigbug21,"Laut [1] dürfte in diesem Bereich ein neues Funktionsgebäude für ein Elektronisches Stellwerk errichtet worden sein, das hier offenbar noch fehlt.  [1] https://www.deutschebahn.com/resource/blob/12858220/8872390bfad5cacaada2768f6bfb0b60/20240513_Charts-Pressetermin_Stand-der-Vorbereitungen-Generalsanierung-Riedbahn-data.pdf (Seite 10)",3,0,bigbug21,"Danke! Die beiden neuen Stellwerke sind schon eingetragen, südlich des alten Stellwerks 'Mannheim Waldhof', zu dem auch der Parkplatz gehört."
5259640,Deutschland,48.2715400,11.5883420,2026-04-21 00:00:00,2026-04-21 20:11:20,0,Unknown,where we spent the first night together,2,0,Vinzenz Mai,Kein Kommentar erforderlich
5259648,Deutschland,48.2714540,11.5883120,2026-04-21 00:00:00,2026-04-21 20:11:03,0,Unknown,I wish I was never here,2,0,Vinzenz Mai,Kein Kommentar erforderlich.
5259788,Deutschland,48.7475837,11.4333012,2026-04-21 00:00:00,2026-04-21 20:00:30,0,Unknown,"Hier gibt es keine Jaltestelle. Sie liegt daneben, wie vorhanden, in der Münchner Str.",6,1,Unknown,Die Bus-Haltestelle ist doch vorhanden.
5193524,Deutschland,48.1646757,11.4546658,2026-03-06 00:00:00,2026-04-21 19:41:45,46,maxi_,Hier in etwa müsste sich das Regenrückhaltebecken Bertha-von-Suttner-Weg mit einer Kapazität von 10.000 m³ befinden.,2,0,maxi_,In https://www.openstreetmap.org/changeset/181643241 angelegt.
5247654,Deutschland,48.1173023,11.5612221,2026-04-12 00:00:00,2026-04-21 19:38:17,9,Unknown,"official_name für Relation: Isarauen (19590194) muss geändert werden, das meiste sollte wohl eher in ein note tag oder so geschoben werden",2,0,LaLinea,Isarauen ist die offizielle Bezeichnung des Landschaftschutzgebietes an diesem Ort.  Es gibt keinen nachvollziehbaren Grund das Objekt zu ändern.  https://stadt.muenchen.de/infos/landschaftsschutzgebiet-isarauen.html
5236772,Deutschland,53.5104543,10.0109333,2026-04-06 00:00:00,2026-04-21 19:34:08,15,Alx303,two story house missing here  #OsmAnd,2,0,Wolfgang Holtz,eingezeichnet
5257665,Deutschland,52.3642962,9.7511709,2026-04-19 00:00:00,2026-04-21 19:28:00,2,Unknown,"Hier ist noch ein kleines Gebäude vermutlich irgendwas für die infrastrukturelle Versorgung, da ohne Fenster.",2,0,osmmapper222,ist eingetragen
5208947,Deutschland,53.5179324,9.9862450,2026-03-17 00:00:00,2026-04-21 19:26:50,35,Wolfgang Holtz,wg. Wasserschaden bis auf weiteres geschlossen.,2,0,Wolfgang Holtz,ist wieder geöffnet
5258626,Deutschland,51.9260033,9.7757613,2026-04-20 00:00:00,2026-04-21 19:26:47,1,Unknown,Unable to answer 'Do these steps have a handrail?' – Steps – https://osm.org/way/701357025 via StreetComplete 63.0:  Hier ist keine Treppe,2,0,osmmapper222,"Hallo jkdeich,  aufgrund eines früheren Hinweises hatte ich hier die Wegführung an der Kirche bereits angepasst und die Treppe entfernt.  Waren ggf. die OSM-Daten in der StreetComplete-App schon ein wenig älter?  Vor einer Begehung kann man das Kartenmaterial für einen Kartenauschnitt neu herunterladen.  Viele Grüße osmmapper222"
5254190,Deutschland,48.1691610,11.5218150,2026-04-17 00:00:00,2026-04-21 19:24:56,4,Unknown,"Der Teich existiert nicht mehr, er wurde zugeschüttet. Deshalb ist die Bezeichnung der Urnenhalle irreführend.",2,0,LaLinea,"'Urnenhalle am Teich' ist ein feststehender Name, keine Beschreibung.  Das Argument des irreführenden Bezeichnung ist nachvollziehbar, müsste aber für eine offizielle Umbenennung mit der Friedhofsverwaltung diskutiert werden und nicht hier bei OSM. Eigenschaften ergänzt:  https://osm.org/way/40944903"
5260049,Deutschland,51.4442994,6.8901864,2026-04-21 00:00:00,2026-04-21 19:23:33,0,MoX,Trampelpfad  via StreetComplete 63.0  GPS Trace: https://www.openstreetmap.org/user/MoX/traces/12305415,2,0,MoX,Eingetragen
5259606,Deutschland,52.3148792,9.6076960,2026-04-21 00:00:00,2026-04-21 19:23:13,0,TornadoFang,Parkdauer 90min  via StreetComplete 63.0  Attached photo(s): https://streetcomplete.app/p/339819.jpg,2,0,osmmapper222,ist eingetragen
5260263,Deutschland,49.3034271,8.6454294,2026-04-21 00:00:00,2026-04-21 19:21:21,0,streetball,charging Station missing  #EveryDoor,2,0,streetball,
5129747,Deutschland,52.3430042,9.9542731,2026-01-15 00:00:00,2026-04-21 19:19:32,96,Marvk,"Hier sind drei verschiedene Namen auf verschiedenen Features. Im Volksmund heißt die Halde meiner Meinung nach 'Kaliberg Lehrte', offiziell aber eher 'Halde Bergmanssegen-Hugo'. 'Kaliberg Ilten hingegen habe ich noch nie gehört.",6,0,osmmapper222,ist angepasst
5075914,Deutschland,53.5072105,9.9852916,2025-12-02 00:00:00,2026-04-21 19:17:17,140,Gnarfer,"'Hier nur Grünfläche. Kein Spielplatz ' The place has gone or never existed. A user of Organic Maps application has reported that the POI was visible on the map (see snapshot date below), but was not found on the ground. OSM snapshot date: 2025-11-23T18:39:39Z POI has no name POI types: leisure-playground  #organicmaps android 2025.11.26-5-Google",2,0,Wolfgang Holtz,Spielplatz gelöscht
5257629,Deutschland,52.3848021,9.7466817,2026-04-19 00:00:00,2026-04-21 19:09:36,2,Unknown,ungefähr hier hat ein Euroshop aufgemacht  #OsmAnd,2,0,osmmapper222,ist eingetragen
5031660,Deutschland,52.3613740,9.8586896,2025-10-31 00:00:00,2026-04-21 19:06:00,172,Langlaeufer,Was ist hier nach angeblicher Entfernung der Fahrbahn,6,0,osmmapper222,surface ist ergänzt
5225206,Deutschland,48.1530422,11.4718667,2026-03-29 00:00:00,2026-04-21 19:05:02,23,maxi_,https://www.openstreetmap.org/node/2960362074 sollte vermutlich eher als amenity=fountain anstelle von man_made=water_well getagt werden. Bitte vor Ort prüfen.,2,0,maxi_,In https://www.openstreetmap.org/changeset/181642031 aktualisiert.
5259762,Deutschland,52.4847080,13.4292200,2026-04-21 00:00:00,2026-04-21 19:01:12,0,Unknown,"The Sprint gas station has NOT been closed, this was an error of mine.",2,0,Supaplex030,Vgl. https://api.openstreetmap.org/note/5259757
5259757,Deutschland,52.4845380,13.4292410,2026-04-21 00:00:00,2026-04-21 19:01:01,0,Unknown,The Sprint gas station has been closed,2,0,Supaplex030,Vgl. https://api.openstreetmap.org/note/5259762
3565413,Deutschland,52.3115761,10.1134633,2023-02-19 00:00:00,2026-04-21 19:00:04,1157,nilix,Bitte Wege hier vor Ort prüfen. Danke.,2,0,Joseph MV,4/26 konnte ich von der Strasse aus keinen Fußpfad sehen.
5182774,Deutschland,49.9883784,8.1818694,2026-02-26 00:00:00,2026-04-21 18:59:45,54,onterof,Diese Häuser müssten (nach Alkis) eigentlich als addr street Veilchenweg haben? Prüfen und ggf. Adressen korrigieren,2,0,hmpfgnrrr,"Nicht nur 14-20 gehört zum Dahlienweg, sondern 24-32 ebenso!  https://www.mapillary.com/app/?lat=49.988455999999985&lng=8.181971999999973&z=17.002058557365068&focus=photo&pKey=296653865385276"
5259846,Deutschland,49.9639706,8.2609124,2026-04-21 00:00:00,2026-04-21 18:56:08,0,ManuelB701,Sieben IAO der Haushahn Gruppe  via StreetComplete 63.0,2,0,ManuelB701,
5259845,Deutschland,49.9643187,8.2611174,2026-04-21 00:00:00,2026-04-21 18:54:20,0,ManuelB701,Fortbildungsakademie der Wirtschaft (FAW) Mainz  via StreetComplete 63.0,2,0,ManuelB701,
5225056,Deutschland,49.7745488,9.9510246,2026-03-29 00:00:00,2026-04-21 18:43:22,23,Zimbelstern,Unable to answer 'What’s the surface here?' – Foot Path – https://osm.org/way/320716030 via StreetComplete 63.0:  Mittleren Weg entfernen,2,0,Unknown,
4642101,Deutschland,49.7745497,9.9509614,2025-02-25 00:00:00,2026-04-21 18:43:17,420,Hgru,"Unable to answer 'Do these steps have a handrail?' – Steps – https://osm.org/way/320714578 via StreetComplete 60.1:  An dieser Stelle ist keine Treppe. Es sind Steinstufen zum Hinsetzen, ca 40 cm hoch.",2,0,Unknown,
5224977,Deutschland,49.7745849,9.9509574,2026-03-29 00:00:00,2026-04-21 18:43:12,23,Limonenmelissa97,"Unable to answer 'How many steps are here?' – Steps – https://osm.org/way/320714581 via StreetComplete 63.0:  Keine Treppe, sondern Steinstufen",2,0,Unknown,
5260070,Deutschland,53.6467659,10.1789738,2026-04-21 00:00:00,2026-04-21 18:35:46,0,ma_ks_,Neue Bushaltestelle  via StreetComplete 63.0  Attached photo(s): https://streetcomplete.app/p/339933.jpg,2,0,ma_ks_,
4895370,Deutschland,48.4126330,9.4954210,2025-08-06 00:00:00,2026-04-21 18:25:37,258,Staerk105,"Hier kann man durch, ist eine treppe  via StreetComplete 59.3",4,0,FroschForscher,https://www.openstreetmap.org/changeset/181640684
5063689,Deutschland,49.2870951,7.0438778,2025-11-22 00:00:00,2026-04-21 18:24:58,150,Unknown,"Kulturhaus am brennenden Berg KhabB https://kulturverein-sulzbach.de/khabb/ Eröffnung 20. März 2026 Früher Gasthaus zum brennenden Berg, später Statt-Theater  https://www.saarbruecker-zeitung.de/saarland/saarbruecken/dudweiler/neues-kulturhaus-dudweiler-kulturverein-fast-fertig-mit-sanierung_aid-139066045",2,0,Vinzenz Mai,In https://www.openstreetmap.org/changeset/181640654 erfasst.
5258794,Deutschland,47.5824024,9.6697283,2026-04-20 00:00:00,2026-04-21 18:24:56,1,Unknown,'Vollsperrung wegen Fahrbahnsanierung vom 13.04. bis 08.05.2026'.,2,0,mcliquid,Ist schon lange drin
5247441,Deutschland,49.2870916,7.0438886,2026-04-12 00:00:00,2026-04-21 18:24:39,9,Unknown,Kulturhaus am brennenden Berg eröffnet.  https://www.saarbruecker-zeitung.de/saarland/saarbruecken/sulzbach/sulzbach-2026-khabb-soll-neue-besondere-buehne-fuer-alle-sein_aid-146449421,3,0,Vinzenz Mai,Mit https://www.openstreetmap.org/changeset/181640654 erfasst.
5172958,Deutschland,48.1671514,11.5318861,2026-02-19 00:00:00,2026-04-21 18:24:00,61,Sadhu,Sauna ist hier   #OsmAnd,2,0,LaLinea,"Objekt existiert bereits, Kontaktdaten angefügt:  https://osm.org/node/12804029761"
5126947,Deutschland,49.2927084,7.0439924,2026-01-12 00:00:00,2026-04-21 18:17:35,99,Bausparfuchs,Unable to answer 'Is there tactile paving at the top and bottom of these steps?' – Steps – https://osm.org/way/132107375 via StreetComplete 62.1:  Closed for public use,3,0,Vinzenz Mai,"foot=private, und das Fehlen taktiler Elemente war eh schon eingetragen."
4149531,Deutschland,49.2993314,7.0612773,2024-03-12 00:00:00,2026-04-21 18:15:23,770,Unknown,Neue Fahrradabstellanlage ab 14. März vor Rathaus.  https://www.saarbruecker-zeitung.de/saarland/saarbruecken/sulzbach/stadt-sulzbach-investiert-in-bessere-radwege_aid-108678735,2,0,Vinzenz Mai,"Von @amertz bereits erfasst. Ich hätte ja gesagt, hinter dem Rathaus ..."
4901591,Deutschland,49.2895443,7.0783496,2025-08-09 00:00:00,2026-04-21 18:10:15,255,Unknown,"HAUSALIT Maschinenbau und Oberflächenschutz Justus-von-Liebig-Str. 1, 66280 Sulzbach/Saar  https://www.hausalit-verkehrstechnik.de/php/impressum.php?id=5 https://www.saarbruecker-zeitung.de/saarland/saarbruecken/sulzbach/hausalit-in-sulzbach-fertigt-verkehrsschilder-die-erfolgsgeschichte-der-firma_aid-132540965",3,0,Vinzenz Mai,Mit Changeset https://www.openstreetmap.org/changeset/181640109 erfasst.
4860430,Deutschland,47.7129383,12.4077450,2025-07-17 00:00:00,2026-04-21 18:00:36,278,palla,Neubau eines Wohnhauses  #OsmAnd,2,0,I1ezSwFsC3X-Xql,Gebäude mit Hausnummer hinzugefügt
4713174,Deutschland,49.2856114,7.0750129,2025-04-16 00:00:00,2026-04-21 17:58:57,370,Unknown,Bitte vor Ort prüfen. Zumindest in den „Einteilung der Stadt Sulzbach/Saar in Wahlbezirke anlässlich der Europa- und Kommunalwahlen am 09.06.2024“ (https://www.stadt-sulzbach.de/loadDocument.phtml?FID=3703.961.1&Ext=PDF) ist sie als „St. Ingberter Straße“ ausgeführt. In der Karte heißt sie südwestlich „St.-Ingberter-Straße“ und nordöstlich „Sankt Ingberter Straße“? Vielen Dank.,2,0,Vinzenz Mai,"Zur St.-Ingberter-Straße vereinheitlicht, gemäß Rechtrschreibung von mehrteiligen Namen. Kürze nicht ab greift hier nicht."
4599105,Deutschland,50.0006398,8.2740945,2025-01-23 00:00:00,2026-04-21 17:48:08,453,ManuelB701,"Das Gebäudekomplex am Brand ist ein wenig Chaotisch und die Umrisse stimmen nicht mit dem, was man auf den Luftbildern sieht, überein. Möglicherweise ist die Aufteilung der Gebäude unmöglich und stattdessen sollten wir das alles zu einem Gebäude vereinen und die Adressen über die Eingänge verzeichnen.",10,0,dreua,
5259847,Deutschland,49.9657726,8.2579274,2026-04-21 00:00:00,2026-04-21 17:44:30,0,ManuelB701,Moguntia Food Group  via StreetComplete 63.0,2,0,ManuelB701,War nur nicht als Betrieb eingetragen
5249361,Deutschland,49.7885060,9.9777180,2026-04-14 00:00:00,2026-04-21 17:39:39,7,Unknown,"Schranke nur für Busse, Autos können nicht durchfahren.",2,0,Owla,Ist auch so gemappt. Verstehe das Problem nicht.
4689783,Deutschland,49.9655842,8.2571222,2025-03-31 00:00:00,2026-04-21 17:37:46,386,dreua,"Website ist tot, gibt es den 'Flipperking' hier vor Ort noch? (Ich schätze ncht.)",3,0,ManuelB701,
5250910,Deutschland,49.7970081,10.0174525,2026-04-15 00:00:00,2026-04-21 17:35:47,6,Unknown,Tischtennisplatte hier,2,0,Owla,Eingetragen
5259718,Deutschland,49.0867254,8.2667756,2026-04-21 00:00:00,2026-04-21 17:28:22,0,Daniel22Ka,Garagen  via StreetComplete 63.0,2,0,Daniel22Ka,
3651912,Deutschland,53.5719093,9.9156124,2023-04-20 00:00:00,2026-04-21 17:24:31,1097,Jörg Roßdeutscher,"Unable to answer 'Is this still here?' for https://osm.org/way/350328522 via StreetComplete 52.0:  Laut Info im Netz wurde das Geschäft aufgelöst, ich sehe allerdings kein   firmenschild.",7,1,Jörg Roßdeutscher,erledigt. Sicherheitsdienst
5259803,Deutschland,48.9898547,8.2474467,2026-04-21 00:00:00,2026-04-21 17:24:00,0,Daniel22Ka,"Unable to answer 'Is there a shelter at this stop?' – Neuburg, Bürgerhaus (Bus Stop) – https://osm.org/node/8039656213 via StreetComplete 63.0:  Haltestelle existiert nicht, werde es später korrigieren",2,0,Daniel22Ka,
5259810,Deutschland,48.9886798,8.2478195,2026-04-21 00:00:00,2026-04-21 17:23:16,0,Daniel22Ka,Haltestelle Bürgerhaus (verschieben nicht möglich) Dach + Bank + Mülleimer. Werde es später mappen  via StreetComplete 63.0,2,0,Daniel22Ka,
5259229,Deutschland,49.4438054,11.1242580,2026-04-21 00:00:00,2026-04-21 17:16:53,0,Unknown,Geschlossen   #OsmAnd,2,0,pyram,So steht es auch in den Daten: https://www.openstreetmap.org/node/676886172
5210918,Deutschland,50.7893911,6.0767413,2026-03-19 00:00:00,2026-04-21 17:00:16,33,--Lukas--,Neuer Trampelpfade hat sich gebildet.  via StreetComplete 63.0  Attached photo(s): https://streetcomplete.app/p/332625.jpg  GPS Trace: https://www.openstreetmap.org/user/--Lukas--/traces/12249894,5,1,Kalkulixi,Vielen Dank für die GPS Route. Ist erledigt!
5210968,Deutschland,50.7891752,6.0802119,2026-03-19 00:00:00,2026-04-21 16:57:01,33,--Lukas--,Treppe 6 stufen  via StreetComplete 63.0  Attached photo(s): https://streetcomplete.app/p/332644.jpg,2,0,Kalkulixi,Siehe 5210969
5258576,Deutschland,51.5328188,9.9313778,2026-04-20 00:00:00,2026-04-21 16:48:28,1,Unknown,Filiale zum 1.4.2026 geschlossen   #OsmAnd,2,0,jengelh,https://www.openstreetmap.org/changeset/181636807
5256672,Deutschland,50.7739598,6.1175409,2026-04-19 00:00:00,2026-04-21 16:47:50,2,Kalkulixi,FixMe. What is here. Check out with Streetcomplete,7,1,Kalkulixi,?
5259328,Deutschland,51.5259055,9.9539297,2026-04-21 00:00:00,2026-04-21 16:44:02,0,aeszter,"Der Straßenabschnitt von der Kreuzung bis zum oberen Ende heißt jetzt Edith-Scheithauer-Weg, siehe https://ris.goettingen.de/public/to020?TOLFDNR=142864&SILFDNR=5152. Ortsbesichtigung steht noch aus.",2,0,jengelh,Straßenschild sagt Lönsweg
5258685,Deutschland,51.5252003,9.9533772,2026-04-20 00:00:00,2026-04-21 16:43:49,1,Unknown,"Die Straße heißt laut anderen Kartendaten inzwischen 'Meta-Kamp-Steinmann-Straße' (entspricht dem bereits proposed Namen), weiterhin nennt das Amtsblatt Nr.20/2022 (https://www.goettingen.de/downloads/datei/NmIzYmMyYTBkN2I1NmI2MHB6d3I3OS9zb2xNWXZNNVRtRW5KSXJXclBNbkY0SWhJeElVdk51c0k2VEdiNUdsWm9HRXR4bmZPSXh5RzN5VG90c3gwK3Y5UzhTY2doUTkrbmtDaXBkbXVvRlV1SXBnS05NSTlLb1B4Z1lkYUxYb2lOTGFybm5VMmEzQUNLcEVJOU9ocXVjSTVYWXNVYnllbzRvWkVnZz09) der Stadt Göttingen sowie die Wahlbezirkseinteilung (https://votemanager.kdo.de/20250223/03159016/praesentation/wahlraum.html?bezirk_id=116721 Rechts im Feld 'Straßen in diesem Bezirk') die Straße inzwischen so. Selbst vor Ort war ich allerdings nicht.",3,0,jengelh,"Was zählt sind aber nicht anderen Kartenwerke, sondern die in der Straße sichtbaren Schilder. Die Steinnmannstraße ist außerdem noch nicht wirklich hergestellt; die SWB hat schon renummiert, aber die Privathäuser, Hort und Schule lauten alle noch Lönsweg. What a mess!"
2999559,Deutschland,49.4791601,8.4496155,2022-01-06 00:00:00,2026-04-21 16:35:52,1566,Unknown,"Die Adresse für das Bürgerbüro der Stadt Ludwigshafen am Rhein in der Bismarckstraße 21 wird falsch angezeigt. Das Gebäude befindet sich in der ehemaligen Dammstraße 2 und dort ist auch keine Kreissparkasse mehr, sondern das Bürgerbüro sowie das Standesamt.",2,0,wermak,"Wurde korrigiert, https://www.openstreetmap.org/node/3336089727/history."
5089638,Deutschland,49.4778002,8.4522992,2025-12-13 00:00:00,2026-04-21 16:33:29,129,PlexSheep,"'Scheinbar geschlossen worden' The place has gone or never existed. A user of Organic Maps application has reported that the POI was visible on the map (see snapshot date below), but was not found on the ground. OSM snapshot date: 2025-08-08T13:08:07Z POI name: Asia-Markt Kim Ha II POI types: wheelchair-yes shop-supermarket  #organicmaps android 2025.11.26-5-FDroid",2,0,wermak,"Korrigiert, https://www.openstreetmap.org/node/880905334/history"
5239508,Deutschland,53.9628290,10.8613890,2026-04-07 00:00:00,2026-04-21 16:29:23,14,Unknown,hier werden wohl Ladesäulen errichtet,2,0,didi53fahrrad,"ja, fast fertig"
5221347,Deutschland,51.4141400,6.4842500,2026-03-27 00:00:00,2026-04-21 16:23:50,25,Unknown,"Kichweg ist gut, die Nachbarfluren nördlich der A 40 führen jedoch Ki*r*rchweg im Namen.  Vgl. auch hier: https://www.archive.nrw.de/en/archivsuche?link=VERZEICHUNGSEINHEIT-Vz_1698598c-2892-4a20-979f-a3a3ae9497e7  Gruß, ULF",2,0,ralrei,erledigt
5259439,Deutschland,51.3851797,6.6320519,2026-04-21 00:00:00,2026-04-21 16:21:06,0,ralrei,Fußweg mit Poller  via StreetComplete 63.0  Attached photo(s): https://streetcomplete.app/p/339800.jpg,2,0,ralrei,erledigt
5217799,Deutschland,49.4647092,8.4376085,2026-03-24 00:00:00,2026-04-21 16:18:55,28,Tachymetrus,"Unable to answer 'How many car lanes does this road have?' – Mundenheimer Straße (Tertiary Road) – https://osm.org/way/40455043 via StreetComplete 63.0:  Links Fahrbahn, rechts Fahrradweg  Attached photo(s): https://streetcomplete.app/p/333864.jpg",2,0,wermak,Eingetragen.
5259391,Deutschland,51.3903190,6.6258917,2026-04-21 00:00:00,2026-04-21 16:18:05,0,ralrei,Durchgang mit Poller  via StreetComplete 63.0  Attached photo(s): https://streetcomplete.app/p/339798.jpg,2,0,ralrei,erledigt
3076448,Deutschland,49.4614926,8.4207330,2022-03-06 00:00:00,2026-04-21 16:10:34,1507,Josef22,es gibt einen Lift  via StreetComplete 41.1,2,0,wermak,https://www.openstreetmap.org/note/3076451
3076451,Deutschland,49.4613317,8.4207498,2022-03-06 00:00:00,2026-04-21 16:07:54,1507,Josef22,Unable to answer 'Do these steps have a ramp? What kind?' for https://osm.org/way/63974813 via StreetComplete 41.1:  es gibt einen Lift,2,0,wermak,"Wurde verbessert, https://www.openstreetmap.org/node/789610889/history."
4865505,Deutschland,49.4624015,8.4212117,2025-07-20 00:00:00,2026-04-21 16:06:55,275,cmh_germany,Unable to answer 'What are the opening hours here?' – angelo e forbici (Hairdresser) – https://osm.org/way/170185978 via StreetComplete 61.1:  Lohnsteuerhilfeverein  Attached photo(s): https://streetcomplete.app/p/292074.jpg,2,0,wermak,Eingetragen.
4935117,Deutschland,48.5342106,9.6881711,2025-08-28 00:00:00,2026-04-21 15:58:53,236,kloburste,Baustelle mittlerweile fertig,2,0,Avatorra,
3421958,Deutschland,49.4674631,8.4181780,2022-10-31 00:00:00,2026-04-21 15:50:35,1268,Zebra_Aristotle,Grünabfall für Friedhof  via StreetComplete 48.0,2,0,wermak,Eingetragen.
3421962,Deutschland,49.4678526,8.4177350,2022-10-31 00:00:00,2026-04-21 15:50:10,1268,Zebra_Aristotle,Eingang Friedhof  via StreetComplete 48.0,3,0,wermak,https://www.openstreetmap.org/node/10143359692
5234593,Deutschland,50.2940284,9.0342293,2026-04-04 00:00:00,2026-04-21 15:36:27,17,xor4863,In context of overlay 'Buildings' – house number 2: Retail Building – https://osm.org/way/225485737 via StreetComplete 63.0:  Siehe Hinweis 1,3,0,Gino-52,Ein Hinweis ist ausreichend
5234592,Deutschland,50.2941817,9.0339767,2026-04-04 00:00:00,2026-04-21 15:35:53,17,xor4863,Unable to answer 'Are these opening hours still correct?' – Parking Lot – https://osm.org/way/339913974 via StreetComplete 63.0:  Siehe Hinweis 1,2,0,Gino-52,Ein Hinweis ist ausreichend
5259677,Deutschland,50.1257420,11.1905164,2026-04-21 00:00:00,2026-04-21 15:35:47,0,TiBaWe,Ptivatweg  via StreetComplete 63.0,2,0,TiBaWe,Geändert
3106376,Deutschland,50.9204200,8.8007500,2022-03-27 00:00:00,2026-04-21 15:10:52,1486,MartinMap,Pfad fehlt,3,0,OHmap35,
5037721,Deutschland,49.0864540,7.6640470,2025-11-04 00:00:00,2026-04-21 15:09:04,168,Unknown,Kaiserhüttenfeld 34,2,0,309_308_307,inzwischen eingetragen
5256356,Deutschland,50.9535295,14.0426325,2026-04-19 00:00:00,2026-04-21 14:58:40,2,SaxHunt,Verkehrszeichen 250 Straße gesperrt. OSM muss hier aktualisiert werden und der Parkplatz weiter hinten ist damit keiner mehr.  via StreetComplete 58.2  Attached photo(s): https://streetcomplete.app/p/339373.jpg,2,0,Tatfahren,Access entsprechend hinzugefügt. https://www.openstreetmap.org/changeset/181631807
4803131,Deutschland,48.5518481,8.7606535,2025-06-12 00:00:00,2026-04-21 14:33:24,313,jf_simon,Lichtung  #OsmAnd,2,0,jf_simon,
4617169,Deutschland,49.4740762,8.4030681,2025-02-06 00:00:00,2026-04-21 14:25:41,439,Tachymetrus,Unable to answer 'Do these steps have a handrail?' – Steps – https://osm.org/way/1181283523 via StreetComplete 60.1:  Das ist eine Rampe. Keine Treppe.,2,0,wermak,Verbessert.
4878727,Deutschland,49.4757389,8.4014710,2025-07-27 00:00:00,2026-04-21 14:24:58,268,SanidinKhe,Die Busspur führt hier wieder auf die Straße  via StreetComplete 61.2  Attached photo(s): https://streetcomplete.app/p/294170.jpg,2,0,wermak,Verbessert.
5211425,Deutschland,51.0528493,13.7267369,2026-03-19 00:00:00,2026-04-21 14:18:23,33,mespiz,Unable to answer 'This shop has been vacant. What’s here now?' – house number 36 – https://osm.org/node/6122317385 via StreetComplete 63.0:  Beautysalon nutzt Fläche von 2 Läden. der leere Eintrag kann entfernt werden,2,0,mespiz,
5211427,Deutschland,51.0528666,13.7266639,2026-03-19 00:00:00,2026-04-21 14:18:20,33,mespiz,Unable to answer 'What are the opening hours here?' – feel & meer (Travel Agency) – https://osm.org/node/6122316527 via StreetComplete 63.0:  Dopplung mit wikinger reisecenter,2,0,mespiz,
5255877,Deutschland,49.2982981,7.0612676,2026-04-18 00:00:00,2026-04-21 14:17:54,3,Julius14172,'a small tree and information board planted in 2022 to symbolise the partnership between the two cities.' OSM snapshot date: 2026-04-04T03:36:32Z POI name: Freundschaftsbaum Sulzbach - Rémelfing POI types: tourism-artwork  #organicmaps android 2026.04.07-8-FDroid,2,0,Vinzenz Mai,Hast Du ja eingetragen.
5176119,Deutschland,51.0545579,13.7336283,2026-02-21 00:00:00,2026-04-21 14:15:15,59,mespiz,Unable to answer 'What’s the surface here?' – Foot Path – https://osm.org/way/30295741 via StreetComplete 62.2:  Dieser Weg existiert nicht,2,0,mespiz,
4878121,Deutschland,49.4740324,8.3989797,2025-07-27 00:00:00,2026-04-21 14:10:38,268,SanidinKhe,Rollerparkplatz  via StreetComplete 61.2  Attached photo(s): https://streetcomplete.app/p/294058.jpg,2,0,wermak,https://www.openstreetmap.org/node/13749137473
4878106,Deutschland,49.4729475,8.3996392,2025-07-27 00:00:00,2026-04-21 13:56:29,268,SanidinKhe,"Doppelhaushälfte, 77  via StreetComplete 61.2",2,0,wermak,"Wurde korrigiert, https://www.openstreetmap.org/way/260887056/history."
4878107,Deutschland,49.4730114,8.3995087,2025-07-27 00:00:00,2026-04-21 13:55:37,268,SanidinKhe,"Doppelhaushälfte, 79  via StreetComplete 61.2",2,0,wermak,https://www.openstreetmap.org/way/1501186373
4877877,Deutschland,49.4623482,8.3996567,2025-07-27 00:00:00,2026-04-21 13:54:59,268,SanidinKhe,"Pfosten, fest, Lücke Rolli 1,4m  via StreetComplete 61.2  Attached photo(s): https://streetcomplete.app/p/294027.jpg",2,0,wermak,https://www.openstreetmap.org/node/13030590347
2401271,Deutschland,49.4577028,8.4072715,2020-10-27 00:00:00,2026-04-21 13:54:03,2002,Unknown,Diesen Parkplatz gibt es nicht mehr. An dieser Stelle entsteht derzeit ein weiteres Gebäude des Krankenhauses (Stand Ende Oktober 2020 wächst bereits der Rohbau).,3,0,wermak,"Gebäude ist jetzt eingetragen, https://www.openstreetmap.org/relation/20517104."
4877864,Deutschland,49.4602349,8.3982529,2025-07-27 00:00:00,2026-04-21 13:47:31,268,SanidinKhe,Das kleinere Rechteck ist die Garage  via StreetComplete 61.2,2,0,wermak,Verbessert.
5083468,Deutschland,49.4604770,8.3958889,2025-12-08 00:00:00,2026-04-21 13:40:21,134,SanidinKhe,Brücke  via StreetComplete 62.0  Attached photo(s): https://streetcomplete.app/p/319305.jpg,4,1,wermak,Eingetragen.
5259339,Deutschland,52.0376962,7.6200271,2026-04-21 00:00:00,2026-04-21 13:34:07,0,Unknown,"In der Bezirksvertretung Münster-Nord sind für das neue Baugebiet in Sprakel (Bebauungsplan Nr. 576) zwei Straßennamen (Storchenweg und Eisvogelweg) festgelegt worden. https://www.stadt-muenster.de/aktuelles/newsdetail/strassennamen-sprakel  Durch die Festlegung müssen auch mehre Lagebezeichnungen geändert werden, die bisher an dem Stichweg der Sprakeler Straße liegen. Der Stichweg gehört jetzt zum Storchenweg.  Es sind folgende Lagenbezeichnungen betroffen: alte Lage: Sprakeler Straße 45 neue Lage Storchenweg 15 alte Lage Sprakeler Straße 47a neue Lage Stochenweg 13",2,0,Brummelwuff,https://www.openstreetmap.org/changeset/181625593
5210227,Deutschland,48.1057478,11.5959633,2026-03-18 00:00:00,2026-04-21 12:53:54,34,Unknown,Hier fehlt ein Spielplatz,2,0,geo-d,Eingetragen mit Changeset https://www.openstreetmap.org/changeset/181626284
5246507,Deutschland,48.1094675,11.5791550,2026-04-12 00:00:00,2026-04-21 12:45:19,9,James Bgf,Diese Unterführung ist (evtl. zwischenzeitlich) gesperrt.  via StreetComplete 63.0  Attached photo(s): https://streetcomplete.app/p/337864.jpg,2,0,geo-d,Ist wieder geöffnet:
5246656,Deutschland,48.1100611,11.5789351,2026-04-12 00:00:00,2026-04-21 12:45:08,9,James Bgf,"Unable to answer 'Is this still here?' – on level 0: siteco (Corporate Office) – https://osm.org/node/3484123099 via StreetComplete 63.0:  Es steht nicht explizit angeschrieben, aber aufgrund einer Weiterleitungsnotiz für Pakete und Sendungen lässt sich annehmen, dass siteco hier nicht mehr (lange) ist.  Attached photo(s): https://streetcomplete.app/p/337903.jpg https://streetcomplete.app/p/337904.jpg",2,0,geo-d,POI an die neue Adresse verschoben und aktualisiert mit Changeset https://www.openstreetmap.org/changeset/181625871
4223634,Deutschland,49.7984091,9.9296889,2024-05-01 00:00:00,2026-04-21 12:43:53,720,BikeMapper2000,"Hallo, auch hier liegt eine Sperrung vor  via StreetComplete 57.2  Attached photo(s): https://westnordost.de/p/209727.jpg",3,0,Eifelkobold!,
5246663,Deutschland,48.1110701,11.5784700,2026-04-12 00:00:00,2026-04-21 12:41:54,9,James Bgf,"Unable to answer 'What’s the house number of this building?' – Dormitory – https://osm.org/way/397409429 via StreetComplete 63.0:  Ich bin mir unsicher, da hier kein reguläres Hausnummer-Schild hängt. Laut dem Adressschild der ansässigen 'five walls GmbH' lautet die Hausnummer '151'.  Attached photo(s): https://streetcomplete.app/p/337905.jpg https://streetcomplete.app/p/337906.jpg",2,0,geo-d,"Diese Situation kommt in München öfter vor (Vorder- und Rückgebäude mit selber Hausnummer), habe die Gebäude in ein Multipolygon mit 2 Gebäudeteilen umgewandelt und den POI aktualisiert mit Changeset https://www.openstreetmap.org/changeset/181625647"
5259220,Deutschland,48.9406530,8.4068730,2026-04-21 00:00:00,2026-04-21 12:34:19,0,Die Ettlinger Ente,'+49 7243 4275 ist die tel Nummer. keine Mail Adresse online gefunden' OSM snapshot date: 2026-01-22T18:08:18Z POI name: Dotter POI types: shop-jewelry  #CoMaps android 2026.03.23-5-FDroid,2,0,C_1965,"Telefon ergänzt. Email wird man im Impressum der Homepage finden.  Da hier kein Fehler mehr ist, schließe ich den Hinweis"
5259217,Deutschland,48.9406705,8.4068499,2026-04-21 00:00:00,2026-04-21 12:32:01,0,Die Ettlinger Ente,'Hier gibt es einen Uhr/schmuckladen namens Dotter.  online sind noch die öffnungszeiten einsehbar.  ich würde mich freuen wenn der Laden ergänzt wird.' OSM snapshot date: 2026-01-22T18:08:18Z POI has no name POI types: building  #CoMaps android 2026.03.23-5-FDroid,2,0,C_1965,Willkommen bei OSM! Der neu Eintrag für den Uhrenladen passt doch. Ich habe noch addr:city= und phone= ergänzt. Danke!
5240995,Deutschland,50.2895074,8.0304528,2026-04-08 00:00:00,2026-04-21 12:18:45,13,UliFR,"In diesem Bereich der Kurve stimmen die Wege m.E. nicht. Sie passen nicht zum LIDAR Geländemodell und zur RLP Karte.  Evtl. fehlen welche. Ich bin nicht oft in der Gegend, vielleicht kommt jemand vor mir dort vorbei und kann das mal prüfen.",10,1,UliFR,"Hi, leider habe ich keinen Strava Account aber auf https://www.geamap.com/en/strava#17/50.28906/8.03169 hätte die Heatmap keine ausreichende Auflösung, um die Wege im Bereich der Kurve gut besser als LIDAR aufzulösen. Hast Du eine Vorlage auf der die mit besserer Auflösung zu sehen sind, vor allem die Verzweigungen in der NW Kurve und bei der Kreuzung der Taunusklub Rounge 013 und 011 im SO?"
5095091,Deutschland,48.6658176,8.9542619,2025-12-17 00:00:00,2026-04-21 12:02:43,125,Andre71139,"Zufahrt/Ausfahrt hat sich geändert, Tempo 10 und hier Ausfahrt zur Bühlallee",2,0,Rumo72,Erledigt.
3155281,Deutschland,52.1589000,14.3490000,2022-04-28 00:00:00,2026-04-21 11:53:12,1454,Unknown,lt Bundeswehr.de: Munitionsversorgungszentrum Ost Munitionsdepot Schneeberg Am Mühlenweg 15848 Beeskow,2,0,einufo,"Name und Adresse ergänzt, danke Anonyme(r)"
5237006,Deutschland,50.3773682,7.3421826,2026-04-06 00:00:00,2026-04-21 11:34:01,15,m_p_13,Steinkapelle  #OsmAnd,2,0,m_p_13,
5236995,Deutschland,50.3742136,7.3440269,2026-04-06 00:00:00,2026-04-21 11:33:28,15,m_p_13,"Kapelle, Bank, Korb, Blumenbeet  via StreetComplete 63.0  Attached photo(s): https://streetcomplete.app/p/336442.jpg",2,0,m_p_13,
5236991,Deutschland,50.3728107,7.3449140,2026-04-06 00:00:00,2026-04-21 11:30:44,15,m_p_13,Wegweiser aus Stein  #OsmAnd,2,0,m_p_13,
5236974,Deutschland,50.3713289,7.3475769,2026-04-06 00:00:00,2026-04-21 11:29:58,15,m_p_13,"Steinkreuz, 1662. Die Straße endet mit einem Damm an einer Baumreihe.  via StreetComplete 63.0  Attached photo(s): https://streetcomplete.app/p/336433.jpg https://streetcomplete.app/p/336434.jpg https://streetcomplete.app/p/336435.jpg",2,0,m_p_13,
5258564,Deutschland,50.5440988,9.7093582,2026-04-20 00:00:00,2026-04-21 11:27:18,1,Deutsch und Stolz,Unable to answer 'Do these steps have a handrail?' – Steps – https://osm.org/way/1426434723 via StreetComplete 63.0:  Kinderspielplatz  Attached photo(s): https://streetcomplete.app/p/339681.jpg,2,0,m_fuhrmann,"Auch das hier ist eine Treppe an diesem Spielturm. Ich habe den Handlauf, das Material und die Richtung gemappt. Die Stufen konnte ich weder auf deinem noch auf dem Bild hier erkennen: https://api.panoramax.xyz/?focus=pic&map=18.2/50.544126/9.709337&pic=34c3fab4-26c8-473c-a67c-2f076ceda444&seq=14ea2dff-2d5f-4134-9a9c-0b7ff34d87aa&speed=250&theme=default&users=default&xyz=9.13/-1.81/30  Danke!"
5258541,Deutschland,50.5420587,9.7056271,2026-04-20 00:00:00,2026-04-21 11:22:52,1,Deutsch und Stolz,Unable to answer 'What’s the surface firmness of this track?' – Track / Land-Access Road – https://osm.org/way/37808254 via StreetComplete 63.0:  Das ist ein Fußgängerweg.  Attached photo(s): https://streetcomplete.app/p/339670.jpg,2,0,m_fuhrmann,"Soweit ich das überblicke ist es auch für Radfahrer erlaubt. Der Weg im Norden und im Süden ist es auch. Ich habe es angepasst, aber auch noch ein paar Hinweise erstellt, um die passenden Schilder einzusehen.  Vielen Dank!"
5258540,Deutschland,50.5418185,9.7059632,2026-04-20 00:00:00,2026-04-21 11:21:58,1,Deutsch und Stolz,Unable to answer 'What’s the surface here?' – on bridge: Foot Path – https://osm.org/way/37808250 via StreetComplete 63.0:  Das ist eine Holzbrücke.  Attached photo(s): https://streetcomplete.app/p/339668.jpg https://streetcomplete.app/p/339669.jpg,2,0,m_fuhrmann,Ich habe es angepasst. Vielen Dank!
5236938,Deutschland,50.3639891,7.3593004,2026-04-06 00:00:00,2026-04-21 11:19:22,15,m_p_13,Kreuz  via StreetComplete 63.0  Attached photo(s): https://streetcomplete.app/p/336426.jpg https://streetcomplete.app/p/336427.jpg https://streetcomplete.app/p/336428.jpg,2,0,m_p_13,
5236934,Deutschland,50.3631211,7.3620333,2026-04-06 00:00:00,2026-04-21 11:18:14,15,m_p_13,Stein kapelle  via StreetComplete 63.0  Attached photo(s): https://streetcomplete.app/p/336421.jpg https://streetcomplete.app/p/336423.jpg,2,0,m_p_13,
5236917,Deutschland,50.3602972,7.3597462,2026-04-06 00:00:00,2026-04-21 11:16:16,15,m_p_13,Eine Kapelle oder ein anderes Gebäude in einem eingezäunten Bereich  via StreetComplete 63.0  Attached photo(s): https://streetcomplete.app/p/336415.jpg https://streetcomplete.app/p/336416.jpg https://streetcomplete.app/p/336417.jpg,2,0,m_p_13,
5236915,Deutschland,50.3588980,7.3593204,2026-04-06 00:00:00,2026-04-21 11:15:40,15,m_p_13,kapelle  #OsmAnd,2,0,m_p_13,
5236823,Deutschland,50.3725238,7.3803021,2026-04-06 00:00:00,2026-04-21 11:14:35,15,m_p_13,1940  via StreetComplete 63.0  Attached photo(s): https://streetcomplete.app/p/336385.jpg https://streetcomplete.app/p/336386.jpg https://streetcomplete.app/p/336387.jpg https://streetcomplete.app/p/336388.jpg,2,0,m_p_13,
5236727,Deutschland,50.3731514,7.3760741,2026-04-06 00:00:00,2026-04-21 11:13:56,15,m_p_13,"Der Gipfel hier, 164 m  #OsmAnd",2,0,m_p_13,
4964151,Deutschland,52.5055173,13.4614434,2025-09-16 00:00:00,2026-04-21 11:13:38,217,Cycleguy13,how to map nootropic shops?  #OsmAnd,4,0,einufo,name=Braineffect shop=nutrition_supplements description=Nootropics and cognitive enhancers - so gut?
5236709,Deutschland,50.3772524,7.3710030,2026-04-06 00:00:00,2026-04-21 11:11:18,15,m_p_13,Straßen  via StreetComplete 63.0  Attached photo(s): https://streetcomplete.app/p/336355.jpg,2,0,m_p_13,
5236708,Deutschland,50.3774890,7.3711722,2026-04-06 00:00:00,2026-04-21 11:11:08,15,m_p_13,"Steinkreuz, Alte  via StreetComplete 63.0  Attached photo(s): https://streetcomplete.app/p/336354.jpg",2,0,m_p_13,
5001269,Deutschland,51.0677879,13.7456560,2025-10-11 00:00:00,2026-04-21 11:10:18,192,Unknown,An dieser Stelle (Dr.-Friedrich-Wolf-Straße 30) befindet sich ein 'Wandi Thai-Massage-Studio' - siehe https://www.wandi-thai-massage-studio.de/impressum/,3,0,AlexSpritze,"Hi flappiegrrr, danke fürs Hinzufügen. In diesem Fall kannst du den Hinweis auch schließen, weil das Problem erledigt ist :)"
4996046,Deutschland,51.0679194,13.7454978,2025-10-08 00:00:00,2026-04-21 11:10:14,195,Unknown,Baris Engin Spielhalle 'Grand' - siehe https://firmeneintrag.creditreform.de/01097/3070660931/BARIS_ENGIN_SPIELHALLE_GRAND,3,0,AlexSpritze,"Hi flappiegrrr, danke fürs Hinzufügen. In diesem Fall kannst du den Hinweis auch schließen, weil das Problem erledigt ist :)"
5236670,Deutschland,50.3804010,7.3571346,2026-04-06 00:00:00,2026-04-21 11:09:25,15,m_p_13,Steinkreuz - 1840. Die Spitze des Berges ist hier.  via StreetComplete 63.0  Attached photo(s): https://streetcomplete.app/p/336349.jpg https://streetcomplete.app/p/336350.jpg,2,0,m_p_13,
5236655,Deutschland,50.3802540,7.3419249,2026-04-06 00:00:00,2026-04-21 11:07:27,15,m_p_13,steinkreuz  #OsmAnd,2,0,m_p_13,
5236654,Deutschland,50.3810830,7.3469179,2026-04-06 00:00:00,2026-04-21 11:07:16,15,m_p_13,Gebäude  via StreetComplete 63.0  Attached photo(s): https://streetcomplete.app/p/336346.jpg https://streetcomplete.app/p/336347.jpg https://streetcomplete.app/p/336348.jpg,2,0,m_p_13,
5246908,Deutschland,50.3830585,7.3460807,2026-04-12 00:00:00,2026-04-21 11:05:39,9,m_p_13,weg  #OsmAnd,2,0,m_p_13,
5246921,Deutschland,50.3841957,7.3446704,2026-04-12 00:00:00,2026-04-21 11:03:24,9,m_p_13,"weg, gpx  #OsmAnd",2,0,m_p_13,
5246905,Deutschland,50.3826479,7.3447926,2026-04-12 00:00:00,2026-04-21 11:02:49,9,m_p_13,"Weg, auf dem linken Zaun  #OsmAnd",2,0,m_p_13,
5246901,Deutschland,50.3825180,7.3457819,2026-04-12 00:00:00,2026-04-21 11:02:44,9,m_p_13,weg  #OsmAnd,2,0,m_p_13,
5236648,Deutschland,50.3848548,7.3428545,2026-04-06 00:00:00,2026-04-21 11:00:52,15,m_p_13,steinkreuz 1757  #OsmAnd,2,0,m_p_13,
5236645,Deutschland,50.3856672,7.3410224,2026-04-06 00:00:00,2026-04-21 11:00:06,15,m_p_13,Rondo  #OsmAnd,2,0,m_p_13,
5179133,Deutschland,50.9725959,6.9216979,2026-02-24 00:00:00,2026-04-21 10:59:45,56,Unknown,Die Brücke ist fertig,3,0,Zrop,
5005553,Deutschland,50.9725013,6.9217086,2025-10-14 00:00:00,2026-04-21 10:59:37,189,Unknown,"Neubau der Fußgängerbrücke, Bauzeit ca. 8 Monate 06/2026",3,0,Zrop,Brücke fertig
5258561,Deutschland,50.5433453,9.7088204,2026-04-20 00:00:00,2026-04-21 10:57:21,1,Deutsch und Stolz,Infotafel  via StreetComplete 63.0  Attached photo(s): https://streetcomplete.app/p/339678.jpg,2,0,m_fuhrmann,Ich habe die Infotafel hinzugefügt. Danke für den Hinweis!
5246843,Deutschland,50.3866111,7.3395707,2026-04-12 00:00:00,2026-04-21 10:56:37,9,m_p_13,Treppen   #OsmAnd,2,0,m_p_13,
5250667,Deutschland,49.5785163,6.5256046,2026-04-15 00:00:00,2026-04-21 10:52:36,6,m_p_13,Bäckerei Meyer  #OsmAnd,2,0,m_p_13,
5256793,Deutschland,49.4885652,7.1168572,2026-04-19 00:00:00,2026-04-21 10:51:26,2,m_p_13,Halle 3C  #OsmAnd,2,0,m_p_13,
5258565,Deutschland,50.5435974,9.7089230,2026-04-20 00:00:00,2026-04-21 10:49:07,1,Deutsch und Stolz,Unable to answer 'Do these steps have a handrail?' – Steps – https://osm.org/way/1426434738 via StreetComplete 63.0:  Kinderspielplatz  Attached photo(s): https://streetcomplete.app/p/339682.jpg,2,0,m_fuhrmann,"Das ist eine Treppe an diesem Spielturm. Der ist besonders detailiert gemappt worden. Hier sieht man es:  https://api.panoramax.xyz/?focus=pic&map=17/50.543619/9.708915&pic=b63d9ffe-f3d2-45cb-8028-00840c541e14&seq=14ea2dff-2d5f-4134-9a9c-0b7ff34d87aa&speed=250&theme=default&users=default&xyz=63.00/0.00/30  Ich habe den Handlauf, Anzahl der Stufen usw. eingetragen. Danke für den Hinweis!"
5250138,Deutschland,50.1901580,7.8453220,2026-04-14 00:00:00,2026-04-21 10:30:58,7,OSMnosh,Weg ab hier nach Nordost gesperrt (eingezäuntes Privatgelände),3,0,trailschneck,Weg als Privat getaggt.Sackgasse zu Tor gemacht - Zugang privat
5140152,Deutschland,52.0221650,8.5255740,2026-01-23 00:00:00,2026-04-21 10:25:44,88,AvonPok,Zufahrt zum Parkplatz.,4,0,Muhmaker,Der Pömpel ist nicht wieder aufgetaucht. Und auch am Weg zur Crüwellstraße wurden vor Kurzem die (grauen) Pömpel entfernt. Ich denke die sind dauerhaft weg. Der Weg zur Stapenhorststraße ist auch weiterhin nur für Fußgänger/Radfahrer erlaubt per Verkehrschild. Für OSM gibt es hier aktuell nichts mehr zu tun.
5251214,Deutschland,52.1680607,10.5669854,2026-04-15 00:00:00,2026-04-21 10:21:21,6,murmeldin,Hier müsste mal so einiges in einzelne Gebäude aufgespalten werden  via StreetComplete_ee 63.0,2,0,murmeldin,erledigt
5212011,Deutschland,50.1921664,8.1243950,2026-03-20 00:00:00,2026-04-21 10:21:12,32,Unknown,Flurstück,2,0,trailschneck,???
5224902,Deutschland,50.1948055,8.0948199,2026-03-29 00:00:00,2026-04-21 10:19:39,23,N3M3S1Spy,Unable to answer 'Who is allowed to park here? Parking may be free or paid.' – Parking Lot – https://osm.org/way/440209694 via StreetComplete 63.0:  Könnte Privat Grund sein oder öffentlich. Nicht beschildert,2,0,trailschneck,entfernt
5224856,Deutschland,50.1954701,8.0893929,2026-03-29 00:00:00,2026-04-21 10:18:25,23,N3M3S1Spy,Unable to answer 'Do the trees here have needles or leaves?' – Natural Wood – https://osm.org/way/659093135 via StreetComplete 63.0:  Privat Gelände,2,0,trailschneck,Einfach in der App die Fragestellung ausschalten. Da hätte man viel zu tun.
5032217,Deutschland,48.8463500,11.7685962,2025-11-01 00:00:00,2026-04-21 10:18:05,171,Geo-Tobi,"Surface gravel, aber tracktype grafe1, da kann was nicht stimmen. Sollte geprüft und korrigiert werden.",8,1,Geo-Tobi,Prima. Gilt das auch für die Abschnitte nördlich hiervon? Hab da noch Notes erstellt.
5210677,Deutschland,50.2478704,8.1048256,2026-03-19 00:00:00,2026-04-21 10:16:21,33,Unknown,Flurstück,2,0,trailschneck,Von denen gibts viele in jedem Dorf.
5257173,Deutschland,50.0642038,8.2313160,2026-04-19 00:00:00,2026-04-21 10:12:50,2,Mobilitätsexperte,Unable to answer 'Is this bicycle parking covered (protected from rain)?' – Landeshauptstadt Wiesbaden (Bicycle Parking) – https://osm.org/node/12059102996 via StreetComplete 63.0:  Existiert evtl. nicht mehr,2,0,trailschneck,entfernt
5257183,Deutschland,50.0640504,8.2297869,2026-04-19 00:00:00,2026-04-21 10:11:48,2,Mobilitätsexperte,Unable to answer 'Do these steps have a handrail?' – Steps – https://osm.org/way/233831540 via StreetComplete 63.0:  Keine Treppe zur Garagenzufahrt vorhanden,2,0,trailschneck,erl
5257192,Deutschland,50.0648197,8.2283355,2026-04-19 00:00:00,2026-04-21 10:10:50,2,Mobilitätsexperte,"Unable to answer 'Do these steps have a handrail?' – Steps – https://osm.org/way/234066413 via StreetComplete 63.0:  Keine Treppe, sondern Weg mit Steigung",2,0,trailschneck,erl
5243068,Deutschland,47.6119488,12.2026219,2026-04-09 00:00:00,2026-04-21 09:53:41,12,m_p_13,WC  #OsmAnd,2,0,m_p_13,
5259296,Deutschland,51.4950549,11.9647744,2026-04-21 00:00:00,2026-04-21 09:43:48,0,DerJuergen,Naturheilpraxis Anna Postel  via StreetComplete_ee 63.0  Attached photo(s): https://streetcomplete.app/p/339788.jpg,2,0,AlexSpritze,Hinzugefügt: https://www.openstreetmap.org/changeset/181618129
5259309,Deutschland,48.2811400,10.0806400,2026-04-21 00:00:00,2026-04-21 09:42:03,0,Unknown,Station Vöhringen,2,0,Unknown,
5258724,Deutschland,50.7799944,7.2949191,2026-04-20 00:00:00,2026-04-21 09:35:41,1,Unknown,Unable to answer 'What’s the house number of this building?' – Residential Building – https://osm.org/way/125830139 via StreetComplete 63.0:  Verlassene Halle ohne erkennbare Hausnummer  Attached photo(s): https://streetcomplete.app/p/339732.jpg,2,0,pitfire,Done: Minor adjustment: 'nohousenumber=yes'
5253444,Deutschland,48.5308699,11.5253508,2026-04-17 00:00:00,2026-04-21 09:26:14,4,Billy Rex,Unable to answer 'What’s the house number of this building?' – Commercial Building – https://osm.org/way/738237433 via StreetComplete 63.0:  Ist Teil von Hausnummer 1,2,0,Stefano_1973,
4144534,Deutschland,51.3482042,6.9322311,2024-03-08 00:00:00,2026-04-21 09:20:44,774,Waldrenner,Naturschutzgebiet  via StreetComplete 57.1  Attached photo(s): https://westnordost.de/p/200529.jpg,2,0,Waldrenner,NSG Fuchslochbachtal / Siepener Bachtal (ME-048) inzwischen eingetragen; vgl auch https://www.geoportal.nrw
4906533,Deutschland,53.2183529,13.4969812,2025-08-12 00:00:00,2026-04-21 09:13:20,252,Subgrafik,Weg führt zu kleiner Badestelle am See und ein paar Anlegern für Ruderboote.  via StreetComplete 61.2  Attached photo(s): https://streetcomplete.app/p/297951.jpg  GPS Trace: https://www.openstreetmap.org/user/Subgrafik/traces/12038846,3,0,Subgrafik,danke!
4933150,Deutschland,48.9269160,9.2186690,2025-08-27 00:00:00,2026-04-21 09:11:26,237,cuzi,Sperrung Neckartal-Radweg bis voraussichtlich Ende Dezember 2025: https://www.terranets-sel.de/neckartalradweg,6,1,cuzi,#remindme 2026-01-01
5175744,Deutschland,49.7612002,9.5153605,2026-02-21 00:00:00,2026-04-21 09:09:35,59,Chris Hahn,"'Das Restaurant ist geschlossen. Im März soll ein neues Restaurant an der selben Stelle eröffnen.' The place has gone or never existed. A user of Organic Maps application has reported that the POI was visible on the map (see snapshot date below), but was not found on the ground. OSM snapshot date: 2026-02-16T20:35:12Z POI name: Hacienda Mexicana POI types: wheelchair-yes cuisine-mexican amenity-restaurant cuisine-steak_house  #organicmaps ios 2026.02.18-4-ios",3,0,cuzi,Neues restaurant eingetragen
5259241,Deutschland,49.7779993,9.4693780,2026-04-21 00:00:00,2026-04-21 08:47:29,0,Harleykaleun,Die ST2315 ist seit einem Jahr wieder Frei befahrbar bitte Sperrung aufheben!!!!,2,0,Harleykaleun,
5226128,Deutschland,53.3179285,7.4738681,2026-03-30 00:00:00,2026-04-21 08:13:40,22,chris66,"Radwege bitte entweder separat ODER attributiv mappen, nicht doppelt.",2,0,turbopixel,Geh-/Radweg wurde hinzugefügt https://www.openstreetmap.org/changeset/181614523
4790193,Deutschland,51.0377257,11.5131542,2025-06-04 00:00:00,2026-04-21 08:09:10,321,‎lollipop,Hier müßte ab 16.06.25 ein neuer Wreesmann-Markt zu finden sein.  https://www.aktionshaus-wreesmann.de/index.php/standorte-liste,2,0,AnarresianLife,
5256035,Deutschland,49.6305593,11.2299202,2026-04-18 00:00:00,2026-04-21 07:40:43,3,mijoh,Schotterweg  via StreetComplete 63.0  GPS Trace: https://www.openstreetmap.org/user/mijoh/traces/12300054,2,0,mijoh,
3401944,Deutschland,48.8234304,11.7764304,2022-10-16 00:00:00,2026-04-21 07:32:44,1283,whellmut,Unable to answer 'What’s the surface firmness of this track?' for https://osm.org/way/119667067 via StreetComplete 47.1:  Dieser Weg ist nicht befahrbar.,6,0,bbauer,"Erledigt - der Weg ist nicht breit genug für Fahrzeuge und loser Kies (teilweise Gras). Hab Den losen Kies als vorherrschende Oberfläche eingetragen, auch, weil der die größere Limitierung für Kinderwagen und ähnliche darstellt."
5192212,Deutschland,51.7382129,8.6261532,2026-03-05 00:00:00,2026-04-21 07:31:06,47,bielebog,Neuer Supermarkt mit Bäcker: https://www.nw.de/lokal/kreis_paderborn/delbrueck/24284704_Neueroeffnung-Im-Delbruecker-Land-kehrt-der-Dorfladen-zurueck.html,3,0,flohoff,"Huhu Mia,  Ich hab mal den namen geändert, die addresse nachgetragen und die webseite."
5032212,Deutschland,48.8183263,11.7376294,2025-11-01 00:00:00,2026-04-21 07:23:06,171,Geo-Tobi,"Fehlt hier das segregated Tag oder ist das in der Realität gar kein Vz240, sondern zB nur Radroute?",2,0,bbauer,Korrigiert.
4797687,Deutschland,52.4866567,13.3176273,2025-06-09 00:00:00,2026-04-21 07:22:28,316,Mushushu_inthestreets,Unable to answer 'Any vegan items on the menu here?' – Guadalajara (Mexican Restaurant) – https://osm.org/node/2030800531 via StreetComplete 60.1:  Bis auf weiteres geschlossen,2,0,glibbertorsten,https://www.openstreetmap.org/changeset/181612518
5255671,Deutschland,52.4839966,13.3205354,2026-04-18 00:00:00,2026-04-21 07:21:39,3,Ocmore,"'no recycling container here anymore' The place has gone or never existed. A user of Organic Maps application has reported that the POI was visible on the map (see snapshot date below), but was not found on the ground. OSM snapshot date: 2026-03-10T00:09:11Z POI has no name POI types: recycling-clothes amenity-recycling-container  #organicmaps ios 2026.04.07-8-ios",2,0,glibbertorsten,https://www.openstreetmap.org/changeset/181612732
4915579,Deutschland,52.4883183,13.3142806,2025-08-17 00:00:00,2026-04-21 07:19:38,247,Weasel-Wiesel,In context of overlay 'Things' – Artwork – https://osm.org/node/9678379108 via StreetComplete 61.2:  Bemalter Schaltschrank,2,0,glibbertorsten,https://www.openstreetmap.org/changeset/181612671
4915578,Deutschland,52.4870661,13.3139791,2025-08-17 00:00:00,2026-04-21 07:18:50,247,Weasel-Wiesel,In context of overlay 'Things' – 30534 (Artwork) – https://osm.org/node/9685048840 via StreetComplete 61.2:  Bemalter Schaltschrank,2,0,glibbertorsten,https://www.openstreetmap.org/changeset/181612652
4797662,Deutschland,52.4866807,13.3156677,2025-06-09 00:00:00,2026-04-21 07:17:39,316,Mushushu_inthestreets,Unable to answer 'Are the pickup times of this collection box still correct?' – PIN Mail (Mail Drop Box) – https://osm.org/node/1485772882 via StreetComplete 60.1:  Angabe der Leerungszeiten: 'Täglich Montag bis Freitag' ohne Angabe von Uhrzeiten,2,0,glibbertorsten,https://www.openstreetmap.org/changeset/181612620
4797678,Deutschland,52.4866517,13.3176282,2025-06-09 00:00:00,2026-04-21 07:14:24,316,Mushushu_inthestreets,Restaurant Guadalajara ist laut Aushang bis auf weiteres geschlossen  via StreetComplete 60.1,2,0,glibbertorsten,https://www.openstreetmap.org/changeset/181612518
5233290,Deutschland,49.6397558,8.6177309,2026-04-04 00:00:00,2026-04-21 07:13:59,17,Juke9573,Unable to answer 'What is the widest gap one can pass through here?' – Block – https://osm.org/node/9503994581 via StreetComplete 63.0:  Durchgang-Steine sind mit einen gitterzaun abgesperrt. Kein Durchgang mehr.,2,0,Trouble1,Danke wurde geändert
5233304,Deutschland,49.6393099,8.6175955,2026-04-04 00:00:00,2026-04-21 07:11:57,17,Juke9573,Unable to answer 'Is this still here?' – Star Imbiss (Fast Food) – https://osm.org/node/631750731 via StreetComplete 63.0:  Dies ist ein Trafo Häuschen. Star Imbiss ist das kleine Gebäude eins weiter nördlich,2,0,Trouble1,"Danke, wurde geändert"
4767570,Deutschland,52.4862438,13.3206710,2025-05-20 00:00:00,2026-04-21 07:09:52,336,MathiasGy,Unable to answer 'How many steps are here?' – on level -1: Steps – https://osm.org/way/471727636 via StreetComplete 61.0:  Baustelle / gesperrt  Attached photo(s): https://streetcomplete.app/p/279148.jpg,3,0,glibbertorsten,Bitte keine Baustellenhinweise mehr
5092481,Deutschland,49.6360621,8.6174416,2025-12-15 00:00:00,2026-04-21 07:09:35,127,WePaHe,Unilever Heppenheim heißt mittlerweile Magnum Ice Cream Company – Werk Heppenheim,2,0,Trouble1,"Danke, wurde dementsprechend geändert"
4819772,Deutschland,52.4862422,13.3206583,2025-06-23 00:00:00,2026-04-21 07:09:35,302,Mushushu_inthestreets,Unable to answer 'How many steps are here?' – on level -1: Steps – https://osm.org/way/392773523 via StreetComplete 60.1:  Zurzeit Baustelle,2,0,glibbertorsten,Bitte keine Baustellenhinweise mehr
4990364,Deutschland,51.0669418,13.7452805,2025-10-04 00:00:00,2026-04-21 07:06:10,199,Unknown,"Parallel zur Häuserzeile (Hinterhof der Haus-Nr. 22 bis 26) verläuft ein Weg, der sowohl zur Stetzscher Straße hin als auch zur Dr.-Friedrich-Wolf-Str. hin (zwischen Hausnr. 26 und 28) jeweils lediglich über ein Tor zugänglich ist.",3,0,flappiegrrr,
5258425,Deutschland,51.7282114,11.1472638,2026-04-20 00:00:00,2026-04-21 07:02:58,1,nyras,"Unable to answer 'Does this crosswalk have tactile paving on both ends?' – Unmarked Crossing – https://osm.org/node/9214649776 via StreetComplete 63.0:  Es ist nicht wirklich eine Straßenüberquerung, sondern eine Einfahrt",2,0,AlexSpritze,"Hallo nyras, danke für den Hinweis. Ich habe es entsprechend abgeändert: https://www.openstreetmap.org/changeset/181612129"
5060035,Deutschland,48.8124965,11.7680070,2025-11-19 00:00:00,2026-04-21 07:02:48,153,Unknown,"Isola Bella vor Jahren geschlossen, die neue Restaurante heißt Ganesha.",2,0,bbauer,Daten aktualisiert
5258078,Deutschland,53.2827728,10.4545641,2026-04-20 00:00:00,2026-04-21 06:59:16,1,stundenuhr,Wo ist denn hier der neue Bahnhof?,2,0,Till_btn,Hier: https://www.openstreetmap.org/node/13734857372
5226305,Deutschland,50.8846149,6.2488725,2026-03-30 00:00:00,2026-04-21 06:47:47,22,Thomas der Erste,"In diesem Bereich ist noch kein Bürgersteig, erst nach der nächsten Kreuzung beginnt dieser.  via StreetComplete 63.0",5,0,tux67,"ok, deswegen würde ich den Weg jetzt nicht nochmal aufsplitten"
5255799,Deutschland,50.8249167,12.3943500,2026-04-18 00:00:00,2026-04-21 06:21:34,3,DerBaum02,"Unable to answer 'Which customers visit this hairdresser?' – Haarscharf (Hairdresser) – https://osm.org/node/5478820721 via StreetComplete 63.0:  Umgezogen in die Annenstraße 1, seit dem 15.02.2026  Attached photo(s): https://streetcomplete.app/p/339311.jpg",2,0,Rhoon,an neue adresse verlegt
5249410,Deutschland,48.9802768,10.1169732,2026-04-14 00:00:00,2026-04-21 05:59:34,7,Unknown,28,2,0,söm4324,https://www.openstreetmap.org/changeset/181610246
4329744,Deutschland,50.4578976,7.9842335,2024-07-12 00:00:00,2026-04-21 05:20:16,648,Bierphysik,"Ist das hier ein echter Kreisverkehr? Wenn ja, dann ist der nicht korrekt gemappt.",3,0,309_308_307,"ist nur Straßenkunst, aber nicht als Kreisverkehr beschildert"
4902162,Deutschland,50.5089606,9.2076400,2025-08-10 00:00:00,2026-04-21 05:15:03,254,Senihtu,Gibt es die Haltestelle Hoherodskopfstraße nur in eine Richtung? oder gibt es auch in Gegenrichtung ein Haltestellenschild bzw. eine Platform? und: wo genau halten die Busse (stop_position)?,2,0,309_308_307,siehe anderer Hinweis
4841557,Deutschland,50.5089572,9.2076379,2025-07-06 00:00:00,2026-04-21 05:13:42,289,Senihtu,Fehlt hier eine Bushaltestelle oder halten die Buslinien nur in einer Richtung?,2,0,309_308_307,fehlende Haltestelle in Gegenrichtung ergänzt
5247841,Deutschland,50.1118949,8.6570258,2026-04-12 00:00:00,2026-04-21 04:59:07,9,mapanar,Gebäude existiert nicht.  via StreetComplete 63.0  Attached photo(s): https://streetcomplete.app/p/338155.jpg,2,0,309_308_307,gelöscht
5231778,Deutschland,49.9731503,8.4393883,2026-04-03 00:00:00,2026-04-21 04:56:04,18,Unknown,"There is no construction work anymore. At the moment, Openstreetmap does not use this street for routing. This can be changed, since it is drivable again.",2,0,309_308_307,inzwischen korrigiert
5253065,Deutschland,50.0751767,8.2377007,2026-04-16 00:00:00,2026-04-21 04:38:53,5,Mobilitätsexperte,Unable to answer 'Are the pickup times of this collection box still correct?' – Deutsche Post (Mail Drop Box) – https://osm.org/node/369858239 via StreetComplete 63.0:  Existiert anscheinend nicht mehr,2,0,309_308_307,gelöscht
4878298,Deutschland,49.4673533,8.3962504,2025-07-27 00:00:00,2026-04-21 04:37:53,268,SanidinKhe,Brücke Bauwerks-Nr. 222  via StreetComplete 61.2  Attached photo(s): https://streetcomplete.app/p/294091.jpg,2,0,wermak,Eingetragen.
5242010,Deutschland,50.1131924,8.3923605,2026-04-09 00:00:00,2026-04-21 04:36:46,12,theamarin,Unable to answer 'Is the water potable here?' – Kassernbach-Quelle (Spring) – https://osm.org/node/94248351 via StreetComplete 63.0:  Der Bach heißt Kasernbach mit einem s!,4,1,309_308_307,Es sind wohl beide Schreibweisen üblich. Kasernbach als alt_name= ergänzt
4146687,Deutschland,50.1729432,8.7361633,2024-03-10 00:00:00,2026-04-21 04:29:41,772,mappy123,Hier steht irgendwo eine Blitze für Fahrzeuge die Richtung NO fahren.,3,0,309_308_307,Blitzer war nie in Betrieb und wurde kürzlich komplett abgebaut
5172679,Deutschland,50.1104682,8.6979604,2026-02-18 00:00:00,2026-04-21 04:28:19,62,Unknown,Die Karte muss bitte noch aktualisiert werden: Martin-Elsässer-Weg 6 in 60314 Frankfurt am Main.  Danke,3,0,309_308_307,"auf erledigt gesetzt, da unklar was hier gemeint ist"
5208144,Deutschland,50.1022311,8.6757231,2026-03-17 00:00:00,2026-04-21 04:25:40,35,approximate,Unable to answer 'Is this still here?' – Städelschule Architecture Class (University Grounds) – https://osm.org/way/69482522 via StreetComplete 63.0:  Looks vacant from both sides  Attached photo(s): https://streetcomplete.app/p/332306.jpg https://streetcomplete.app/p/332307.jpg,2,0,309_308_307,ok
3421904,Deutschland,49.4672864,8.4333901,2022-10-31 00:00:00,2026-04-21 03:58:40,1268,Zebra_Aristotle,Unable to answer 'What are the opening hours here?' for https://osm.org/way/169957434 via StreetComplete 48.0:  Nang in Thai wellness,3,0,wermak,Massage ist mittlerweile wieder geschlossen.
5204024,Deutschland,49.4760456,8.4209668,2026-03-14 00:00:00,2026-04-21 03:46:32,38,Unknown,falsche Routenführung Brücke Bruchwiesenknoten Ludwigshafen; muss auf linker Spur bleiben  #OsmAnd,3,0,wermak,Straße ist wieder offen. Access=no entfernt.
5138738,Deutschland,49.4910888,8.3751627,2026-01-22 00:00:00,2026-04-21 01:15:53,89,Mateusz Konieczny,Optik Zilles https://www.openstreetmap.org/node/2607576462/history  is it really amenity=vending_machine and shop=optician at the same time?,2,0,wermak,No vending_machine. Improved.
4572272,Deutschland,53.4982037,10.0087219,2025-01-02 00:00:00,2026-04-20 21:50:53,473,Wolfgang Holtz,"Diese Schleife und Parkplatz sind 1.OG ohne Überdachung. Schleife und Parkplatz nördlich hiervon sind 2.OG auch ohne Überdachung, darunter sind Budni und KiK im 1.OG.  Wo soll die dort eingezeichnete 'Garageneinfahrt / Ausfahrt' hinführen? Den Fahrbahnstummel westlich hiervon habe ich gerade verbunden mit der Fahrbahn aus Richtung Einfahrt / Ausfahrt und dort Schranken eingefügt. Über den dortigen Parkplätzen sind lt. Luftbildern nochmal Parkplätze im 2.OG.",6,0,Wolfgang Holtz,Am Gebäude einiges ergänzt und note eingefügt.
3184564,Deutschland,48.7120704,9.4990896,2022-05-18 00:00:00,2026-04-20 21:30:14,1433,ptrschbl,Unable to answer 'What’s the surface firmness of this track?' for https://osm.org/way/52089499 via StreetComplete 43.2:  Das ist nur metallgitter fußgängerbruecke,2,0,MoTaBi,...und genau so ist es auch eingetragen...
5257767,Deutschland,54.1326358,13.6194259,2026-04-20 00:00:00,2026-04-20 21:28:37,0,Avensis_T_25,bitte 10a zufügen  #OsmAnd,2,0,jacobbraeutigam,"Die ist hier schon eingetragen (https://www.openstreetmap.org/way/983230867). Der Name hat im Standardkartenstil Priorität, deshalb ist sie hier nicht zu sehen."
5157672,Deutschland,51.5005149,7.2192031,2026-02-06 00:00:00,2026-04-20 21:17:22,73,00001111222233334444,"Müsste ein gemeinsamer Geh- und Radweg sein, genaue Führungsform müsste aber nochmal jemand vor Ort nachschauen. Teil der VeloRoute 1",3,0,MoTaBi,Exakt. Keine Beschilderung. Lediglich ein Poller.
4924560,Deutschland,50.1528437,8.7151274,2025-08-22 00:00:00,2026-04-20 21:14:23,241,Unknown,Gibt es das Bonsai-Zentrum überhaupt noch?,2,0,limes11,seit Ewigkeiten nciht mehr
5209886,Deutschland,50.4382802,7.4032389,2026-03-18 00:00:00,2026-04-20 21:10:31,33,grmln,'schreibfehler' OSM snapshot date: 2026-03-07T17:53:41Z POI name: Volkshochschule Andernach POI types: amenity-college  #CoMaps android 2026.03.09-18,2,0,limes11,kann keinen Schreibfehler finden
5258823,Deutschland,50.8662716,10.6233538,2026-04-20 00:00:00,2026-04-20 21:04:13,0,osm_gth,"Haus Nr 3, straße unbekannt, vermutlich denkmalsplatz  via StreetComplete 63.0  Attached photo(s): https://streetcomplete.app/p/339745.jpg",2,0,osm_gth,
5258822,Deutschland,50.8656011,10.6260898,2026-04-20 00:00:00,2026-04-20 21:03:00,0,osm_gth,"Nördlich von hier Asphalt, südlich Pflastersteine (Foto Richtung hauptstraße)  via StreetComplete 63.0  Attached photo(s): https://streetcomplete.app/p/339744.jpg",2,0,osm_gth,
5258390,Deutschland,50.8670141,10.6252675,2026-04-20 00:00:00,2026-04-20 20:50:07,0,osm_gth,Unable to answer 'What’s the weight limit here?' – on bridge: Hinterm Riedzaun (Minor/Unclassified Road) – https://osm.org/way/1020100575 via StreetComplete 63.0:  Brücke nur für fußgänger und Radfahrer zugänglich. Eingezeichnete Brücke ist in realität eine Furt,2,0,osm_gth,
5258368,Deutschland,51.6717704,6.9862379,2026-04-20 00:00:00,2026-04-20 20:49:55,0,carsten haehnchen,Waschmaschine 3 stück  via StreetComplete 63.0  Attached photo(s): https://streetcomplete.app/p/339635.jpg,2,0,Reinhard12,Diesen SB-Waschsalon habe ich vor mehr als 1 Jahr erfasst.
5182912,Deutschland,51.2429548,6.7343965,2026-02-27 00:00:00,2026-04-20 20:49:31,52,Unknown,Dies ist Nr. 25.,2,0,Znaika,vertauschte Hausnummer korrigiert
5258394,Deutschland,50.8652365,10.6258966,2026-04-20 00:00:00,2026-04-20 20:49:06,0,osm_gth,2 stk  via StreetComplete 63.0,2,0,osm_gth,
5258486,Deutschland,48.2253600,8.3853100,2026-04-20 00:00:00,2026-04-20 20:47:59,0,Unknown,"Das Zentrum/Rathaus der großen Kreisstadt Schramberg mit PLZ 78713 ist in der Hauptstraße 25. Services, die diese Karte nutzen, geben Entfernungen falsch an, da der Referenzpunkt für die PLZ nicht stimmt!  Bitten um Korrektur. Vielen Dank!",2,0,limes11,"https://www.openstreetmap.org/node/146152140  hier ist der Stadt-Knoten. Das sieht mir korrekt aus.  PLZ-Gebiete sind als reine Fläche erfasst und haben keine Schwerpunkte. Hier müssen die zitierten Services nachbessern, die osm-Daten sind sauber."
5258391,Deutschland,50.8663557,10.6219809,2026-04-20 00:00:00,2026-04-20 20:47:56,0,osm_gth,Nr 29  via StreetComplete 63.0,2,0,osm_gth,
4829451,Deutschland,52.9250149,12.8051069,2025-06-28 00:00:00,2026-04-20 20:19:55,296,LordMadsen,Trinkbrunnen wurde 2022 laut Artikel vom 03.08.2022 der MAZ zum Rosenplatz versetzt da dieser immer wieder angefahren wurde.,5,0,LordMadsen,Denke mal ja !
5257491,Deutschland,49.0427885,11.3424265,2026-04-19 00:00:00,2026-04-20 20:18:37,1,de_dietfurt_hbf,Fußgängerüberweg Zebrastreifen  via StreetComplete 63.0  GPS Trace: https://www.openstreetmap.org/user/de_dietfurt_hbf/traces/12301477,2,0,de_dietfurt_hbf,
5257492,Deutschland,49.0428729,11.3424473,2026-04-19 00:00:00,2026-04-20 20:12:13,1,de_dietfurt_hbf,Treppe  via StreetComplete 63.0  GPS Trace: https://www.openstreetmap.org/user/de_dietfurt_hbf/traces/12301480,2,0,de_dietfurt_hbf,
5258507,Deutschland,49.1666261,11.6306204,2026-04-20 00:00:00,2026-04-20 19:55:32,0,de_dietfurt_hbf,Schuppen  via StreetComplete 63.0,2,0,de_dietfurt_hbf,
5258508,Deutschland,49.1666848,11.6307002,2026-04-20 00:00:00,2026-04-20 19:53:37,0,de_dietfurt_hbf,Garage  via StreetComplete 63.0,2,0,de_dietfurt_hbf,
5258520,Deutschland,49.1664190,11.6307325,2026-04-20 00:00:00,2026-04-20 19:52:03,0,de_dietfurt_hbf,Garage  via StreetComplete 63.0,2,0,de_dietfurt_hbf,
5258504,Deutschland,49.1663408,11.6303256,2026-04-20 00:00:00,2026-04-20 19:50:43,0,de_dietfurt_hbf,Carport  via StreetComplete 63.0,2,0,de_dietfurt_hbf,
5258503,Deutschland,49.1665833,11.6302163,2026-04-20 00:00:00,2026-04-20 19:49:58,0,de_dietfurt_hbf,Garage  via StreetComplete 63.0,2,0,de_dietfurt_hbf,
5258502,Deutschland,49.1666193,11.6301985,2026-04-20 00:00:00,2026-04-20 19:49:50,0,de_dietfurt_hbf,Keine Verbindung  via StreetComplete 63.0,2,0,de_dietfurt_hbf,
5258499,Deutschland,49.1667590,11.6302173,2026-04-20 00:00:00,2026-04-20 19:47:49,0,de_dietfurt_hbf,Garage  via StreetComplete 63.0,2,0,de_dietfurt_hbf,
5258498,Deutschland,49.1669270,11.6301878,2026-04-20 00:00:00,2026-04-20 19:46:23,0,de_dietfurt_hbf,Garage  via StreetComplete 63.0,2,0,de_dietfurt_hbf,
4877357,Deutschland,52.5028854,13.4748633,2025-07-27 00:00:00,2026-04-20 19:45:23,267,Argon Radiance Winter,Unable to answer 'What diameter is specified on the sign for this fire hydrant?' – BWB (Underground Fire Hydrant) – https://osm.org/node/5155202042 via StreetComplete 61.1:  Nicht lesbar.  Attached photo(s): https://streetcomplete.app/p/293882.jpg,3,0,Supaplex030,"Danke, habe ich ergänzt."
5258494,Deutschland,49.1670199,11.6295468,2026-04-20 00:00:00,2026-04-20 19:44:47,0,de_dietfurt_hbf,Mehrere Garagen  via StreetComplete 63.0,2,0,de_dietfurt_hbf,
5258653,Deutschland,52.5067252,13.4647295,2026-04-20 00:00:00,2026-04-20 19:43:52,0,eserte,Neues Eckgebäude steht (aber noch nicht bezogen) und ist auf den 2025er-Luftbildern zu sehen.,2,0,Supaplex030,"Danke, habe ich aktualisiert. Laut Adress-Layer ist/wird es die Hausnr. 5a."
4819773,Deutschland,52.4866334,13.3208102,2025-06-23 00:00:00,2026-04-20 19:35:36,301,Mushushu_inthestreets,Unable to answer 'What’s the surface here?' – on level -1: Steps – https://osm.org/way/471727634 via StreetComplete 60.1:  Zurzeit gesperrt wegen Baustelle,2,0,glibbertorsten,Treppe frei
5249071,Deutschland,50.9873594,12.4483564,2026-04-13 00:00:00,2026-04-20 19:25:53,7,Net-net,"Maler Schröter hat eine ungültige Telefonnummer, wie sollte sie lauten?  contact:mobile = +49 172 794420  #surveyme https://www.openstreetmap.org/node/7912528322 via osm-phone-report/2.23.1",4,1,Net-net,erledigt
5257300,Deutschland,47.8473074,12.1654487,2026-04-19 00:00:00,2026-04-20 19:20:31,1,Unknown,Seit wann ist die Kletterhalle so rund?,2,0,0xb7767000,Da hat wohl gemand gefettfingert und mit der 'circularize'-Funktion das Gebäude in einen Kreis umgewandelt. Ich habs jetzt wieder rückgängig gemacht: https://www.openstreetmap.org/changeset/181598471
4981450,Deutschland,54.9034870,8.3137130,2025-09-27 00:00:00,2026-04-20 19:17:53,205,fee-webster,Hier ist der neue Standort der DHL-Packstation 116 .     Sept. 2025,2,0,L-Klitschi,done
4981411,Deutschland,54.9039417,8.3135524,2025-09-27 00:00:00,2026-04-20 19:17:48,205,fee-webster,Die DHL-Packstation 116 hat einen neuen Standort ! Jetzt links vom Eingang zum Papierhaus VOSS im REWE-Markt.   Sept. 2025,2,0,L-Klitschi,done
5257662,Deutschland,52.3659700,9.7505432,2026-04-19 00:00:00,2026-04-20 19:08:44,1,Unknown,"Backhaus Gerdes macht am Sa um 7:30, nicht 6:30 auf laut Aushang am Laden.",2,0,osmmapper222,ist korrigiert
5258621,Deutschland,50.5496859,9.6979428,2026-04-20 00:00:00,2026-04-20 19:02:08,0,Deutsch und Stolz,Unable to answer 'What’s the surface here?' – Steps – https://osm.org/way/1490670446 via StreetComplete 63.0:  Unterschiedlich  Attached photo(s): https://streetcomplete.app/p/339700.jpg,2,0,m_fuhrmann,"Danke! Ich habe 'Beton' gewählt, da der Großteil aus Betonstufen besteht. Danke!"
5218575,Deutschland,48.2253106,12.6760313,2026-03-24 00:00:00,2026-04-20 19:01:22,27,Unknown,Das Cafe Märklstätter gibt es wieder als 'Cafe Restaurant' Siehe https://www.cafe-maerklstetter.com/,2,0,LaLinea,Restaurant aktualisiert:  https://osm.org/node/1284101180
5255552,Deutschland,49.0366485,11.4752613,2026-04-18 00:00:00,2026-04-20 18:57:36,2,de_dietfurt_hbf,"Es gibt hier 2x2 für Fahrzeuge, Fahrräder ist extra in den boxen  via StreetComplete 63.0",2,0,de_dietfurt_hbf,
5258048,Deutschland,52.3780274,9.7971332,2026-04-20 00:00:00,2026-04-20 18:55:02,0,civ2mapper,"Hier befindet sich wohl eine Tiefgarage, die noch gemappt werden müsste. Ein- und Ausfahrt sind bereits einezeichnet",2,0,osmmapper222,ist eingezeichnet
5257942,Deutschland,47.7749410,9.6207880,2026-04-20 00:00:00,2026-04-20 18:52:54,0,Unknown,Dies ist Holbeinstraße 36/3,2,0,mcliquid,"Danke, ist korrigiert."
5257943,Deutschland,47.7747880,9.6202150,2026-04-20 00:00:00,2026-04-20 18:52:53,0,Unknown,Dies ist Holbeinstraße 36/1,2,0,mcliquid,"Danke, ist korrigiert."
5255499,Deutschland,49.0365635,11.4744362,2026-04-18 00:00:00,2026-04-20 18:51:03,2,de_dietfurt_hbf,Weg  via StreetComplete 63.0  GPS Trace: https://www.openstreetmap.org/user/de_dietfurt_hbf/traces/12299424,2,0,de_dietfurt_hbf,
5255529,Deutschland,49.0365212,11.4743519,2026-04-18 00:00:00,2026-04-20 18:50:59,2,de_dietfurt_hbf,Poller  via StreetComplete 63.0,2,0,de_dietfurt_hbf,
5255494,Deutschland,49.0367056,11.4739332,2026-04-18 00:00:00,2026-04-20 18:48:32,2,de_dietfurt_hbf,Poller  via StreetComplete 63.0,2,0,de_dietfurt_hbf,
5255485,Deutschland,49.0371491,11.4726114,2026-04-18 00:00:00,2026-04-20 18:48:04,2,de_dietfurt_hbf,Poller  via StreetComplete 63.0,2,0,de_dietfurt_hbf,
5255739,Deutschland,48.9820468,11.5945072,2026-04-18 00:00:00,2026-04-20 18:45:45,2,de_dietfurt_hbf,Scheune  via StreetComplete 63.0,2,0,de_dietfurt_hbf,
5232970,Deutschland,50.3970576,10.1737957,2026-04-04 00:00:00,2026-04-20 18:45:16,16,Senihtu,Ist das die Raiffeisenstraße? Eine Straße mitten im Ort ohne Namen ist eher unwahrscheinlich!,2,0,Multitask1308,
5237434,Deutschland,50.3862481,10.1884589,2026-04-06 00:00:00,2026-04-20 18:45:07,14,Senihtu,hat diese Straße einen Namen? Eine Straße mitten im Ort ohne Namen ist eher unwahrscheinlich!,2,0,Multitask1308,
5258656,Deutschland,49.0340982,11.5809550,2026-04-20 00:00:00,2026-04-20 18:43:51,0,de_dietfurt_hbf,Spielplatz  via StreetComplete 63.0  GPS Trace: https://www.openstreetmap.org/user/de_dietfurt_hbf/traces/12303430,2,0,de_dietfurt_hbf,
5256735,Deutschland,49.0386221,11.5794930,2026-04-19 00:00:00,2026-04-20 18:36:37,1,de_dietfurt_hbf,Die Ecke ist unklar  via StreetComplete 63.0,2,0,de_dietfurt_hbf,
5079010,Deutschland,52.3336339,9.9460501,2025-12-04 00:00:00,2026-04-20 18:36:19,137,osmmapper222,"Eine Vielzahl der Straßennahmen von Gebäuden bzw. Address-Nodes passt nicht zu den umliegenden Straßen.   Kann dies jemand mit Ortskenntnis korrigieren?  Bsp.: folgender Node liegt am 'Großer Knickweg', der nicht kartiert ist:  https://www.openstreetmap.org/node/2716069849",5,0,osmmapper222,"Danke, dass du mich auf diesen Hinweis aufmerksam gemacht hast.  Mit der Korrektur der Adressen in der Umgebung durch @Nadjita hat sich das Anliegen bereits erledigt."
5168312,Deutschland,48.1550641,11.5616061,2026-02-15 00:00:00,2026-04-20 18:14:11,64,Zebastian83,Unable to answer 'Is this still here?' – 1816 (Parking Ticket Vending Machine) – https://osm.org/node/3184238987 via StreetComplete 62.2:  1807 in front of house 88  Attached photo(s): https://streetcomplete.app/p/327605.jpg,2,0,LaLinea,Heute vor Ort:  Parkscheinautomat 1816 von vor dem Gebäude Schleißheimer 90 vor das Gebäude Schleißheimer 53 umgezogen und Parkscheinautomat 1807 vor dem Gebäude Schleißheimer 88 erfasst. https://osm.org/node/3184238987 https://osm.org/node/13746255803
5090364,Deutschland,47.8421830,12.0946580,2025-12-13 00:00:00,2026-04-20 17:57:21,128,Bonnyracker,"Gem. Amtsblatt Nr. 25 vom 18.11.2025: Die Stadt Rosenheim als örtlich zuständige Straßenbaubehörde, hat gem. Art. 7 Abs. 1 BayStrWG eine Teilstrecke der Ortsstraße 'Fuchsbichlweg' zum beschränktöffentlichen Weg abgestuft. Die im Lageplan gekennzeichnete Teilstrecke von 0,110 km der Ortsstraße 'Fuchsbichlweg' mit den Fl.Nrn. 1909/3 (Teil) und 1909/2 (Teil), Gemarkung Aising, beginnt an der Südgrenze, Fl.Nr. 1909/4 und endet an der Nord-/Ostgrenze, Fl.Nr. 1910/7, Gemarkung Aising.",2,0,DerMario,Vor Ort ist weder am Anfang der Straße noch am Ende ein Schild aufgestellt. Keine Änderung vor Ort.
4879900,Deutschland,48.1492330,11.5626376,2025-07-28 00:00:00,2026-04-20 17:50:12,266,Ditsch42,Unable to answer 'Are these opening hours still correct?' – Wirtshaus Maxvorstadt (Restaurant) – https://osm.org/node/244038467 via StreetComplete 61.1:  Es gibt unterschiedliche Öffnungszeiten für Bistro und Wirtshaus!  Attached photo(s): https://streetcomplete.app/p/294280.jpg,3,0,LaLinea,"Heute vor Ort:  Hat sich erledigt, auf der Klemmtafel rechts der Eingangstüre (siehe angehängte Fotos) werden wieder Mittags- und Saisonangebote angepriesen. Restaurant aktualisiert:  https://osm.org/node/244038467"
4132477,Deutschland,53.6538600,10.3297800,2024-02-29 00:00:00,2026-04-20 17:46:07,781,!MRGBoss,Überall in diesem Ort fehlen die Adressen!,2,0,mbuege,
5258125,Deutschland,49.4436206,11.0984471,2026-04-20 00:00:00,2026-04-20 17:44:09,0,Unknown,New Pocket Park Kirchenstraße missing. https://www.nuernberg.de/internet/soer_nbg/pocketpark_kirchenstrasse.html,2,0,pyram,Das sind nur ein paar geschotterte Flächen ohne echtem Namen. Habe den Weg der neuen Situation angepasst.
5212602,Deutschland,50.5308190,6.3888260,2026-03-20 00:00:00,2026-04-20 17:38:37,31,SchillerKuchen,Unable to answer 'Is there a shelter at this stop?' – Katzenbroich (Bus Stop) – https://osm.org/node/1383425580 via StreetComplete 63.0:  Keine Haltestelle vorhanden,2,0,TG-map4,"this was an AST (Anruf-Sammel-Taxi) stop before, now it is not listed anymore at VRS. Removed."
5223295,Deutschland,51.3211118,12.3618002,2026-03-28 00:00:00,2026-04-20 17:36:52,23,Unknown,"Hier kann stadtauswärts nicht links abgebogen werden, um auf die B2 Richtung A38 zu kommen",2,0,ironspock,"Es gibt hier keine Eintragungen, die darauf schliessen lassen."
4544800,Deutschland,48.1479006,11.5591640,2024-12-06 00:00:00,2026-04-20 17:36:30,500,Strubbl,"Hallo, vielleicht kann hier jemand vor Ort bitte weiter helfen? Existiert Woownuts hier noch oder was ist hier nun? Gibt es evtl. eine neue Website und wie wäre die URL? (Die alte URL war nicht mehr erreichbar.)  https://www.openstreetmap.org/node/9130188373",12,1,LaLinea,Heute vor Ort:  Noch immer nicht geöffnet.
5249591,Deutschland,50.5234446,6.4695858,2026-04-14 00:00:00,2026-04-20 17:36:26,6,Unknown,"Tempolimit auf der Blumenthaler Str. zwischen Sturmiusstr. und Dronkestr. ist nicht 50, sondern 70.",2,0,TG-map4,done
5218544,Deutschland,48.3607360,11.4438060,2026-03-24 00:00:00,2026-04-20 17:35:19,27,stephan75,"Vierkirchen: Ist dieser EDEKA-Markt nun eine NORMA-Filiale seit Februar 2026, laut Norma-Website?",2,0,stephan75,"wurde inzwischen in den OSM-Daten geändert, somit okay!"
5258112,Deutschland,49.4505436,11.0831505,2026-04-20 00:00:00,2026-04-20 17:34:10,0,Unknown,Name: Pocket Park Marientorzwinger. https://www.nuernberg.de/internet/soer_nbg/pocketpark_marientorzwinger.html,2,0,pyram,"Das ist eher eine Beschreibung, die diese kleine Grünfläche wertvoller erscheinen lassen will ('An der Marientormauer ist ein Pocket Park entstanden'). Jedenfalls ist vor Ort kein Name erkennbar bzw. die Grünfläche durch den Stadtrat so benannt worden."
5210978,Deutschland,51.3456826,12.3934542,2026-03-19 00:00:00,2026-04-20 17:29:13,32,runjak,Unable to answer 'Is this still here?' – City Park Apartment Rosa (Guest Apartment / Condo) – https://osm.org/node/4278459840 via StreetComplete 63.0:  Can't say whether the building is used now and for what exactly.,2,0,Bastianowitz,Currently still used as a holiday apartment  https://www.letsbookhotel.com/de/germany/leipzig/hotel/city-park-apartments.aspx
5152949,Deutschland,49.4697801,11.0424666,2026-02-03 00:00:00,2026-04-20 17:28:05,76,Unknown,"Hier ist eine große Baustelle, vieles abgerissen. Nur im Vorbeifahren gesehen, deshalb nicht ganz klar welche Häuser genau weg sind.",2,0,pyram,"Danke. Alles abgebrochen, aber keine Bautätigkeit."
5256014,Deutschland,54.0513411,9.4730444,2026-04-18 00:00:00,2026-04-20 17:08:34,2,Peppi95,"Baugebiet 'Soothweg' fehlt hier, Straßenführung schon auf dem Luftbild sichtbar.",2,0,Svalbard,Erledigt
4797694,Deutschland,52.4870443,13.3198075,2025-06-09 00:00:00,2026-04-20 17:07:11,315,Mushushu_inthestreets,Unable to answer 'Are the pickup times of this collection box still correct?' – PIN Mail (Mail Drop Box) – https://osm.org/node/1485772901 via StreetComplete 60.1:  Angabe zu den Leerungszeiten: 'Täglich Montag bis Freitag' ohne Angabe von Uhrzeiten,2,0,glibbertorsten,Montag bis Freitag  Attached photo(s): https://streetcomplete.app/p/339701.jpg
5183746,Deutschland,49.4615553,11.0497854,2026-02-27 00:00:00,2026-04-20 16:54:56,52,NightGene,"'Eine Toilette für die Mitarbeiter der VAG. Kein öffentlicher Zugang, sondern nur mit Schlüssel verwendbar.' OSM snapshot date: 2026-02-21T15:17:51Z POI has no name POI types: amenity-toilets  #CoMaps ios 2026.02.23-9-ios",3,0,pyram,
5219396,Deutschland,49.4613709,11.0498053,2026-03-25 00:00:00,2026-04-20 16:54:51,26,Unknown,Somebody has removed all patches of green and trees that I mapped here,3,0,pyram,"Hier war nicht mehr - und eigentlich fehlt auch nichts. Rückfragen an Anonyme Melder (die aber einen Account haben müssten, wenn hier etwas eingetragen worden wäre) sind meist wenig hilfreich. Ich habe die Baumscheiben (die auf der Standardkarte aus Generalisierungsgründen nicht gerendert werden) aus dem Parkplatz genommen, damit man 'etwas sieht'."
5074357,Deutschland,50.0278037,8.3032558,2025-11-30 00:00:00,2026-04-20 16:41:14,141,Unknown,Korrektur zu Ungelöster Hinweis Nr. 5074354  Vom Schmalweg geht ein Trampelpfad ab. Führt der zu dem als Sackgasse eingezeichneten Weg? Müsste mal jemand (zu Fuß) erkunden.,2,0,trailschneck,"Da war mal ein Pfad, den hat aber der ansässige Landwirt irgenwann seinem Acker einverleibt."
5248552,Deutschland,50.1415923,8.3978813,2026-04-13 00:00:00,2026-04-20 16:37:12,7,WitchofE77,Seht ihr hier auch einen Track oder ähnliches? Ich kann es aber nicht auswählen,3,0,trailschneck,Da ist nix. Auch wenn ich die Heaatmap von Strava drüber lege ist da nie einer durchgelaufen. Das ist mit Sicherheit eine Isohypse.
5231224,Deutschland,52.6022461,11.8381600,2026-04-03 00:00:00,2026-04-20 16:21:26,17,Mopshase12,Spielplatz hier  via StreetComplete 61.3,2,0,ironspock,ergänzt
5231223,Deutschland,52.6022735,11.8379537,2026-04-03 00:00:00,2026-04-20 16:21:13,17,Mopshase12,Kein Weg hier  via StreetComplete 61.3  Attached photo(s): https://streetcomplete.app/p/335578.jpg,2,0,ironspock,Weg gelöscht
5231222,Deutschland,52.6021892,11.8376326,2026-04-03 00:00:00,2026-04-20 16:21:01,17,Mopshase12,"Weg nicht verbunden, Zaun im Weg  via StreetComplete 61.3  Attached photo(s): https://streetcomplete.app/p/335577.jpg",2,0,ironspock,Weg gelöscht
4341631,Deutschland,52.8186718,13.0704467,2024-07-20 00:00:00,2026-04-20 16:17:58,639,Babummba,Wald/ Forstweg  via StreetComplete 58.2  GPS Trace: https://www.openstreetmap.org/user/Babummba/traces/11404880,2,0,einufo,"Danke für den Hinweis, Waldweg eingezeichnet."
5256693,Deutschland,51.0429978,10.1467784,2026-04-19 00:00:00,2026-04-20 16:10:26,1,schäumchen,Unable to answer 'What’s the name of this stop?' – Bus Stop – https://osm.org/node/3826860872 via StreetComplete_ee 63.0:  Auf dieser Seite existiert keine Haltestelle,2,0,Map_HeRo,"Korrekt, habe den node daher gelöscht."
5247596,Deutschland,50.0180320,8.2498631,2026-04-12 00:00:00,2026-04-20 16:06:35,8,dreua,Evtl. Zählstelle.  via StreetComplete 63.0  Attached photo(s): https://streetcomplete.app/p/338117.jpg,2,0,dreua,
4287789,Deutschland,51.0503800,10.1688900,2024-06-11 00:00:00,2026-04-20 16:00:19,678,Unknown,Mai 2024: hier gibt es mitten auf dem Kolonnenweg ein Durchgangsverbotsschild. Foto als Beweis ist bei komoot als trailview an der Stelle abgelegt,2,0,Map_HeRo,"Hier steht kein 'Durchgangsverbotsschild', sondern eine Schilderkombi DE:250 + D-P006. Diese gilt für ein Wegstück von ca. 400m Länge. Ich habe den Weg entsprechend getaggt und die Schilder auf beiden Seiten erfasst."
5208200,Deutschland,48.1685684,11.5622439,2026-03-17 00:00:00,2026-04-20 15:54:01,34,kartenbazi,Kiosk 87 Mo - So 9.00 - 24.00 Uhr  via StreetComplete 63.0  Attached photo(s): https://streetcomplete.app/p/332312.jpg,2,0,LaLinea,Ladenlokal aktualisiert:  https://osm.org/node/2786557358
5007641,Deutschland,49.8477657,8.1794500,2025-10-15 00:00:00,2026-04-20 15:48:27,187,tagginator,Neubaugebiet Gänsweide,3,0,tagginator,"Danke für die Erfassung. Den aktuellen Stand erkunde ich, wenn ich daran vorbei fahre. Kann aber noch ein paar Wochen dauern."
5256692,Deutschland,53.9917090,10.8326657,2026-04-19 00:00:00,2026-04-20 15:41:59,1,HrundiBakshi,Unable to answer 'Are these opening hours still correct?' – Elektro Sommer (Electronics Store) – https://osm.org/node/4961946073 via StreetComplete 63.0:  Ist aktuell geschlossen  Attached photo(s): https://streetcomplete.app/p/339407.jpg,2,0,didi53fahrrad,geändert
5257420,Deutschland,53.9940372,10.8206116,2026-04-19 00:00:00,2026-04-20 15:41:47,1,HrundiBakshi,"Unable to answer 'What are the opening hours here?' – Seeblick (Restaurant) – https://osm.org/node/3176615203 via StreetComplete 63.0:  Heißt jetzt 'Mein Strandhaus', kein Schild für Öffnungszeiten.",2,0,didi53fahrrad,geändert
5257415,Deutschland,53.9940780,10.8197196,2026-04-19 00:00:00,2026-04-20 15:41:38,1,HrundiBakshi,Unable to answer 'What are the opening hours here?' – Caspari (Restaurant) – https://osm.org/node/1682262488 via StreetComplete 63.0:  Nur noch Strandhotel Miramar  Attached photo(s): https://streetcomplete.app/p/339552.jpg,2,0,didi53fahrrad,geändert
5256968,Deutschland,51.5536780,7.3666360,2026-04-19 00:00:00,2026-04-20 15:38:34,1,Panda 320,Die Getränke-Börse ist dauerhaft geschlossen. Leerstand.  via StreetComplete 63.0,2,0,Bienson,Korrigiert
5258002,Deutschland,51.5055388,7.4687344,2026-04-20 00:00:00,2026-04-20 15:28:57,0,Unknown,Der Kiosk gehört zum Haus Saarlandstr. 40.,4,1,Bienson,Verschoben
5055444,Deutschland,50.9313703,11.6382711,2025-11-16 00:00:00,2026-04-20 14:56:17,155,OSMMichaelKlaus,"Unable to answer 'What’s the house number of this building?' – House – https://osm.org/way/316314482 via StreetComplete 61.3:  Nicht ersichtlich und nicht Öffentlichkeit zugänglich, da umzäunt.",2,0,OMME-OSM,Gebäude hat keine Adresse mit Hausnummer.  Hinweis geschlossen
5254006,Deutschland,52.2811422,9.5744535,2026-04-17 00:00:00,2026-04-20 14:54:20,3,TornadoFang,Unable to answer 'Do you have to pay to park here?' – ALDI (Parking Lot) – https://osm.org/way/1462910383 via StreetComplete 63.0:  Das ist der Parkplatz von Rossmann,4,1,werbuli,
5256813,Deutschland,53.1330346,8.2194042,2026-04-19 00:00:00,2026-04-20 14:40:13,1,Unknown,"Liebe Mapper*innen, hier kann man mit dem Rad lang fahren und die Brücke als Abkürzung oder schöneren Weg nutzen. Danke fürs einpflegen.",2,0,Hunte,"Moin,  Der Weg ist in OSM korrekt eingetragen. Für das passieren der Brücke muss man als Radfahrer absteigen. Ist so OTG ausgeschildert."
5256534,Deutschland,47.8868778,7.9355712,2026-04-19 00:00:00,2026-04-20 14:30:26,1,UliFR,"Unable to answer 'What surface does this road have?' – Track / Land-Access Road – https://osm.org/way/163397187 via StreetComplete 63.0:  kein Weg, nur Spuren von Forstfahrzeugen  Attached photo(s): https://streetcomplete.app/p/339383.jpg",3,0,UliFR,s.o.
5011745,Deutschland,48.7957674,9.0234610,2025-10-18 00:00:00,2026-04-20 14:29:08,184,Muklas1,Unable to answer 'Who is allowed to park here? Parking may be free or paid.' – Parking Lot – https://osm.org/way/92219689 via StreetComplete 61.3:  Not one parking lot but two. Left is private right is public,2,0,Rumo72,done.
5231133,Deutschland,48.7973013,9.0176866,2026-04-03 00:00:00,2026-04-20 14:25:47,17,Muklas1,Unable to answer 'Which direction leads upwards here?' – Steps – https://osm.org/way/306741882 via StreetComplete 63.0:  Das ist eine normale Treppe ohne Richtung  Attached photo(s): https://streetcomplete.app/p/335563.jpg,2,0,Rumo72,"Hi Muklas1, die Treppe ist als Linie auf der Karte eingezeichnet, hierbei hat jede Linie die Eigenschaft 'Richtung/direction'. In dem Fall hier zeigt die Linie/Treppe vom Fußweg zum Parkplatz.  Die Frage in StreetComplete bezieht sich darauf, ob es jetzt vom Fußweg zum Parkplatz 'Hinauf/Upwards' oder 'Hinunter' geht -> Laut Foto geht es hier hinunter. Man kann natürlich in beide Richtungen gehen.  Habe die entsprechende Info jetzt auf der Treppe hinterlegt.   Die gleiche Information kannst du in StreetComplete auch für die anderen Treppen eintragen, da wird immer gefragt, in welche Richtung (bezüglich der Karte) es hier hinauf/upwards geht.  Oder könntest du bei den anderen Hinweisen noch Fotos ergänzen?"
5231306,Deutschland,48.9109080,9.1390350,2026-04-03 00:00:00,2026-04-20 14:22:52,17,quarkzde,Unable to answer 'Who may access this tower? It may be free or paid.' – Schubartturm (Observation Tower) – https://osm.org/way/122591329 via StreetComplete 63.0:  Liegt innerhalb des Gefängnisses  Attached photo(s): https://streetcomplete.app/p/335596.jpg,2,0,scy83,"Behoben in https://www.openstreetmap.org/changeset/181585935, danke!"
4111026,Deutschland,48.1838360,7.8713393,2024-02-13 00:00:00,2026-04-20 14:20:22,797,Unknown,Hausnummer ist 8. DIe Straße heist Akazienweg,2,0,0xb7767000,erledigt: https://www.openstreetmap.org/changeset/181585763
5257963,Deutschland,48.1837949,7.8712776,2026-04-20 00:00:00,2026-04-20 14:20:14,0,Unknown,Dies ist Akazienweg 8. Zu sehen auf Luftbilder & Karten verschiedener Anbieter. Nur auf Openstreetmap fehlt noch der Akazienweg.,2,0,0xb7767000,erledigt: https://www.openstreetmap.org/changeset/181585763
4250169,Deutschland,48.1836929,7.8710711,2024-05-17 00:00:00,2026-04-20 14:20:03,703,Unknown,Die Straße heist Akazienweg. Auf Bing maps sind nun auch fast alle Häuser gekennzeichnet.,2,0,0xb7767000,erledigt: https://www.openstreetmap.org/changeset/181585763
3602012,Deutschland,48.1836172,7.8711660,2023-03-17 00:00:00,2026-04-20 14:19:56,1130,Unknown,"Hier fehlt eine Straße. Akazienweg, siehe Google Maps.",3,0,0xb7767000,erledigt: https://www.openstreetmap.org/changeset/181585763
4702007,Deutschland,48.1835803,7.8710684,2025-04-08 00:00:00,2026-04-20 14:19:46,377,Unknown,"Die Straße heißt Akazienweg. Aktuelle Hausnummern sind 1-8. Aktuell zu sehen sind 2,4 und 8 am Ende der Straße. Alle Häußer bis auf Akazienweg 7 sind fertig gebaut und auf aktuellen Luftbildern zu sehen.",2,0,0xb7767000,erledigt: https://www.openstreetmap.org/changeset/181585763
5025678,Deutschland,50.9056202,14.2683476,2025-10-27 00:00:00,2026-04-20 14:06:26,175,FelipusFidibus,"'Der Friedensturm wurde am Tag der Befreiung, am 9.5.1945 erstbegangen und aus diesem Anlass Friedensturm genannt.' OSM snapshot date: 2025-10-04T01:14:47Z POI name: Friedensturm (früher: Pilzturm) POI types: sport-climbing natural-peak  #organicmaps android 2025.10.05-7-FDroid",2,0,MiSpi,"Es gibt meines Erachtens nach keinen Fehler in der Datenbank, dieser Hinweis kann also geschlossen werden"
5025677,Deutschland,50.9059500,14.2682400,2025-10-27 00:00:00,2026-04-20 14:06:19,175,FelipusFidibus,"'historischer Ort: hier versteckte sich eine Familie im April 1945, um den Neffen der Einberufung zum Volkssturm zu entziehen. Am Tag der Befreiung machten die beiden jugendlichen Hans  Ruge und Günter Keil die Erstbegehung des nahen Klettergipfels, den sie friedensturm nannten. https://www.sandsteinblogger.de/2015/05/das-geheimnis-der-siebenschlaeferboofe/' OSM snapshot date: 2025-10-04T01:14:47Z POI name: Siebenschläferboofe (historischer Ort) POI types: amenity-shelter  #organicmaps android 2025.10.05-7-FDroid",2,0,MiSpi,"Es gibt meines Erachtens nach keinen Fehler in der Datenbank, dieser Hinweis kann also geschlossen werden"
5258130,Deutschland,50.1090898,8.6668303,2026-04-20 00:00:00,2026-04-20 13:32:52,0,lhmmr,"This place does not exist: 'Der Veranstaltungsraum ist seit Januar schon dem Leeerstand gewichen.' A CoMaps user reported that the POI was visible on the map (see snapshot date below), but was not found on the ground. OSM snapshot date: 2026-01-06T21:33:01Z POI name: Nomoreboringsundayz POI types: amenity-events_venue  #CoMaps ios 2026.04.07-8-ios",2,0,map per,"Danke, hab den Ort auf leerstehend gesetzt"
5250909,Deutschland,48.9789900,11.2216140,2026-04-15 00:00:00,2026-04-20 13:30:08,5,waeschd,Bei der vorliegenden 'Straße' handelt es sich um ein Privatgrundstück.,2,0,waeschd,
5257908,Deutschland,47.9127948,11.4179028,2026-04-20 00:00:00,2026-04-20 13:28:39,0,Hoppla Why Not,"'Ehemals nur „Weidenkams“, jetzt umbenannt' OSM snapshot date: 2026-03-07T17:53:41Z POI name: Querfeldein (powered by Weidenkam) Bioladen POI types: shop-greengrocer  #CoMaps ios 2026.04.07-8-ios",2,0,map per,Danke fürs Eintragen in OpenStreetMap!
5137565,Deutschland,48.1188108,11.5497540,2026-01-21 00:00:00,2026-04-20 13:27:10,89,Unknown,"Wo ist denn die Design Werkschau hin, vor 10Monaten war die noch hier eingetragen? https://designwerkschau.com  #OsmAnd",4,0,PizzaTreeIsland,Mit Changeset 181583071 erledigt
5257892,Deutschland,47.9128592,11.4176556,2026-04-20 00:00:00,2026-04-20 13:26:30,0,Hoppla Why Not,"This place does not exist: 'ist bereits richtig eingetragen - um die Ecke ' A CoMaps user reported that the POI was visible on the map (see snapshot date below), but was not found on the ground. OSM snapshot date: 2026-03-07T17:53:41Z POI name: Loisachbäcker POI types: shop-bakery  #CoMaps ios 2026.04.07-8-ios",2,0,map per,"Danke, hab das Geschäft auf leerstehend gesetzt"
5257894,Deutschland,47.9128053,11.4173552,2026-04-20 00:00:00,2026-04-20 13:24:42,0,Hoppla Why Not,"This place does not exist: 'Geschäftsaufgabe 2025' A CoMaps user reported that the POI was visible on the map (see snapshot date below), but was not found on the ground. OSM snapshot date: 2026-03-07T17:53:41Z POI name: Marien-Apotheke POI types: amenity-pharmacy  #CoMaps ios 2026.04.07-8-ios",2,0,map per,"Danke, hab die Apotheke auf leerstehend gesetzt"
3714533,Deutschland,50.8696934,13.7297008,2023-05-31 00:00:00,2026-04-20 13:12:38,1055,MartinMap,Wegweiser verschollen?,3,0,MiSpi,"Hier gibt es keinen Wegweiser, weder in der Datenbank noch vor Ort"
5166702,Deutschland,48.1186716,11.5501849,2026-02-14 00:00:00,2026-04-20 13:00:54,65,The_Nickname,In 52f  via StreetComplete 62.2  Attached photo(s): https://streetcomplete.app/p/327476.jpg,2,0,PizzaTreeIsland,Mit Changeset 181581785 erledigt
5166701,Deutschland,48.1188147,11.5502043,2026-02-14 00:00:00,2026-04-20 13:00:43,65,The_Nickname,In 52a:  via StreetComplete 62.2  Attached photo(s): https://streetcomplete.app/p/327475.jpg,2,0,PizzaTreeIsland,Mit Changeset 181581785 erledigt
5187714,Deutschland,48.3095520,7.9406770,2026-03-02 00:00:00,2026-04-20 12:58:42,49,Unknown,Die Gasstätte heißt mittlerweile MarktStübli.,2,0,Unknown,
5258277,Deutschland,48.3103510,7.9406320,2026-04-20 00:00:00,2026-04-20 12:58:32,0,Unknown,Rathaus Seelbach,2,0,Unknown,
5258276,Deutschland,48.3111080,7.9402880,2026-04-20 00:00:00,2026-04-20 12:58:28,0,Unknown,"Dauerhaft geschlossen, gibt es in Seelbach nicht mehr",2,0,Unknown,
5258285,Deutschland,48.3022160,7.9412430,2026-04-20 00:00:00,2026-04-20 12:57:49,0,Unknown,Familienbad Seelbach,2,0,Unknown,
4263815,Deutschland,48.3084193,7.9411439,2024-05-25 00:00:00,2026-04-20 12:57:42,695,Dome,Unable to answer 'What are the opening hours here?' – Dr. Schilling (Dentist) – https://osm.org/node/597675842 via StreetComplete 57.4:  Das Haus wird wohl derzeit grundsaniert. Der Dr. müsste woanders oder gar nicht mehr praktizieren...,2,0,Unknown,
4963019,Deutschland,50.4557947,9.7931367,2025-09-15 00:00:00,2026-04-20 12:52:06,217,Unknown,"Hier beginnt ein Feldweg, der für normale PKWs nicht befahrbar ist und hier durch einen Poller abgesperrt ist!",3,0,flex16,Der Hinweisersteller hat Recht. Der Weg ist durch Poller und VZ 260 gesperrt.
5258273,Deutschland,48.3060020,7.9337650,2026-04-20 00:00:00,2026-04-20 12:38:17,0,Unknown,Wassertretstelle / Kneipp-Insel,2,0,Unknown,
5257875,Deutschland,48.1174133,11.5485674,2026-04-20 00:00:00,2026-04-20 12:36:44,0,Unknown,This 'Apotheke' is closed for nearly a year now. The shop is in construction but it will most likely not be an Apotheke anymore.,2,0,PizzaTreeIsland,Mit Changeset 181580679 erledigt
5194099,Deutschland,53.1862745,13.1398062,2026-03-07 00:00:00,2026-04-20 12:33:53,44,DennisDieterRoth,Schilder „Wandern in der Uckermark” und „Naturpark Stechlin-Ruppiner Land” vertauscht  via StreetComplete 63.0,4,0,einufo,Schilder „Wandern in der Uckermark” und „Naturpark Stechlin-Ruppiner Land” getauscht
4729753,Deutschland,53.7894434,7.9021257,2025-04-27 00:00:00,2026-04-20 12:23:42,358,Ana Luisa,"Neubau (neue Marker, da der alte ( https://www.openstreetmap.org/note/4727518 ) an der falschen Position saß)",2,0,bison166,gem.ALKIS und NS DOP20 erledigt
3374263,Deutschland,53.5602538,8.0436632,2022-09-26 00:00:00,2026-04-20 12:00:34,1302,hermann51,Nur Fuß- und Radweg?,7,1,bison166,"moin, ich habe hw mit service getaggt. NS DP20 und ALKIS"
5257961,Deutschland,52.3754682,8.3171654,2026-04-20 00:00:00,2026-04-20 11:30:32,0,Unknown,"Eine Ziegenstraße gibt es offiziell in Bohmte nicht. Früher war das vielleicht mal ein Ziegenpatt, aber nichts offizielles. Gemeinde Bohmte, Bauamt",2,0,flohoff,Hab das von name -> loc_name umgetagged - Local name nicht name - Damit sollte das passen
5244813,Deutschland,53.1041700,12.9394720,2026-04-11 00:00:00,2026-04-20 11:30:20,9,dubbers,wegstück nicht mehr mit Rad befahrbar. mit baumstämmen geschlossen.,5,1,einufo,Passt das so oder ist der komplette Weg bis zur L15 'dichtgemacht'?
5248667,Deutschland,53.1040010,12.9383700,2026-04-13 00:00:00,2026-04-20 11:28:39,7,dubbers,Beginn unzugänglichkeit wegen zahrreicher Baumstämme auf Weg,2,0,einufo,neue Eigenschaften: obstacle=fallen_tree smoothness=impassable eingetragen
5145383,Deutschland,52.8021902,9.1322565,2026-01-28 00:00:00,2026-04-20 11:19:51,82,Unknown,Seit dem 01.01.2026 ist es der 'OBI Markt Hoya'! (Nicht mehr 'Thies und Co GmbH.),2,0,Geocas,
5244814,Deutschland,53.1245390,13.0057380,2026-04-11 00:00:00,2026-04-20 11:19:18,9,dubbers,wegstück nicht mehr mit Rad befahrbar. mit baumstämmen geschlossen.,5,0,einufo,neue Eigenschaften: obstacle=fallen_tree smoothness=impassable getaggt
5246894,Deutschland,50.9060498,11.5780383,2026-04-12 00:00:00,2026-04-20 11:11:32,8,gwz,"'Hausnummer gestrichen ' The place has gone or never existed. A user of Organic Maps application has reported that the POI was visible on the map (see snapshot date below), but was not found on the ground. OSM snapshot date: 2025-12-14T02:16:23Z POI has no name POI types: building-address  #organicmaps android 2026.04.07-8-Google",2,0,czubi,erl.
4946996,Deutschland,51.3240410,12.3739087,2025-09-04 00:00:00,2026-04-20 11:10:14,228,sloppywu,"'closed permanently' The place has gone or never existed. A user of Organic Maps application has reported that the POI was visible on the map (see snapshot date below), but was not found on the ground. OSM snapshot date: 2024-11-22T15:57:19Z POI name: Feinbäckerei Lotzmann POI types: wheelchair-no shop-bakery  #organicmaps android",2,0,PizzaTreeIsland,
5257991,Deutschland,51.1037493,11.6670942,2026-04-20 00:00:00,2026-04-20 11:08:29,0,Unknown,"Mühlstraße 2, 99518 Großheringen",2,0,czubi,erl.
5040939,Deutschland,51.3266827,12.3742799,2025-11-06 00:00:00,2026-04-20 11:07:20,165,teddy19,"Unable to answer 'Does this place have a baby changing table?' – Curry & Co. (Restaurant) – https://osm.org/node/1341022005 via StreetComplete 61.3:  Olive tree, Lieferservice only",2,0,PizzaTreeIsland,Mit Changeset 181576686 erledigt
5026632,Deutschland,47.7493580,12.1154476,2025-10-28 00:00:00,2026-04-20 11:05:19,174,ladoga,Unable to answer 'What’s the surface here?' – Path – https://osm.org/way/61496480 via StreetComplete 61.3:  Kein Weg,2,0,Andreas Binder,Weg ist immer noch vorhanden https://up.picr.de/50800246cn.jpg
4950156,Deutschland,50.9730801,10.4485896,2025-09-07 00:00:00,2026-04-20 11:01:19,225,work_maintenance55,'is located in nr. 22' OSM snapshot date: 2025-08-08T13:08:07Z POI name: FUNK-Shop Melborn POI types: shop-electronics  #organicmaps android,2,0,czubi,in 22 verschoben
5062521,Deutschland,47.8571870,12.3463249,2025-11-21 00:00:00,2026-04-20 10:47:36,150,3456,Schlüsseldienst (Georg Hilkersberger; 080519657888)  #OsmAnd,2,0,citro,"Danke, ist eingetragen"
5246895,Deutschland,50.9061411,11.5791433,2026-04-12 00:00:00,2026-04-20 10:27:06,8,gwz,"'Hausnummer gestrichen ' The place has gone or never existed. A user of Organic Maps application has reported that the POI was visible on the map (see snapshot date below), but was not found on the ground. OSM snapshot date: 2025-12-14T02:16:23Z POI has no name POI types: building-address  #organicmaps android 2026.04.07-8-Google",2,0,czubi,erl.
5244758,Deutschland,50.9060498,11.5780383,2026-04-11 00:00:00,2026-04-20 10:27:01,9,gwz,"'Hausnummer gestrichen ' The place has gone or never existed. A user of Organic Maps application has reported that the POI was visible on the map (see snapshot date below), but was not found on the ground. OSM snapshot date: 2025-12-14T02:16:23Z POI has no name POI types: building-address  #organicmaps android 2026.03.11-12-Google",2,0,czubi,erl.
5256877,Deutschland,50.5405929,10.4369439,2026-04-19 00:00:00,2026-04-20 10:26:14,1,TRB 5,neue Schutzhütte  via StreetComplete 63.0  Attached photo(s): https://streetcomplete.app/p/339430.jpg https://streetcomplete.app/p/339431.jpg https://streetcomplete.app/p/339432.jpg,3,0,TRB 5,"Hallo Alex, ja die ist es!  Gruß Carsten :o)"
5247131,Deutschland,50.8152007,10.3568061,2026-04-12 00:00:00,2026-04-20 10:17:45,8,Soeldner0815,"3 Tafeln  Links: Legende Stadtplan  Mitte: Historischer Kurpark (Übersicht)  Rechts: Lutherweg, wandern und pilgern auf den Spuren der Reformation  via StreetComplete 63.0  Attached photo(s): https://streetcomplete.app/p/338037.jpg",2,0,czubi,"die haste selber schon eingebessert, ich schließe die note"
5247185,Deutschland,50.8148172,10.3537377,2026-04-12 00:00:00,2026-04-20 10:16:40,8,Soeldner0815,Unable to answer 'What are the opening hours here?' – Kleiderschrank (Clothing Store) – https://osm.org/node/4413001281 via StreetComplete 63.0:  Umgezogen in die Herzog-Georg Straße 21A  Attached photo(s): https://streetcomplete.app/p/338052.jpg,2,0,czubi,verschoben
5255618,Deutschland,50.8785292,10.9732313,2026-04-18 00:00:00,2026-04-20 10:11:31,2,milu76,"Parkplatz ebenerdig, quer zur Fahrbahn, 5 Plätze  via StreetComplete 63.0",2,0,czubi,erl.
4966094,Deutschland,49.0667817,7.8094031,2025-09-17 00:00:00,2026-04-20 10:01:08,215,kryan,76891 Nothweiler / Pfalz:  Besucherbergwerk St. Anna Stollen seit 01.11.2024 geschlossen. Pächter gesucht! Es gibt keine Bewerber.,2,0,C_1965,"Danke! Die Info, dass Stollen und Infozentrum geschlossen sind, ist jetzt eingetragen. (https://www.openstreetmap.org/node/10606729581 und https://www.openstreetmap.org/node/295879527) Daher schließe ich den Hinweis."
4908489,Deutschland,54.0775336,13.9098779,2025-08-13 00:00:00,2026-04-20 09:45:07,250,JConnolly,Unable to answer 'This shop has been vacant. What’s here now?' – https://osm.org/node/373968486 via StreetComplete 61.2:  Es ist immernoch das Schild der Modestube angeschlagen und es stehen Aufsteller mit Kleidung draußen. Evtl. Saison Verkauf,2,0,s12wu,"Modestube existiert als separater Node, das leerstehend Geschäft hab ich mal gelöscht"
3299491,Deutschland,48.7299724,8.3480161,2022-08-04 00:00:00,2026-04-20 09:40:54,1355,Karthoo,"Ist das eine öffentliche Ladestation? Falls ja, bitte mehr Infos eintragen, ansonsten auf access=private oder entfernen.",2,0,Unknown,"Meines Wissens nach (ich wohne in dem Ort) ist das eine private Ladesäule, gehe die Tage mal vorbei und schaue mir das an, hab es in access=private geändert."
5252184,Deutschland,52.4126193,12.5308889,2026-04-16 00:00:00,2026-04-20 09:12:29,4,Mario Höhne,Hier ist die Überlagerung der Brücke im Bau und Eisenbahn im Bau nicht korrekt. Die derzeit nicht vorhandenen Straßen und Schienen stören bei der Navigation und müssten korrigiert werden. Dankeschön,4,1,Mario Höhne,Vielen Dank für die Bearbeitung. In der neuen TomTom App mit OSM Karten war die Straße Richtung Brandenburg Nord nicht befarbar. Die Straße im Bau auf dem selben Layer hat die Straße überlagert. Viele Grüße
5068796,Deutschland,50.9550544,10.9944391,2025-11-26 00:00:00,2026-04-20 09:12:05,145,CADdog63,Hier soll es irgendwo Am Angerberg eine ' Kiss-and-Goodbye-Zone' geben https://www.thueringer-allgemeine.de/lokales/erfurt/article410543493/es-ist-verzwickt-morgendliches-chaos-vor-erfurter-schule-nimmt-kein-ende.html,2,0,OMME-OSM,Erledigt
5250625,Deutschland,53.5504175,9.9701854,2026-04-15 00:00:00,2026-04-20 08:45:57,5,TheVocalist,'Umbenennen zu „St. Pauli U-Bahn Eingang (Aufzug)“' OSM snapshot date: 2026-03-10T00:09:11Z POI name: 981534 POI types: wheelchair-yes railway-subway_entrance-hamburg  #organicmaps ios 2026.04.07-8-ios,3,0,TheVocalist,"Es ist mehr eine Beschreibung, das ist korrekt. Der Aufzug selbst hat keine besondere Beschriftung. Die Nummer als Namen finde ich nicht am Aufzug, ich finde sie daher irreführend. Den Aufzug als solchen zu markieren wäre sicherlich für Menschen die darauf angewiesen sind (Rollstuhlfahrende, Kinderwägen) sinnvoll."
5207662,Deutschland,51.5249186,7.1782121,2026-03-16 00:00:00,2026-04-20 08:37:07,35,Karsten W,"Bitte Geschwindigkeit 30km/h realisieren. Zur Zeit 50km/h (Spielende Kinder und Anfahrt zum Park und Spielplatz bzw. Verkehrssicherheit)  Diese Straße ist eine Sackgasse zum Dorneburger Park. (Kinderspielplatz) - Es ist eine reine Wohnstraße.  - Diese Straße hat starke Belagsschäden. - Diese Straße ist nur einspurig durch die Anwohner-Parksituattion wechselseitig (alle ½ Monat, 'Rechts/Links') zu befahren.  via StreetComplete 63.0",6,1,Karsten W,"Für mich ist es nicht ersichtlich was richtig und was falsch ist. Ich sehe keine Geschwindigkeitsangaben in OpenStreetMap. Es ist auch keine Geschwindigkeitsangabe (Schild km/h) physisch vorhanden. (Stadt) Es wird immer nur gesagt, es wäre 30 km/h, aber Beschildert ist es nicht.  Ob es nun ein Wunsch ist, oder schon erfolgt und nur nicht klar ersichtlich im Straßenverkehr und Openstreet kann ich nicht beurteilen.  Ich bin stark sehbehindert und kämpfe mich hier durch die Bürokratie, leider nur am Smartphone.  Leider sind viele PKW-Fahrer unbedacht und rücksichtslos."
5149603,Deutschland,49.3529260,9.1497450,2026-01-31 00:00:00,2026-04-20 08:30:32,79,Unknown,"Anfang April öffnet die Gastronomenfamilie Möhrer den „Mosbacher Schnitzelhof“   https://www.rnz.de/region/neckartal-odenwald_artikel,-Mosbacher-Schnitzelhof-Die-Alte-Maelzerei-bekommt-wieder-ein-Restaurant-_arid,1932727.html",3,0,SG86,Das Restaurant hat inzwischen geöffnet eingetragen
5256149,Deutschland,51.4759783,11.9086164,2026-04-19 00:00:00,2026-04-20 08:23:40,1,Unknown,Kein Sparkassenautomat mehr vorhanden!,2,0,AlexSpritze,https://www.openstreetmap.org/changeset/181570083
4981020,Deutschland,51.4759755,11.9086164,2025-09-27 00:00:00,2026-04-20 08:23:35,205,Unknown,Nicht mehr vorhanden.,4,0,AlexSpritze,https://www.openstreetmap.org/changeset/181570083
5252034,Deutschland,50.7319463,12.3240423,2026-04-16 00:00:00,2026-04-20 08:16:59,4,geo_VMS,Laut Geoportal Sachsen ist der Niedere Viehweg bis zur Ortsgrenze der Pechflügel (samt Hausnummern https://geoportal.sachsen.de/mapviewer/resources/apps/sachsenatlas/index.html?stateId=6bd19278-7e65-40e0-9192-787e65f0e09d),2,0,Rhoon,korrigiert
5256591,Deutschland,51.1616153,11.8098557,2026-04-19 00:00:00,2026-04-20 08:12:32,1,SectorCommand,Der weg direkt an den Häusern ist ein Gehweg und nicht teil der straße  via StreetComplete 63.0  Attached photo(s): https://streetcomplete.app/p/339397.jpg,2,0,AlexSpritze,Danke für den Hinweis. Ich habe es entsprechend angepasst: https://www.openstreetmap.org/changeset/181569646
5255678,Deutschland,48.0572548,8.7410118,2026-04-18 00:00:00,2026-04-20 08:10:58,2,Geo-Tobi,Ist cycleway hier wirklich angemessen oder ist das ein Track - und somit zB auch für Fußgänger zugänglich?,2,0,mcliquid,done
5255672,Deutschland,48.0527125,8.7331675,2026-04-18 00:00:00,2026-04-20 08:09:03,2,Unknown,"Tracktype grade1, aber surface gravel, da kann was nicht stimmen. Sollte geprüft und korrigiert werden.",2,0,mcliquid,done
5257548,Deutschland,48.0532676,8.8915631,2026-04-19 00:00:00,2026-04-20 08:08:32,1,Unknown,Haus nicht mehr existent. Siehe Bild im Artikel.  https://www.schwaebische.de/regional/tuttlingen/kolbingen/projekt-gescheitert-lange-geplantes-pflegezentrum-wird-nicht-gebaut-4508403,2,0,mcliquid,"Falsche Position, es ist dieses: https://www.openstreetmap.org/way/646985500"
5257672,Deutschland,47.8577161,8.8947372,2026-04-19 00:00:00,2026-04-20 08:07:51,1,od@KA30AG41,"In context of overlay 'Things' – Vending Machine – https://osm.org/node/13743813606 via StreetComplete 63.0:  Bargeld, Karten und Kontaktlose Getränke (Alkokolfrei und Bier), Milch und Milchprodukt, Eier, Brot, Süßigkeiten  Attached photo(s): https://streetcomplete.app/p/339566.jpg",2,0,mcliquid,erledigt
5257671,Deutschland,47.8434593,8.8580662,2026-04-19 00:00:00,2026-04-20 08:06:46,1,od@KA30AG41,In context of overlay 'Things' – DHL Poststation (Parcel Locker) – https://osm.org/node/13743842763 via StreetComplete 63.0:  Poststation 701 78267 Aach,2,0,mcliquid,erledigt
5257670,Deutschland,47.8043930,8.8613804,2026-04-19 00:00:00,2026-04-20 08:05:58,1,od@KA30AG41,"Neben dem Unterwerk ist ein Solarpark, der noch nicht eingezeichnet ist  via StreetComplete 63.0  Attached photo(s): https://streetcomplete.app/p/339565.jpg",2,0,mcliquid,erledigt
5257077,Deutschland,47.8155800,9.1847142,2026-04-19 00:00:00,2026-04-20 08:00:56,1,ulpeje,Wegweiser  #LocusMap,2,0,mcliquid,erledigt
5257033,Deutschland,47.8210088,9.1877400,2026-04-19 00:00:00,2026-04-20 08:00:40,1,ulpeje,Wasser Wehr  #LocusMap,2,0,mcliquid,erledigt
5257673,Deutschland,47.7889105,9.1149343,2026-04-19 00:00:00,2026-04-20 08:00:11,1,od@KA30AG41,Werksstrasse - Durchfahren nicht gestattet  via StreetComplete 63.0  Attached photo(s): https://streetcomplete.app/p/339567.jpg,2,0,mcliquid,erledigt
5257422,Deutschland,50.8991684,6.2960798,2026-04-19 00:00:00,2026-04-20 07:57:08,1,Thomas der Erste,Unable to answer 'What are the opening hours here?' – Brautnest (Clothing Store) – https://osm.org/way/99231570 via StreetComplete 63.0:  Diese Information wird doppelt abgefragt.,2,0,tux67,Warum auch immer .. https://www.openstreetmap.org/changeset/181569079
5257402,Deutschland,50.9002573,6.3024204,2026-04-19 00:00:00,2026-04-20 07:52:49,1,Thomas der Erste,"Unable to answer 'What can be left here for recycling?' – Recycling Bin – https://osm.org/node/954754978 via StreetComplete 63.0:  An dieser Stelle befinden sich keine Container, sondern die Firma Schönmackers ist eine Entsorgungsfirma für Abfälle.",2,0,tux67,https://www.openstreetmap.org/changeset/181568887
5257403,Deutschland,50.9002176,6.3013524,2026-04-19 00:00:00,2026-04-20 07:49:46,1,Thomas der Erste,Bei dieser Straße handelt es sich um einen privaten Weg auf dem Privatgelände der Firma 'Josef Prell GmbH'.  via StreetComplete 63.0,2,0,tux67,https://www.openstreetmap.org/changeset/181568752
5257386,Deutschland,50.9001899,6.3074119,2026-04-19 00:00:00,2026-04-20 07:48:23,1,Thomas der Erste,Dieser Weg wurde bislang nicht erfasst.  via StreetComplete 63.0  Attached photo(s): https://streetcomplete.app/p/339548.jpg  GPS Trace: https://www.openstreetmap.org/user/Thomas%20der%20Erste/traces/12301363,2,0,tux67,https://www.openstreetmap.org/changeset/181568693
5257373,Deutschland,51.0565387,6.2644517,2026-04-19 00:00:00,2026-04-20 07:38:13,1,The Invisible Freak,feste Poller  via StreetComplete 63.0  Attached photo(s): https://streetcomplete.app/p/339534.jpg https://streetcomplete.app/p/339535.jpg,2,0,tux67,erl
5257374,Deutschland,51.0565441,6.2645956,2026-04-19 00:00:00,2026-04-20 07:37:02,1,The Invisible Freak,entfernbare Poller  via StreetComplete 63.0  Attached photo(s): https://streetcomplete.app/p/339536.jpg https://streetcomplete.app/p/339537.jpg,2,0,tux67,erl.
5256817,Deutschland,49.9445624,9.7756915,2026-04-19 00:00:00,2026-04-20 07:30:27,1,Smörre,Bildstock  via StreetComplete 63.0,2,0,Smörre,eingefügt
5242255,Deutschland,50.4310010,12.1299830,2026-04-09 00:00:00,2026-04-20 07:27:54,11,Unknown,connection from the bikeway to the road is missing,2,0,vsandre,eingetragen
5257517,Deutschland,50.8984920,6.2897543,2026-04-19 00:00:00,2026-04-20 07:27:11,1,Thomas der Erste,Dieser Weg liegt auf dem Privatgelände des Seniorenwohnheims 'Gut Köttenich'.  via StreetComplete 63.0,2,0,HirschKauz,Changeset: 181567857
5257481,Deutschland,50.8954644,6.2896703,2026-04-19 00:00:00,2026-04-20 07:18:07,1,Thomas der Erste,Dieser Weg gehört zum Privatgelände der Firma 'Jure Knap'.  via StreetComplete 63.0,2,0,HirschKauz,Changeset: 181567555
5167783,Deutschland,49.4621332,10.9533546,2026-02-14 00:00:00,2026-04-20 07:18:01,65,epigen108,Ende des Damms. Von hier ab nach N ist das Gelände westlich nicht mehr niedriger als der Weg  via StreetComplete 62.2,4,0,epigen108,"Danke für den Edit. Schwer zu sagen, wie groß die Wasserfläche weren soll, wenn da quasi nie Wasser drin ist. Das heißt aber auch, dass es letztlich nicht so tragisch ist :-)  Kann man erst im Falle eines Dambach-Jahrhunderthochwassers nachprüfen. (Und dann auch schauen, ob https://www.openstreetmap.org/way/1478693340 passierbar ist).  Aus meiner Sicht ist der Vorgang damit so gut gelöst, wie momentan möglich."
5254367,Deutschland,50.8968601,6.2826645,2026-04-17 00:00:00,2026-04-20 07:16:18,3,Thomas der Erste,Unable to answer 'What are the opening hours here?' – Blütezeit (Florist) – https://osm.org/node/8809404784 via StreetComplete 63.0:  In diesem Laden befindet sich die Parfumerie 'Auréme'.,2,0,HirschKauz,Changeset: 181567506
5186569,Deutschland,50.4436860,12.0548970,2026-03-01 00:00:00,2026-04-20 07:10:47,50,Unknown,wurde asphaltiert ausgebaut,2,0,vsandre,
5202215,Deutschland,53.6025664,7.1853402,2026-03-12 00:00:00,2026-04-20 07:08:34,39,Samba119,Hier befinden sich Ladestationen von EWE (Information aus EnBW App / EWE Go App),2,0,Samba119,Ladepunkt eingetragen
5202213,Deutschland,53.6015732,7.1843049,2026-03-12 00:00:00,2026-04-20 07:08:24,39,Samba119,Hier befinden sich Ladestationen von Vattenfall (Information aus EnBW App),2,0,Samba119,Ladepunkt eingetragen
5158250,Deutschland,52.2705190,10.3721860,2026-02-07 00:00:00,2026-04-20 07:06:46,72,LudgerLeder,Zwischen Mühlacker 5 und 7 ist keine Straße. Mühlacker macht von Westen kommend eine Linkskurve nach Norden. Zwischen 7 und 5 ist eine Grünfläche mit Gehweg. Dieser verbindet Mühlacker mit der Stichstraße In den Auewiesen (beginnt bei der Garage von in den Auewiesen 6).,2,0,Langlaeufer,
5217378,Deutschland,52.2705056,10.3721750,2026-03-23 00:00:00,2026-04-20 07:06:37,28,Zinsenmanager,Unable to answer 'Does this street have a sidewalk?' – Mühlacker (Residential Road) – https://osm.org/way/620586084 via StreetComplete_ee 63.0:  Nur ein Fußweg  Attached photo(s): https://streetcomplete.app/p/333811.jpg,2,0,Langlaeufer,
5256046,Deutschland,50.8900316,6.2772870,2026-04-18 00:00:00,2026-04-20 07:06:17,2,Thomas der Erste,Bei diesem Wegbogen handelt es sich um eine private Hausauffahrt.  via StreetComplete 63.0,2,0,HirschKauz,Changeset: 181567196
5186561,Deutschland,50.4465350,12.0566900,2026-03-01 00:00:00,2026-04-20 07:06:08,50,Unknown,"Der Weg heißt „Im Winkel“, nicht „Winkel“. Sonst gäbe es eine Namensdopplung mit dem gleichnamigen Weg im OT Geilsdorf",2,0,vsandre,"Vielen Dank, ist eingetragen"
5256045,Deutschland,50.8911768,6.2752699,2026-04-18 00:00:00,2026-04-20 07:05:57,2,Thomas der Erste,Bei dieser Fläche handelt es sich um den Parkplatz des DM.  via StreetComplete 63.0,2,0,HirschKauz,Changeset: 181567196
5256043,Deutschland,50.8920745,6.2742760,2026-04-18 00:00:00,2026-04-20 07:05:38,2,Thomas der Erste,Bei dieser Fläche handelt es sich um den Parkplatz der Tankstelle 'Markant' (Privatgelände).  via StreetComplete 63.0,2,0,HirschKauz,Changeset: 181567196
5255784,Deutschland,50.8934734,6.2811185,2026-04-18 00:00:00,2026-04-20 07:03:13,2,Thomas der Erste,"Bei dieser Fläche handelt es sich um den Parkplatz des Supermarkts 'Getränke Hoffmann', die nur während der Geschädtszeiten nutzbar ist.  via StreetComplete 63.0",2,0,HirschKauz,access=customers bedeutet 'für Kunden' und braucht keine weiteren Einschränkungen
5257445,Deutschland,49.0013300,8.3836310,2026-04-19 00:00:00,2026-04-20 07:03:12,1,Unknown,Gulasch,2,0,george1201,
5255782,Deutschland,50.8931839,6.2792517,2026-04-18 00:00:00,2026-04-20 07:01:56,2,Thomas der Erste,"Bei dieser Fläche handelt es sich um den Parkplatz des Lidl, der nur zu den Geschäftszeiten befahrbar ist.  via StreetComplete 63.0",2,0,HirschKauz,access=customers bedeutet 'für Kunden' und braucht keine weiteren Einschränkugnen wenn nicht eine Schranke oder Tor dies verhindert
5184212,Deutschland,53.5919130,7.2096810,2026-02-27 00:00:00,2026-04-20 06:54:42,52,Rosarosa,Alte Sielschule - Kinder- und Familienzentrum des Kinderschutzbund Norden mit öffentlichem Spielplatz,5,1,Samba119,Spielplatz anhand der Mapillary Daten eingetragen
5256042,Deutschland,50.8916666,6.2743323,2026-04-18 00:00:00,2026-04-20 06:51:24,2,Thomas der Erste,Bei dieser Fläche handelt es sich um den Parkplatz des Edeka (Privatgelände).  via StreetComplete 63.0,2,0,HirschKauz,so stehts auch drin: https://www.openstreetmap.org/way/8015131  access=customers amenity=parking operator=Edeka
5256044,Deutschland,50.8908077,6.2758410,2026-04-18 00:00:00,2026-04-20 06:48:41,2,Thomas der Erste,Bei dieser Fläche handelt es sich um den Parkplatz des Aldi und Netto (Privatgelände).  via StreetComplete 63.0,2,0,HirschKauz,so stehts auch drin ;-)  https://www.openstreetmap.org/way/8015133
5256971,Deutschland,52.2823600,12.8726160,2026-04-19 00:00:00,2026-04-20 06:48:05,1,Mlvln,Hier wurde vor 7 Jahren ein Verkehrszeichen für eine Baustelle (DE:123 Gefahrenzeichen Baustelle) eingetragen.   Gibt es dieses Zeichen an dieser Stelle noch?  https://www.openstreetmap.org/node/5934632275  LG Mlvln,2,0,Till_btn,"Baustelle ist beendet, siehe auch Mapillary https://www.openstreetmap.org/changeset/181566600"
5255882,Deutschland,50.8917541,6.2878206,2026-04-18 00:00:00,2026-04-20 06:46:07,2,Thomas der Erste,Dieser Weg existiert nicht.  via StreetComplete 63.0,2,0,HirschKauz,Changeset: 181566500
5255881,Deutschland,50.8918359,6.2876404,2026-04-18 00:00:00,2026-04-20 06:46:02,2,Thomas der Erste,Dieser Weg existiert nicht.  via StreetComplete 63.0,2,0,HirschKauz,Changeset: 181566500
5255889,Deutschland,50.8910832,6.2869208,2026-04-18 00:00:00,2026-04-20 06:45:56,2,Thomas der Erste,Dieser Weg existiert nicht.  via StreetComplete 63.0,2,0,HirschKauz,Changeset: 181566500
5211927,Deutschland,53.5909178,7.1903655,2026-03-20 00:00:00,2026-04-20 06:43:45,31,Samba119,Hier gibt es ein Neubau,2,0,Samba119,Da das Wohnhaus mittlerweile eingezeichnet ist schließe ich den Hinweis jetzt.
5255894,Deutschland,50.8915583,6.2853826,2026-04-18 00:00:00,2026-04-20 06:41:25,2,Thomas der Erste,Dieser Weg existiert nicht.  via StreetComplete 63.0,2,0,HirschKauz,Changeset: 181566353
5255900,Deutschland,50.8904294,6.2851585,2026-04-18 00:00:00,2026-04-20 06:41:18,2,Thomas der Erste,Dieser Weg existiert nicht.  via StreetComplete 63.0,2,0,HirschKauz,Changeset: 181566353
5255901,Deutschland,50.8904635,6.2850669,2026-04-18 00:00:00,2026-04-20 06:41:12,2,Thomas der Erste,Dieser Weg existiert nicht.  via StreetComplete 63.0,2,0,HirschKauz,Changeset: 181566353
5254103,Deutschland,51.1994270,6.6884480,2026-04-17 00:00:00,2026-04-20 06:36:05,3,Znaika,"Prüfen, ob der Springbrunnen nach dem Umbau der Parkanlage noch vorhanden ist!",3,0,Znaika,
4128751,Deutschland,52.3301500,13.2727600,2024-02-26 00:00:00,2026-04-20 06:30:51,784,Unknown,Verwaltungsgebäude Gestamp Umformtechnik,2,0,glibbertorsten,https://www.openstreetmap.org/changeset/181566088
5255904,Deutschland,50.8906960,6.2830173,2026-04-18 00:00:00,2026-04-20 06:24:05,2,Thomas der Erste,Unable to answer 'Who is allowed to use this playground?' – Playground – https://osm.org/node/307930720 via StreetComplete 63.0:  An dieser Stelle ist kein Spielplatz.,2,0,HirschKauz,Resolved with changeset https://www.openstreetmap.org/changeset/181565869 by noteSolver_plugin/0.5.0
5257024,Deutschland,50.8374990,12.9157160,2026-04-19 00:00:00,2026-04-20 06:22:34,1,Mlvln,An diesem Straßenabschnitt wurde vor 16 Jahren ein Verkehrszeichen für eine Baustelle (DE:123 Gefahrenzeichen Arbeitsstelle) eingetragen.  Gibt es dieses Zeichen an diesem Straßenabschnitt noch?  https://www.openstreetmap.org/way/16117868  LG Mlvln,2,0,Rhoon,nein gibt es nicht mehr. entfernt.
5257485,Deutschland,50.8920674,6.2837461,2026-04-19 00:00:00,2026-04-20 06:20:38,1,Thomas der Erste,Dieser Weg gehört zum Privatgelände des Wasserwerks.  via StreetComplete 63.0,2,0,HirschKauz,Wasserwerk und Details eingetragen  Changeset: 181565755
5205589,Deutschland,48.0075903,11.3171146,2026-03-15 00:00:00,2026-04-20 06:10:49,36,slightlywired,Drehkreuz  via StreetComplete 63.0  Attached photo(s): https://streetcomplete.app/p/332037.jpg,2,0,söm4324,"Danke, ergänzt: https://www.openstreetmap.org/changeset/181565470"
5254293,Deutschland,51.1990650,6.6884880,2026-04-17 00:00:00,2026-04-20 06:03:44,3,Znaika,Ist bicycle_parking an der Stelle geblieben?,3,0,Znaika,
5240590,Deutschland,48.4732656,13.2137271,2026-04-08 00:00:00,2026-04-20 05:41:24,12,Saber1980,Unable to answer 'What kind of memorial is this?' – Kapelle (Memorial) – https://osm.org/node/840107240 via StreetComplete 63.0:  Hier steht eine kleine Kapelle.  Attached photo(s): https://streetcomplete.app/p/337095.jpg,2,0,opendcc,
4496237,Deutschland,52.4994459,9.3454788,2024-10-27 00:00:00,2026-04-20 05:37:40,540,Elsbeere24,Unable to answer 'What surface does this road have?' – Track / Land-Access Road – https://osm.org/way/261704913 via StreetComplete 59.2:  Wald ohne Weg,2,0,salix01,Wegeverläufe sind angepasst
5105664,Deutschland,51.6118523,6.5110792,2025-12-26 00:00:00,2026-04-20 05:09:52,115,Manfred2,Unable to answer 'What are the opening hours here?' – Metzgerei Stiers (Produce Stand) – https://osm.org/node/10736637735 via StreetComplete 62.1:  Wohnhaus,3,0,Manfred2,nein
4164752,Deutschland,48.1368058,7.6569352,2024-03-23 00:00:00,2026-04-20 05:03:11,758,YieldMapper,Unable to answer 'What’s being grown here?' – Orchard – https://osm.org/way/200495134 via StreetComplete 57.1:  Nichts?  Attached photo(s): https://westnordost.de/p/202943.jpg,2,0,Unknown,
4164757,Deutschland,48.1369739,7.6573679,2024-03-23 00:00:00,2026-04-20 05:01:51,758,YieldMapper,"Veraltwt, Wege anders, kein Teich etc.  via StreetComplete 57.1  Attached photo(s): https://westnordost.de/p/202944.jpg https://westnordost.de/p/202945.jpg",2,0,Unknown,
4164759,Deutschland,48.1369805,7.6574023,2024-03-23 00:00:00,2026-04-20 05:01:38,758,YieldMapper,Neue Wege abgelaufen  via StreetComplete 57.1  GPS Trace: https://www.openstreetmap.org/user/YieldMapper/traces/11311115,2,0,Unknown,
5216352,Deutschland,53.8661800,10.7315670,2026-03-23 00:00:00,2026-04-20 04:59:02,28,Unknown,in diesem Bereich muss noch dem Ausbau überarbeitet werden,2,0,earthlogger,erledigt
5127478,Deutschland,54.1868089,9.0992814,2026-01-13 00:00:00,2026-04-20 01:27:15,97,Unknown,Struckweg sind 50 und nicht 30 Km/h erlaubt,2,0,wermak,Korrigiert.
5127476,Deutschland,54.1848187,9.0979993,2026-01-13 00:00:00,2026-04-20 01:27:06,97,Unknown,Gorch-Fock-Straße sind 50 und nicht 30 Km/h erlaubt,2,0,wermak,Korrigiert.
3907642,Deutschland,49.5557306,11.2208570,2023-09-25 00:00:00,2026-04-20 00:05:36,938,Eigmax66,Hier ist inzwischen Baustelle / Neubaugebiet o.ä. Genaue Abmessungen am Luftbild noch nicht zu erkennen.,8,0,Bobbi123,"Ich habe jetzt die ersten drei Gebäude dort eingezeichnet und das Wohn- bzw. Gewerbegebiet korrekt eingezeichnet sowie die Baustelle entfernt.  Damit schließe den Hinweis hier und weitere Gebäude kann man dann nach und nach eintragen, wenn sie gebaut wurden."
5250438,Deutschland,53.7516592,9.9234974,2026-04-14 00:00:00,2026-04-19 23:38:02,5,Zehpfau,This path is not available anymore. The connection between Richtweg and Bornholmer Kehre is closed with a fence.,2,0,kadiwa,Hast du nun eingetragen. Ich mach den Hinweis deswegen zu.
4579929,Deutschland,52.8310970,14.0402913,2025-01-07 00:00:00,2026-04-19 22:46:15,467,Unknown,"Ehemaliges NVA-Depot? Die Nationale Volksarmee (NVA) gibt es seit mehr als 34 Jahren nicht mehr. Ist dies aktuell immer noch ein aktives militärisches Sperrgebiet der Bundeswehr, dann bitte entsprechend umbenennen. Oder das Gelände wird gar nicht mehr genutzt, dann bitte anders als ein Militärgebiet darstellen. Danke",2,0,einufo,militärisches in Gewerbegebiet geändert
5189733,Deutschland,49.5860240,10.9947070,2026-03-04 00:00:00,2026-04-19 22:27:59,46,Unknown,Hier soll es wohl nun den Bäcker 'Brötchen Boss Duki' geben,4,0,Bobbi123,Ich habe die neue Bäckerei eben eingetragen. Hat bereits eröffnet.
4722610,Deutschland,52.8527888,13.9259153,2025-04-22 00:00:00,2026-04-19 22:25:17,362,ennomaper,'Symbol Anlegestelle fehlt' OSM snapshot date: 2025-02-27T10:33:49Z POI has no name POI types: man_made-pier  #organicmaps android,2,0,einufo,"mooring=cruise ergänzt. Ich hoffe, das du das meintest"
5196560,Deutschland,49.5930854,11.0108444,2026-03-08 00:00:00,2026-04-19 22:16:10,42,epigen108,Gebäude fehlt (Kita?)  via StreetComplete 63.0  Attached photo(s): https://streetcomplete.app/p/331192.jpg,3,0,Bobbi123,Ich habe die neue Kinderkrippe Hofmannstraße jetzt gemappt.
5256760,Deutschland,52.5073390,13.4649682,2026-04-19 00:00:00,2026-04-19 22:11:26,0,eserte,Die Ladestation ist nie in Betrieb gegangen und wurde letztendlich abgebaut: https://www.mapillary.com/app/?focus=photo&pKey=950312821055427&x=0.5069&y=0.4845&zoom=0.0000,2,0,Supaplex030,"Interessant, danke! Habe ich angepasst."
5256575,Deutschland,52.5281878,13.4577491,2026-04-19 00:00:00,2026-04-19 22:07:44,0,stitsch626-2,"'Dies ist kein Parkplatz. Der LKW Aufzug dient dazu LKWs in den Veranstaltungsbereich zu fahren. Das ist kein Parkplatz' The place has gone or never existed. A user of Organic Maps application has reported that the POI was visible on the map (see snapshot date below), but was not found on the ground. OSM snapshot date: 2026-04-04T03:36:32Z POI name: LKW/Bus POI types: amenity-parking_entrance  #organicmaps ios 2026.04.07-8-ios",2,0,Supaplex030,"Danke, habe ich angepasst."
5224507,Deutschland,49.5953931,11.0370955,2026-03-29 00:00:00,2026-04-19 22:07:20,21,KlausG,"Unable to answer 'This shop has been vacant. What’s here now?' – house number 102 – https://osm.org/node/718693163 via StreetComplete 63.0:  e-rife fremdsprachen, dokumentation, kommunikation",3,0,Bobbi123,Existiert wie gesagt schon lange nicht mehr. Ich habe das geschlossene Reisebüro gelöscht und im Nebengebäude Hs.Nr. 100 die neue Firma e-rife GmbH eingetragen.
2725908,Deutschland,52.8491618,13.9543936,2021-06-23 00:00:00,2026-04-19 22:06:17,1761,dviert,sollte m.M. nach water:lock sein,2,0,einufo,"Hallo dviert, danke für den Hinweis. Dort ist keine Schleuse, aber ein Wehr (welches ich jetzt ergänzt habe)."
5229803,Deutschland,52.5520560,13.2411300,2026-04-02 00:00:00,2026-04-19 22:03:43,17,Unknown,Buslinie 339 fehlt,2,0,Fumasu,hinzugefügt
5210729,Deutschland,48.0997508,11.6329765,2026-03-19 00:00:00,2026-04-19 21:58:39,31,Socke555,"ist das MVZ von Ottobrunn wirklich in Perlach? die Adresse, die man im Internet findet ist die Rosenheimer Straße in Ottobrunn.   #OsmAnd",4,1,Strubbl,Vielen Dank für's Korrigieren. habe den Hinweis erst jetzt gesehen.   Daher hier noch eine kurze Aufklärung: Hier war wohl tatsächlich mal eine Außenstelle vom MVZ: https://i.imgur.com/9V1GSwA.jpeg Das Foto ist von Juni 2021.
4927865,Deutschland,52.8219387,13.8632359,2025-08-24 00:00:00,2026-04-19 21:44:58,238,JFVal,Ein Waldweg mit Dead End.  via StreetComplete 61.1  GPS Trace: https://www.openstreetmap.org/user/JFVal/traces/12046913,2,0,einufo,"Danke für den Hinweis, Feld- und Waldweg eingezeichnet"
4207939,Deutschland,52.8121234,13.8325782,2024-04-21 00:00:00,2026-04-19 21:31:20,728,JFVal,Unable to answer 'What surface does this piece of road have?' – Track / Land-Access Road – https://osm.org/way/923166340 via StreetComplete 57.1:  Weg nicht mehr existent.  Attached photo(s): https://westnordost.de/p/208051.jpg,2,0,einufo,"Danke für den Hinweis, Weg gelöscht."
5176102,Deutschland,48.1488847,11.5455317,2026-02-21 00:00:00,2026-04-19 21:28:20,57,Quasimondo,In context of overlay 'Places' – Osteria mugolone (Italian Restaurant) – https://osm.org/node/315953299 via StreetComplete 62.2:  Ist seit einigen Wochen 'vorübergehend geschlossen'.,3,0,LaLinea,Danke für den Hinweis.  Temporäre Veränderugen werden in OSM nicht erfasst. Quelle:  https://wiki.osm.org/wiki/DE:Good_practice#Mappe_keine_vor%C3%BCbergehenden_Ereignisse_und_Objekte_tempor%C3%A4rer_Natur
5204444,Deutschland,53.5567790,10.0099880,2026-03-14 00:00:00,2026-04-19 21:20:10,36,L-Klitschi,Hier müsste ein neues Restaurant sein... https://www.goa-hamburg.de/ Bitte mal vor Ort prüfen  & eintragen. Gruss & Dank,2,0,Unknown,
3604771,Deutschland,52.8209572,13.8160333,2023-03-19 00:00:00,2026-04-19 21:16:59,1127,twiebke,Wegeverlauf  via StreetComplete 51.1  GPS Trace: https://www.openstreetmap.org/user/twiebke/traces/6719984,3,0,einufo,"Stimmt, passt gut."
4845218,Deutschland,52.8266270,13.8168420,2025-07-08 00:00:00,2026-04-19 21:12:49,285,Unknown,Kita-Platz,2,0,einufo,"Danke für den Hinweis, er ist . . .  für mich nicht deutbar."
4410533,Deutschland,52.8329059,13.8142600,2024-08-30 00:00:00,2026-04-19 21:09:29,597,orata,Unable to answer 'What are the opening hours here?' – Sportpoint Raasch (Sporting Goods Store) – https://osm.org/node/2988253305 via StreetComplete 58.2:  psychtherapeut  Attached photo(s): https://westnordost.de/p/236822.jpg,2,0,einufo,"Danke für den Hinweis, Sportgeschäft geschlossen, jetzt Psychotherapeut eingezeichnet."
4469908,Deutschland,49.4720840,9.9062190,2024-10-08 00:00:00,2026-04-19 21:09:23,558,Triplec85,Tanklager?,4,0,cuzi,"danke, eingetragen"
152107,Deutschland,47.7872102,8.4411907,2014-04-17 00:00:00,2026-04-19 21:07:19,4385,q_un_go,Genauer Name?,2,0,mcliquid,erledigt
155626,Deutschland,47.8281387,8.4344101,2014-04-22 00:00:00,2026-04-19 21:06:37,4380,q_un_go,In Wutachtal fehlen noch einige offizielle Straßennamen  http://regio-osm.de/listofstreets/evaluation?title=Wutach&country=Bundesrepublik%20Deutschland,4,0,mcliquid,Definitiv bereits erledigt
5099708,Deutschland,52.8336061,13.8204616,2025-12-21 00:00:00,2026-04-19 20:57:09,119,Juliane Roell,hier ist ein rechteckiger Brunnen  via StreetComplete 35.0,2,0,einufo,"Brunnen ergänzt, danke für den Hinweis."
5221397,Deutschland,53.6388371,10.3515244,2026-03-27 00:00:00,2026-04-19 20:55:39,23,Unknown,Die Adress wird nicht angezeigt.  Krütz 9 22955 Hoisdorf. Google Maps findet diese Adresse.,2,0,mbuege,"Der Hinweis scheint etwas verrutscht zu sein. Krütz 9 in Hoisdorf befindet sich ca. 2km nordswestlich. Aber egal, die Adresse ist jetzt drin und das Bestattungsunternehmen auch."
4747121,Deutschland,54.4338907,12.6980425,2025-05-07 00:00:00,2026-04-19 20:49:58,347,tinone,Unable to answer 'What’s the speed limit for this street?' – Weidenstraße (Residential Road) – https://osm.org/way/144868850 via StreetComplete 60.3:  Die Strecke ist aktuell gesperrt. Bis zum Deich.,7,0,jacobbraeutigam,Mittlerweile ist sie wieder nutzbar. Mit https://www.openstreetmap.org/changeset/181555041 geändert.
4757870,Deutschland,52.8320210,13.8184060,2025-05-14 00:00:00,2026-04-19 20:49:37,340,Unknown,"Falsche Adresse, am hausberg ist woandes.  Danke <3 !",2,0,einufo,Ich sehe keine Adresse des Parkhauses.
5257546,Deutschland,50.5814052,13.0017629,2026-04-19 00:00:00,2026-04-19 20:44:46,0,Unknown,"'Diese Postfilale in der Klosterstraße wurde geschlossen.' The place has gone or never existed. A user of Organic Maps application has reported that the POI was visible on the map (see snapshot date below), but was not found on the ground. OSM snapshot date: 2026-04-04T03:36:32Z POI has no name POI types: wheelchair-no amenity-post_office  #organicmaps android 2026.04.07-8-Google",2,0,Rhoon,disused*
5024330,Deutschland,52.8301134,13.8104153,2025-10-26 00:00:00,2026-04-19 20:42:53,175,Alir00,"Das Projekt möchte lieber 'Hausprojekt RUH' als Beschriftung haben, statt das aktuelle 'die RUH'. Leider gibt es für Hausprojekte noch keine Kategorie, aber wäre schön wenn zumindest das geändert werden könnte.",3,0,einufo,"Hallo Robot, hallo Alir,  Robot hat dem Wunsch des Projektes entsprochen und den Namen geändert. Damit ist der Hinweis erledigt."
5083552,Deutschland,48.1608686,11.5529914,2025-12-08 00:00:00,2026-04-19 20:42:23,132,mapper83059,In context of overlay 'Things' – Schulbusse (Tram & Bus Stop) – https://osm.org/node/13361529340 via StreetComplete 62.0:  Nur Schulbusse  Attached photo(s): https://streetcomplete.app/p/319318.jpg,2,0,LaLinea,Wurde von Ersteller des Hinweises selbst bereits geändert.
4834734,Deutschland,48.5378383,9.2878499,2025-07-02 00:00:00,2026-04-19 20:35:21,291,Metzor,"Wenn Luftbilder vorhanden, Hausumriss bitte verbessern",2,0,Metzor,
4949203,Deutschland,52.8356177,13.7900709,2025-09-06 00:00:00,2026-04-19 20:30:39,225,Rbdb,"Unable to answer 'Do you have to pay to park here?' – Parking Lot – https://osm.org/way/445704441 via StreetComplete 61.3:  Car wash, no parking space",2,0,einufo,"Danke für den Hinweis, in Waschanlage 'umgewandelt'"
2597855,Deutschland,52.2081227,13.5704715,2021-03-28 00:00:00,2026-04-19 20:28:18,1848,Megachip,4 wanderwege  via StreetComplete 31.0  Attached photo(s): https://westnordost.de/p/34601.jpg,9,0,streckenkundler,alle vier Wanderwege hier erfasst: https://hiking.waymarkedtrails.org/#?map=18.0/52.2087/13.5713
2622184,Deutschland,52.1958024,13.6235914,2021-04-14 00:00:00,2026-04-19 20:25:53,1831,Günthi,Unable to answer 'What is the name of this road?' for https://osm.org/way/257771792 via StreetComplete 31.1:  zählt mit zum Hofjagdweg. Kein Schild mit Straßenname.,4,0,streckenkundler,alles korrekt erfasst. Siehe auch https://www.openstreetmap.org/note/4195779
3749165,Deutschland,52.8307147,13.7540844,2023-06-24 00:00:00,2026-04-19 20:25:07,1030,guckuck,Stützpunkt Verkehrswacht,2,0,einufo,"Danke für den Hinweis, eingetragen."
126389,Deutschland,48.0163316,8.2209063,2014-02-28 00:00:00,2026-04-19 20:23:48,4433,osmtraveller,Dieses Wegstück war nicht getagged. Bitte den Weg vor Ort verifizieren!,2,0,mcliquid,Mittlerweile erledigt
2622187,Deutschland,52.1950701,13.6244732,2021-04-14 00:00:00,2026-04-19 20:23:40,1831,Günthi,Unable to answer 'What is the name of this road?' for https://osm.org/way/27702013 via StreetComplete 31.1:  Kein eineindeutiger Straßenname  Attached photo(s): https://westnordost.de/p/37308.jpg,9,0,streckenkundler,Siehe https://www.openstreetmap.org/note/4195779
4656533,Deutschland,52.1603181,13.6688483,2025-03-08 00:00:00,2026-04-19 20:14:49,407,Unknown,"nur Fußweg, keine Fahrradfahrer zugelassen",2,0,streckenkundler,stimmt nicht
5199415,Deutschland,48.1655064,11.5597178,2026-03-10 00:00:00,2026-04-19 20:11:57,40,kartenbazi,Unable to answer 'What kind of artwork is this?' – SchauRaum (Artwork) – https://osm.org/node/606539687 via StreetComplete 63.0:  Ausstellungsraum für wechselnde temporäre Ausstellungen von Künstlern aus dem Quartier. 'SchauRaum im Ackermannbogen' ackermannbogen-ev.de,2,0,LaLinea,Eigenschaften ergänzt:  https://osm.org/node/606539687
5198527,Deutschland,52.8303463,13.7621772,2026-03-09 00:00:00,2026-04-19 20:05:46,41,Bloxeh,The shop has been closed (disused).,2,0,einufo,"Stimmt, deutschepost.de führt die Filiale nicht mehr. Danke für Deinen Hinweis und willkommen bei osm. disused eingetragen"
4629309,Deutschland,50.5398680,11.9285180,2025-02-16 00:00:00,2026-04-19 19:56:23,427,‎lollipop,Abriss startet demnächst  https://www.freiepresse.de/vogtland/plauen/abbruch-von-muehltroffer-ruine-kann-beginnen-artikel13695038,2,0,vsandre,
5256785,Deutschland,49.4452778,9.5112285,2026-04-19 00:00:00,2026-04-19 19:53:31,0,Moepmoep,Fröschwiesen mit n hinten?  via StreetComplete_ee 61.1,2,0,Moepmoep,
4208390,Deutschland,52.8275944,13.7101718,2024-04-21 00:00:00,2026-04-19 19:53:24,728,Unknown,'Typo' OSM snapshot date: 2024-03-26T20:04:01Z POI has no name POI types: amenity-fuel  #organicmaps android,3,0,einufo,Was für ein anonymer Spaßvogel! Tippfehler in FlughaFen korrigiert
4848516,Deutschland,52.8453285,13.6959600,2025-07-10 00:00:00,2026-04-19 19:44:39,283,WebMacke,"Brückenneueröffnung hier? 2,5m breit für Fußgänger, Fahrradfahrer und Elektrokleinfahrzeuge https://bernau-live.de/nachrichten/neue-bruecke-ueber-den-finowkanal-in-finowfurt-eingeweiht",2,0,einufo,Brücke wurde neu gebaut Bearbeitet vor 9 Monaten von TheNoggin Änderungssatz #169055813
5221638,Deutschland,47.5548930,7.6608041,2026-03-27 00:00:00,2026-04-19 19:40:25,23,Nicetato,'Kein Trinkwasser' OSM snapshot date: 2026-03-07T17:53:41Z POI name: Brunnen POI types: man_made-water_well  #CoMaps ios 2026.03.09-18-ios,2,0,johsin18,eingetragen
5254098,Deutschland,51.0610103,13.6942078,2026-04-17 00:00:00,2026-04-19 19:40:15,2,Eisenspleiszer,"Unable to answer 'What type of barrier is this?' – Barrier (Unspecified Type) – https://osm.org/node/3688465283 via StreetComplete_ee 63.0:  kein Tor oder ähnliches, sondern nicht entfernbares Geländer  Attached photo(s): https://streetcomplete.app/p/339028.jpg",2,0,Eisenspleiszer,
5224457,Deutschland,47.5528488,7.6580541,2026-03-29 00:00:00,2026-04-19 19:39:50,21,Nicetato,"This place does not exist: 'Ist gestern Abend abgebrannt! Ist erstmal nichtmehr da.' A CoMaps user reported that the POI was visible on the map (see snapshot date below), but was not found on the ground. OSM snapshot date: 2026-03-07T17:53:41Z POI name: TEDi POI types: shop-variety_store  #CoMaps ios 2026.03.09-18-ios",2,0,johsin18,Habe die Öffnungszeiten erstmal auf Closed gesetzt.
4740898,Deutschland,47.5507241,7.6934767,2025-05-03 00:00:00,2026-04-19 19:39:30,351,Shaun das Schaf,In der Umgebung dieser Kreuzung befindet sich vermutlich ein Schwarzwaldverein-Wegweiser. Die genaue Position sowie der exakte Name sind vor Ort zu überprüfen (und die Höhenangabe).  Quelle: Wanderkarte,2,0,johsin18,erledigt
4740892,Deutschland,47.5464552,7.6914543,2025-05-03 00:00:00,2026-04-19 19:39:25,351,Shaun das Schaf,In der Umgebung dieser Kreuzung befindet sich vermutlich ein Schwarzwaldverein-Wegweiser. Die genaue Position sowie der exakte Name sind vor Ort zu überprüfen (und die Höhenangabe).  Quelle: Wanderkarte,2,0,johsin18,erledigt
5255330,Deutschland,52.4918660,13.3882060,2026-04-18 00:00:00,2026-04-19 19:33:27,1,Unknown,Republikanischer Anwältinnen- und Anwälteverein e.V.,2,0,Supaplex030,"Danke, habe ich ergänzt."
5254309,Deutschland,52.4351210,13.3898690,2026-04-17 00:00:00,2026-04-19 19:21:16,2,uwesinha,"Die Neubauzeile direkt am Mariendorfer Damm hat drei Aufgänge mit dem Hausnummern 187a, 189a und 191a",2,0,Supaplex030,"Danke, habe ich ergänzt."
5239145,Deutschland,51.9873293,9.8255095,2026-04-07 00:00:00,2026-04-19 19:12:32,12,Charles Kai,Unable to answer 'What are the opening hours here?' – Taj Mahal (Indian Restaurant) – https://osm.org/node/3306096458 via StreetComplete 63.0:  Jetzt Vinh Asia Neueröffnung,4,1,osmmapper222,siehe https://www.openstreetmap.org/note/5239145
5254288,Deutschland,51.9873293,9.8255095,2026-04-17 00:00:00,2026-04-19 19:11:57,2,Kabo13,Unable to answer 'What are the opening hours here?' – Taj Mahal (Indian Restaurant) – https://osm.org/node/3306096458 via StreetComplete 63.0:  W,2,0,osmmapper222,https://www.openstreetmap.org/note/5239145
5184619,Deutschland,52.2963594,8.0005735,2026-02-28 00:00:00,2026-04-19 19:11:32,50,des19er,Herr is a glass return point along an clothing recycling container  via StreetComplete 62.2  Attached photo(s): https://streetcomplete.app/p/329330.jpg,2,0,BB-plan,"Container wurde von N9713 eingetr., aber der Hinweis nicht geschlossen. Erl. & geschl."
5254287,Deutschland,51.9874415,9.8254518,2026-04-17 00:00:00,2026-04-19 19:10:18,2,Kabo13,Unable to answer 'What are the opening hours here?' – Altes Stadthaus (Cafe) – https://osm.org/node/3306110521 via StreetComplete 63.0:  Nicht mehr offen,2,0,osmmapper222,Das Café ist nun als geschlossen getaggt
5254265,Deutschland,52.4844039,13.3817339,2026-04-17 00:00:00,2026-04-19 19:08:13,2,uwesinha,"Kann man hieraus nur eine einzige Linie machen? Aktuell sind es vier, deswegen steht der Straßenname 'Mussehlstraße' jetzt viermal dort.",2,0,Supaplex030,"Nein, die Segmente tragen verschiedene Attribute zum straßenbegleitenden Parkraum, daher ist die Straße in der OSM-Datenbank in kürzere Stücke segmentiert. Das ist üblich in OSM, da sich viele Dinge (wie Oberflächen, Gehwege etc.) regelmäßig im Straßenverlauf ändern. Das Rendering von Straßennamen geschieht auf Seiten von Kartenanbietern (wie z. B. dem 'Carto-Standardstil' auf OSM.org) und ist in diesem Sinne kein Datenproblem. (Viele Kartenstile verzichten aus pragmatischen Gründen leider auf fortgeschrittene Verfahren zur Erzeugung von Kartenbeschriftungen, daher sehen sie oft nicht 'schön' aus.)"
5254292,Deutschland,51.9853712,9.8243224,2026-04-17 00:00:00,2026-04-19 19:08:10,2,Kabo13,Unable to answer 'What are the opening hours here?' – Rossmann (Drugstore) – https://osm.org/node/2083521683 via StreetComplete 63.0:  Neueröffnung ab 6. Juni,2,0,osmmapper222,Der  Rossmann wurde schon eingetragen / umgeändert: https://www.openstreetmap.org/node/2083521683
5254291,Deutschland,51.9859823,9.8243541,2026-04-17 00:00:00,2026-04-19 19:06:50,2,Kabo13,Unable to answer 'Are these opening hours still correct?' – Mobilcom Debitel (Mobile Phone Store) – https://osm.org/node/2083586220 via StreetComplete 63.0:  Dort ist jetzt ein freenet Laden,2,0,osmmapper222,ist aktualisiert
4355471,Deutschland,52.3102530,7.9427665,2024-07-28 00:00:00,2026-04-19 19:05:55,630,Unknown,hier befindet sich ein kleiner Pfad/Wirtschaftsweg (von der Straße 'Zum Attersee') bis hierhin,2,0,BB-plan,eingetr. & geschl.
4355475,Deutschland,52.3103284,7.9427397,2024-07-28 00:00:00,2026-04-19 19:05:38,630,Unknown,kleine Brücke / Wirtschaftsweg wahrscheinlich für Traktoren zum Bewirtschaften,2,0,BB-plan,eingetr. & geschl.
5255628,Deutschland,52.3781950,9.8061646,2026-04-18 00:00:00,2026-04-19 19:05:25,1,civ2mapper,Unable to answer 'Is this also here outside of winter?' – Grit Bin – https://osm.org/node/345279663 via StreetComplete_ee 63.0:  Nicht gefunden,2,0,osmmapper222,ist ausgetragen
4924987,Deutschland,52.3257535,13.2831037,2025-08-23 00:00:00,2026-04-19 19:03:22,239,Unknown,Bitte mal nachsehen ob schon was dran steht (Eichspitze Nord ?),4,0,Christopher,Haltestellen haben aktuell keinen Namen und sind nicht im regulären Fahrplan. Sollte bei Aufnahme im Fahrplan dann einfach bei der Linienerfassung mit nachgetragen werden.
4924988,Deutschland,52.3221306,13.2832807,2025-08-23 00:00:00,2026-04-19 19:03:17,239,Unknown,Bitte mal nachsehen ob schon was dran steht,3,0,Christopher,Haltestellen haben aktuell keinen Namen und sind nicht im regulären Fahrplan. Sollte bei Aufnahme im Fahrplan dann einfach bei der Linienerfassung mit nachgetragen werden.
4975861,Deutschland,52.3221290,13.2832860,2025-09-23 00:00:00,2026-04-19 19:03:02,208,Unknown,Haltestelle hat den Namen Eichspitze Nord laut Informationen der Deutschen Bahn. Bus SEV RE3A bzw RE4A halten dort ab dem 24.09.25.,2,0,Christopher,Haltestellen haben aktuell keinen Namen und sind nicht im regulären Fahrplan. Sollte bei Aufnahme im Fahrplan dann einfach bei der Linienerfassung mit nachgetragen werden.
5253694,Deutschland,52.4515690,13.4285420,2026-04-17 00:00:00,2026-04-19 18:46:12,2,Unknown,"BSR Recyclinghof Plus. Annahme von Gebrauchtwaren, Sperrmüll, Schadstoffen. Verkauf Kompost.  Geöffnet täglich außer Sonntags 7:00-19:00 https://www.bsr.de/recyclinghoefe-berlin  #OsmAnd",2,0,Supaplex030,Der Recyclinghof ist genau südlich von dieser Halle bereits in OSM. Ich habe einige Details zu den recyclebaren Stoffen und die Bezeichnung 'Recyclinghof Plus' angepasst. Die genauen Standorte zur Entsorgung der einzelnen Stoffe innerhalb des Recyclinghofes sind in OSM sogar erfasst.
4974724,Deutschland,53.8476690,10.6925510,2025-09-22 00:00:00,2026-04-19 18:44:04,209,Unknown,Zwischenteil zwischen 50 und 52 Abriss dann Neubau. Gehweg etwas Richtung 42 verlegt.,2,0,earthlogger,erledigt
5240591,Deutschland,51.0643927,13.7492382,2026-04-08 00:00:00,2026-04-19 18:41:29,11,KayGee14774,"'Diese Kneipe existiert nicht mehr, wurde ersetzt durch ein sehr gutes, bezahlbares, vegetarisches Restaurant. Ich wollte die Informationen aktualisieren, kann aber die Kategorie 'Kneipe' nicht auf' Restaurant' ändern.  Anwender- oder App-fehler?' OSM snapshot date: 2025-08-08T13:08:07Z POI name: Route 66 POI types: wheelchair-no amenity-pub  #organicmaps android 2026.03.11-12-Google",2,0,flappiegrrr,so wie ich das sehen kann wurde das gelöst
5256801,Deutschland,50.7793082,6.0806574,2026-04-19 00:00:00,2026-04-19 18:37:31,0,Kalkulixi,Adressen teils mehrfach pro Gebäude: redundant!  via StreetComplete 63.0,4,0,aixbrick,"Der Node ist ein, derzeit geschlossenes, Restaurant ('disused:amenity=restaurant'). Da hier die Adressdaten nicht gelöscht wurden, werden diese zusätzlich zur Hausadresse noch angezeigt. Das ist lediglich ein 'kosmetisches' Problem."
5256949,Deutschland,50.7695940,7.0381791,2026-04-19 00:00:00,2026-04-19 18:35:24,0,Jan2Paul,Unable to answer 'What kind of building is this?' – Building – https://osm.org/way/369338471 via StreetComplete 63.0:  Ist der Eingang von Haus  18,2,0,TG-map4,
5256563,Deutschland,50.7814255,6.9989562,2026-04-19 00:00:00,2026-04-19 18:35:06,0,redrace,03-032 SU 112,2,0,TG-map4,was already added 2 years ago by yourself: https://www.openstreetmap.org/node/11455586964/
5255970,Deutschland,50.5433931,7.0745808,2026-04-18 00:00:00,2026-04-19 18:34:13,1,limes11,Vor Ort prüfen: Das sind zu viele hw=tracks auf engem Raum. Wird so nicht korrekt sein,2,0,TG-map4,"I overhauled the area. But there are a lot of ways, that is OK. I just tried to refine them better"
5253484,Deutschland,52.5289181,13.4560834,2026-04-17 00:00:00,2026-04-19 18:30:18,2,Unknown,Haema GmbH statt AG,2,0,Supaplex030,"Danke, habe ich korrigiert."
5257476,Deutschland,51.5334094,9.9315602,2026-04-19 00:00:00,2026-04-19 18:30:17,0,Unknown,Cielo  #OsmAnd,2,0,jengelh,
5256048,Deutschland,50.5462259,7.1373097,2026-04-18 00:00:00,2026-04-19 18:26:24,1,limes11,Hier sollte das Rudelversum sein. Wo ist China-Thai ? Weg ? Nebenan ?,2,0,TG-map4,"yes. China-Thai is next to it. The house is wide. In the middle is an arch pathway. On the left is Rudelversum, on the right is China-Thai. Added."
5256533,Deutschland,52.7991213,8.6260828,2026-04-19 00:00:00,2026-04-19 18:17:02,0,Kaidka,"'EVSE-ID: DE*ISE*E0022820  Type 2 | max. 22,00 kW Ladepunktsteckertyp: Type 2 Maximale Ladeleistung: 22,00 kW  Zwei Parkplätze Zwei Ladestecker ohne Ladekabel Preis 0,84 €/kWh + 0,03 €/Min. nach 240 Min.  inkl. 19 % USt.  Zahlungsmethoden Kreditkarte (Visa/Mastercard) PayPal Apple Pay Google Pay' OSM snapshot date: 2026-04-05T19:23:11Z POI has no name POI types: amenity-charging_station  #CoMaps ios 2026.04.07-8-ios",2,0,map per,"Danke, hab die Details eingetragen"
5256261,Deutschland,50.6401704,6.8738633,2026-04-19 00:00:00,2026-04-19 18:15:56,0,Unknown,Brücke und Wege sind nicht mehr vorhanden. Die Flut 2021 hat großräumige Veränderungen hergestellt.,2,0,Euskirchener,"erledigt, habe das Gebiet in großen Teilen überarbeitet. Wenn du mehr Verbesserungen im Detail sehen willst, gerne Konto erstellen und selber mappen! Das ganze ist ja nicht seit gestern so, keine Ahnung warum mal wieder tagelang nichts und dann genau in meinem Urlaub hier wieder Notes erstellt werden ..."
5090851,Deutschland,51.6062085,6.5176245,2025-12-14 00:00:00,2026-04-19 18:13:23,126,Manfred2,Unable to answer 'What’s the name of this place?' – Dentist – https://osm.org/node/369009940 via StreetComplete 62.0:  Kindertagespflege Schatzinsel,2,0,geomaniX,Istvauf disused gesetzt.
5256644,Deutschland,52.7426104,8.3147452,2026-04-19 00:00:00,2026-04-19 18:13:10,0,Kaidka,"'Ein Parkplatz mit einer Lademöglichkeit ohne Ladekabel.  EVSEID: DE WWV E002201  Kosten ADHOC-Tarif Vorgangspauschale AC/DC Kosten je kWh AC Kosten je kWh DC 0,90 €' 0,54 € 0,64 €* Service- und Notfallnummer: Tel. (04 44 1) 92 85-99** Wasser Werk' OSM snapshot date: 2026-04-05T19:23:11Z POI has no name POI types: amenity-charging_station  #CoMaps ios 2026.04.07-8-ios",2,0,map per,"Danke, hab die EVSE eingetragen"
3564133,Deutschland,48.6385899,9.0116628,2023-02-18 00:00:00,2026-04-19 17:50:27,1156,Hirnchirurg,Petticoat (in der Hausnummer 18 befindet sich der Outlet)  via StreetComplete 51.0  Attached photo(s): https://westnordost.de/p/132796.jpg,2,0,CLU_less,"Servus Hirnchurg,  sollte jetzt beides korrigiert sein: https://www.openstreetmap.org/node/4454632889/history https://www.openstreetmap.org/node/13743270675/  Gerne weitere Details ergänzen. Grüße  CLU_less"
4402353,Deutschland,52.6558800,13.5548440,2024-08-25 00:00:00,2026-04-19 17:47:45,602,eserte,Südlich der Beethovenstraße liegt kein Asphalt: https://www.mapillary.com/app/?lat=52.655940419112&lng=13.554971152929&z=17.42669820869369&pKey=1270846210463759&focus=photo,3,0,eserte,Wurde anscheinend mit https://www.openstreetmap.org/changeset/159081059 korrigiert.
5257211,Deutschland,50.9148458,7.1250802,2026-04-19 00:00:00,2026-04-19 17:46:20,0,danr64738,"Furt Hier ist keine Brücke, jedoch eine Furt durch den Giesbach. Das sollte man geeignet in der Datenbank eintragen.  via StreetComplete 63.0  Attached photo(s): https://streetcomplete.app/p/339503.jpg",2,0,hsc666,genau so seit 2021 eingetragen
5253773,Deutschland,51.3465970,12.3805590,2026-04-17 00:00:00,2026-04-19 17:28:17,2,Xen Seiler,"Ökumenische Bahnhofsmission Leipzig kostenloses Hilfesystem, Verständigungshilfe, Reisehilfe, Notunterkunft, Hilfe in Notsituationen",2,0,Bastianowitz,überarbeitet
5257382,Deutschland,51.0572864,6.2257565,2026-04-19 00:00:00,2026-04-19 17:22:23,0,The Invisible Freak,Trafostation 0364 HÜK Rauhutstr.  via StreetComplete 63.0  Attached photo(s): https://streetcomplete.app/p/339547.jpg,2,0,The Invisible Freak,
5257381,Deutschland,51.0577336,6.2296682,2026-04-19 00:00:00,2026-04-19 17:21:01,0,The Invisible Freak,Trafostation 200354 HÜK Im Drees  via StreetComplete 63.0  Attached photo(s): https://streetcomplete.app/p/339546.jpg,2,0,The Invisible Freak,
5016818,Deutschland,51.0481610,13.7188819,2025-10-21 00:00:00,2026-04-19 17:20:59,180,blackfisch,"Unable to answer 'How does this path cross the barrier here?' – https://osm.org/node/4035687804 via StreetComplete 61.3:  Steinmauer und Gebüsch, kein Durchgang",3,0,h_i_,"Das Tor wurde vor ein paar Monaten entfernt (habe den Änderungssatz nun kommentiert). Da es vorhanden (aber abgeschlossen) ist, habe ich es wieder hinzugefügt. https://www.openstreetmap.org/changeset/181548504"
5257380,Deutschland,51.0548576,6.2300553,2026-04-19 00:00:00,2026-04-19 17:19:13,0,The Invisible Freak,Trafostation 200946 HÜK Am Lieberg 9  via StreetComplete 63.0  Attached photo(s): https://streetcomplete.app/p/339545.jpg,2,0,The Invisible Freak,
5257427,Deutschland,52.6476560,12.4267897,2026-04-19 00:00:00,2026-04-19 17:17:42,0,Unknown,Dieses Gebäude hat die Hausnummer 22A,2,0,Unknown,
5257430,Deutschland,52.6477732,12.4266073,2026-04-19 00:00:00,2026-04-19 17:17:16,0,Unknown,Diese Gebäude hat die Hausnummer 22,2,0,Unknown,
5257379,Deutschland,51.0531088,6.2335016,2026-04-19 00:00:00,2026-04-19 17:16:14,0,The Invisible Freak,Trafostation 0301 HÜK Lieberg/Tetz  via StreetComplete 63.0  Attached photo(s): https://streetcomplete.app/p/339544.jpg,2,0,The Invisible Freak,
5257376,Deutschland,51.0523777,6.2451783,2026-04-19 00:00:00,2026-04-19 17:14:21,0,The Invisible Freak,Erdgasanlage 214208 Junkerstr.  via StreetComplete 63.0  Attached photo(s): https://streetcomplete.app/p/339539.jpg,2,0,The Invisible Freak,
5165114,Deutschland,52.2592629,11.5721279,2026-02-12 00:00:00,2026-04-19 17:13:16,66,Unknown,Teuber safe-concept Sicherheitstechnik www.teuber-safeconcept.de Telefon: 0176 43334379,2,0,BRCKD,erl mit Change https://www.openstreetmap.org/changeset/181548318
5257378,Deutschland,51.0498896,6.2458208,2026-04-19 00:00:00,2026-04-19 17:12:25,0,The Invisible Freak,Trafostation 0299 DOV Friedhof  via StreetComplete 63.0  Attached photo(s): https://streetcomplete.app/p/339543.jpg,2,0,The Invisible Freak,
5017739,Deutschland,47.7787034,12.0118332,2025-10-22 00:00:00,2026-04-19 17:10:03,179,Unknown,"Bus 349 A+B fährt über diese Str. zur haltstelle feilnbach, rathhaus, nicht úber die Kufsteiner Str.  https://www.openstreetmap.org/relation/13200139#map=15/47.77758/12.01334&layers=N  Ihre ARGE Wendelsteinringlinie",3,0,Kontinentalverschieber,Erledigt in Changeset #181548134
5257375,Deutschland,51.0500501,6.2549997,2026-04-19 00:00:00,2026-04-19 17:09:36,0,The Invisible Freak,Trafostation 0309 DOV Am Sanderbusch  via StreetComplete 63.0  Attached photo(s): https://streetcomplete.app/p/339538.jpg,2,0,The Invisible Freak,
5257371,Deutschland,51.0501089,6.2941413,2026-04-19 00:00:00,2026-04-19 17:07:52,0,The Invisible Freak,Trafostation 0269 GRA Toth  via StreetComplete 63.0  Attached photo(s): https://streetcomplete.app/p/339532.jpg,2,0,The Invisible Freak,
5257372,Deutschland,51.0504261,6.2967472,2026-04-19 00:00:00,2026-04-19 17:06:46,0,The Invisible Freak,Trafostation 200268 Am Kreuz 13  via StreetComplete 63.0  Attached photo(s): https://streetcomplete.app/p/339533.jpg,2,0,The Invisible Freak,
5257369,Deutschland,51.0564939,6.2926652,2026-04-19 00:00:00,2026-04-19 17:05:03,0,The Invisible Freak,Trafostation 264 Heerstr.8  via StreetComplete 63.0  Attached photo(s): https://streetcomplete.app/p/339529.jpg,2,0,The Invisible Freak,
5257368,Deutschland,51.0741938,6.3110581,2026-04-19 00:00:00,2026-04-19 16:59:43,0,The Invisible Freak,Trafostation 0869 ERK Am Schneller 21  via StreetComplete 63.0  Attached photo(s): https://streetcomplete.app/p/339528.jpg,2,0,The Invisible Freak,
5257367,Deutschland,51.0756458,6.3122422,2026-04-19 00:00:00,2026-04-19 16:58:16,0,The Invisible Freak,Trafostation 201124 Am Schneller (7)  via StreetComplete 63.0  Attached photo(s): https://streetcomplete.app/p/339527.jpg,2,0,The Invisible Freak,
5257366,Deutschland,51.0844233,6.3191471,2026-04-19 00:00:00,2026-04-19 16:55:49,0,The Invisible Freak,Trafostation 201117 Anton-Heinen-Str. 44  via StreetComplete 63.0  Attached photo(s): https://streetcomplete.app/p/339526.jpg,2,0,The Invisible Freak,
5248361,Deutschland,48.7073890,8.9923100,2026-04-13 00:00:00,2026-04-19 16:15:26,6,Unknown,Bei dieser Einfahrt ist mit dem Ausbau der neuen Fahrradstraße in der Lindenstraße seit neustem die Durchfahrt von der Fronäckerstraße verboten.,2,0,Till_btn,Ist durch 'vehicle=destination' passend abgebildet
5248275,Deutschland,48.7688038,11.3863722,2026-04-13 00:00:00,2026-04-19 16:08:50,6,santon,Adam-Smith-Straße müsste Fahrradstraße sein (bicycle_road=yes),2,0,Till_btn,Tagging vervollständigt: https://www.osm.org/changeset/181545678
5210634,Deutschland,51.3497299,7.5691348,2026-03-19 00:00:00,2026-04-19 15:51:23,31,Unknown,Cafe am Markt heißt jetzt casantonio,2,0,UNO,Wurde bereits erledigt.
5256542,Deutschland,50.5645364,13.0089980,2026-04-19 00:00:00,2026-04-19 15:29:00,0,Unknown,Dieser Teil der Straße (von Bärensteiner Straße bis zum Abzweig des Teilstücks Himmlisch-Heer-Str. bis zur Dreibrüderstraße) heißt ebenfalls die Himmlisch-Heer-Straße. Spatweg heißt nur der Teil von der Himmlisch-Heer-Str. bis zur Glück-Auf-Straße (zwischen der hier gezeigten Hausnummer 14 und Hausnummer 23).,2,0,Rhoon,korrigiert
5254039,Deutschland,48.3107504,11.9177615,2026-04-17 00:00:00,2026-04-19 15:25:46,2,Xoucla,"'Le magasin Aldi est définitivement fermé. Validé ce vendredi 27 avril 2026' The place has gone or never existed. A user of Organic Maps application has reported that the POI was visible on the map (see snapshot date below), but was not found on the ground. OSM snapshot date: 2026-03-10T00:09:11Z POI name: ALDI Süd POI types: shop-supermarket  #organicmaps android 2026.04.07-8-Google",4,1,Wegeschlenzer,"Das Gebäude bleibt bestehen (was not found on the ground...?), wird aber wegen Renovierung bis ca. Ende 2026 geschlossen sein."
4880277,Deutschland,50.9768756,10.3258925,2025-07-28 00:00:00,2026-04-19 15:14:23,265,Senihtu,"Die Schillerstraße ist als Einbahnstraße in Richtung (Bus-)Bahnhof getaggt. Dennoch führen hier mehrere Buslinienrelationen durch, die vom Bahnhof kommen. Fehlt hier ein oneway:bus=no oder ist der Weg der Buslinien falsch? Kann sich das mal jemand ansehen, der sich vor Ort auskennt?",4,0,Senihtu,Danke! habs eingetragen Änderungssatz: 181542973
5257158,Deutschland,53.6497663,10.0172742,2026-04-19 00:00:00,2026-04-19 15:12:29,0,Kangis,"'Hier ist jetzt ein Lebensmittelgeschäft,  'Kaya Frischemarkt'' OSM snapshot date: 2026-04-05T19:23:11Z POI has no name POI types: disusedbusiness  #CoMaps android 2026.04.07-8-FDroid",2,0,Kangis,
5257123,Deutschland,50.1219120,8.7075918,2026-04-19 00:00:00,2026-04-19 15:09:53,0,ironspock,Unable to answer 'Are the opening hours here signed?' – Atelier für Fotografie Manjit Jari (Photographer) – https://osm.org/node/2627698766 via StreetComplete 63.0:  Siehe Foto  Attached photo(s): https://streetcomplete.app/p/339493.jpg,2,0,ironspock,aktualisiert
5252156,Deutschland,51.2010180,6.7034060,2026-04-16 00:00:00,2026-04-19 14:59:35,3,Znaika,Ich habe hier keinen Zaun beim Vorbeifahren gesehen. Wie wird der kostenpflichtige Zugang zu LAGA an der Stelle geregelt?,2,0,rempshaener,nur Notausgang
5141042,Deutschland,52.4856518,10.5268443,2026-01-24 00:00:00,2026-04-19 14:53:00,85,SimonHarms,Ab dem 2. Februar wird der Abschnitt von der Celler Straße bis zur Brückenunterführung zur Einbahnstraße.  https://www.stadt-gifhorn.de/leben-in-gifhorn?tx_news_pi1%5Baction%5D=detail&tx_news_pi1%5Bcontroller%5D=News&tx_news_pi1%5Bnews%5D=2278&cHash=a169ae4497a2f2f379544c373820bb2c,3,0,zut,Ist Einbahnstraße
5223482,Deutschland,50.0610201,9.6774799,2026-03-28 00:00:00,2026-04-19 14:50:08,22,Unknown,"Existiert scheinbar nicht mehr, sieht sehr geschlossen aus (leer geräumt, keine Schilder mehr,...)  #OsmAnd",2,0,matze089,eingetragen 4/26
5091441,Deutschland,50.0610023,9.6774692,2025-12-14 00:00:00,2026-04-19 14:49:27,126,_Pancake_,"'Filiale an dieser Stelle wurde geschlossen ' The place has gone or never existed. A user of Organic Maps application has reported that the POI was visible on the map (see snapshot date below), but was not found on the ground. OSM snapshot date: 2025-11-23T18:39:39Z POI name: Lidl POI types: building wheelchair-limited shop-supermarket  #organicmaps ios 2025.11.26-5-ios",2,0,matze089,Lidl umgezogen. eingetragen 4/26
5019336,Deutschland,54.1351093,12.0041272,2025-10-23 00:00:00,2026-04-19 14:44:25,178,Unknown,Hier muss noch der neue Wanderweg eingetragen werden.,3,0,Protoxenus,
5251131,Deutschland,53.3620654,13.0636859,2026-04-15 00:00:00,2026-04-19 14:44:15,4,Unknown,In der Strelitzer Str. 55 gibt es das Umzugsunternehmen Busse nicht mehr. Ab 20.4.26 ist dort der Weltladen drin.,5,1,Protoxenus,Hier ist ein Wanderweg kartiert.
5200700,Deutschland,49.5053474,11.7527826,2026-03-11 00:00:00,2026-04-19 14:36:06,39,DualComplete,Unable to answer 'Does this crosswalk have tactile paving on both ends?' – Unmarked Crossing – https://osm.org/node/1677985284 via StreetComplete 63.0:  Überweg nicht existent!,2,0,DualComplete,
5254001,Deutschland,52.5092522,13.4039371,2026-04-17 00:00:00,2026-04-19 14:31:01,2,uvi,Durchgang privat   #OsmAnd,2,0,uvi,
5254711,Deutschland,52.5088091,13.4027693,2026-04-18 00:00:00,2026-04-19 14:30:56,1,Unknown,verschlossenes Tor   #OsmAnd,2,0,uvi,
5254710,Deutschland,52.5090956,13.4040440,2026-04-18 00:00:00,2026-04-19 14:30:50,1,Unknown,keine Baustelle mehr   #OsmAnd,2,0,uvi,
5254712,Deutschland,52.5092691,13.4040003,2026-04-18 00:00:00,2026-04-19 14:30:34,1,Unknown,Tor verschlossen   #OsmAnd,2,0,uvi,
5253971,Deutschland,53.9000516,13.7364718,2026-04-17 00:00:00,2026-04-19 14:24:34,2,Tuiui,Sports pitch  via StreetComplete 63.0,2,0,Tuiui,added
5252953,Deutschland,51.1990740,6.7105090,2026-04-16 00:00:00,2026-04-19 14:16:03,3,Znaika,Halteplatz für Reisebusse???,2,0,Znaika,"Dann ist es wohl geklärt. https://www.openstreetmap.org/way/1501078122 Danke, rempshaener"
5257070,Deutschland,51.5421181,13.5345984,2026-04-19 00:00:00,2026-04-19 14:15:38,0,Unknown,"Der ehemals asphaltierte Weg durch den Naturpark ist ab hier in Richtung Hohenleipisch zerstört, der Asphalt abgetragen worden und durch den lockeren Sand mit quer liegenden gefällten und umgestürzten Bäumen für Radfahrer auf eine Strecke von ca. 1 km völlig unpassierbar",2,0,Unknown,
5040925,Deutschland,52.4321837,12.9123183,2025-11-06 00:00:00,2026-04-19 14:15:24,164,Kermadec,Physio Kids Praxis f Physiotherapie Inh. Josefine Sattler  via StreetComplete 61.3  Attached photo(s): https://streetcomplete.app/p/314855.jpg,2,0,pruritus,erledigt; Eintrag erstellt
5223872,Deutschland,50.9816220,7.0245459,2026-03-29 00:00:00,2026-04-19 14:15:20,21,Eleion,'Place was closed and reopened after renovation under a new tennant' OSM snapshot date: 2026-03-10T00:09:11Z POI name: Anatolia Backhaus & Pizza POI types: amenity-fast_food cuisine-pizza cuisine-turkish  #organicmaps ios 2026.03.11-12-ios,2,0,DemolitionAlley,
5257030,Deutschland,51.5390085,13.5427523,2026-04-19 00:00:00,2026-04-19 14:06:27,0,Unknown,"Der ehemals asphaltierte Weg durch den Naturpark ist ab hier in Richtung Hohenleipisch durch  provisorische Holzgitter gesperrt, der Asphalt abgetragen worden und durch den  lockeren Sand mit quer liegenden gefällten und umgestürzten Bäumen für Radfahrer auf eine Strecke von ca. 1 km völlig unpassierbar",2,0,Unknown,
5257056,Deutschland,51.5168850,13.5464054,2026-04-19 00:00:00,2026-04-19 14:06:06,0,Unknown,"Der ehemals asphaltierte Weg durch den Naturpark ist ab hier in Richtung  Friedersdorf durch provisorische Holzgitter gesperrt, der Asphalt abgetragen worden und durch den lockeren Sand mit quer liegenden gefällten und umgestürzten Bäumen für Radfahrer auf eine Strecke von ca. 1 km völlig unpassierbar",2,0,Unknown,
3776479,Deutschland,50.8248677,7.8794557,2023-07-12 00:00:00,2026-04-19 13:43:23,1012,Matyjace,"Forwarding anonymous report from #Mapy.cz user, please verify: Der Weg ist gesperrt.",2,0,Steverx,
5254073,Deutschland,51.0577485,6.2706067,2026-04-17 00:00:00,2026-04-19 13:39:02,2,The Invisible Freak,Unable to answer 'Are these opening hours still correct?' – Kiosk Steffens (Kiosk) – https://osm.org/node/6738463462 via StreetComplete 63.0:  Wohnhaus,2,0,tux67,erl
5254072,Deutschland,51.0577579,6.2706563,2026-04-17 00:00:00,2026-04-19 13:38:04,2,The Invisible Freak,Unable to answer 'Are these opening hours still correct?' – DHL (Post Office) – https://osm.org/node/6738463463 via StreetComplete 63.0:  Wohnhaus,2,0,tux67,erl.
5254088,Deutschland,51.1158811,6.4135800,2026-04-17 00:00:00,2026-04-19 13:37:00,2,The Invisible Freak,Hier fehlt noch ein Stück des Wegs und eine Treppe mit neun Stufen  via StreetComplete 63.0  Attached photo(s): https://streetcomplete.app/p/339017.jpg https://streetcomplete.app/p/339018.jpg  GPS Trace: https://www.openstreetmap.org/user/The%20Invisible%20Freak/traces/12297502,2,0,tux67,erl
5256969,Deutschland,51.6091568,7.3932699,2026-04-19 00:00:00,2026-04-19 13:35:34,0,Panda 320,Bäckerei Geiping https://www.geiping.de/filialen/waltrop/am-herdicksbach-3-waltrop/  via StreetComplete 63.0,2,0,Panda 320,
5254074,Deutschland,51.0567302,6.2705612,2026-04-17 00:00:00,2026-04-19 13:34:53,2,The Invisible Freak,Hier ist kein Durchgang  via StreetComplete 63.0  Attached photo(s): https://streetcomplete.app/p/339007.jpg,2,0,tux67,erl
5254094,Deutschland,51.0903286,6.3720610,2026-04-17 00:00:00,2026-04-19 13:32:19,2,The Invisible Freak,entfernbarer Poller  via StreetComplete 63.0  Attached photo(s): https://streetcomplete.app/p/339024.jpg https://streetcomplete.app/p/339025.jpg,2,0,tux67,erl.
5255895,Deutschland,52.1009832,10.3867339,2026-04-18 00:00:00,2026-04-19 13:23:10,1,Langlaeufer,Hier fehlt ein asphaltierten aber versperrt Weg  via StreetComplete_ee 63.0,2,0,Langlaeufer,Erledigt
3109442,Deutschland,50.6415356,7.1816027,2022-03-29 00:00:00,2026-04-19 13:13:43,1482,Unknown,Das Hotel schließt im Juni 2022 und wird wohl eine Seniorenresidenz.  https://ga.de/region/voreifel-und-vorgebirge/wachtberg/seniorenresidenz-statt-hotel-hotel-dahl-in-niederbachem-schliesst_aid-67574509,6,0,limes11,"Weiterhin kein Fortschritt, hier gibt es seit langer Zeit keine Aktivitäten. Ich schließe den Hinweis jetzt erstmal, bevor er noch 4 Jahre offen bleibt"
5256938,Deutschland,53.2428494,13.3919418,2026-04-19 00:00:00,2026-04-19 13:04:38,0,stadtplandienst,Biergarten  #LocusMap,2,0,stadtplandienst,Ergänzt
4804028,Deutschland,47.5704920,11.0964180,2025-06-13 00:00:00,2026-04-19 13:00:09,310,Unknown,"Weg gesperrt, privat, nicht durch das weidetor sondern außenrum an der klostermauer entlang zur Käserei und dann nach oben",3,0,martinst,"Vor Ort ist keine einschränkende Beschilderung oder Sperrung vorhanden, siehe Foto."
5244984,Deutschland,48.6284556,12.4979219,2026-04-11 00:00:00,2026-04-19 12:52:06,8,Unknown,Hier: Dr. Petra Loibl MdL Abgeordnetenbüro. https://www.petra-loibl.de/1_kontakt_Nehmen-Sie-mit-uns-Kontakt-auf.html,2,0,schoka,eingetragen
5244999,Deutschland,48.6284290,12.4979943,2026-04-11 00:00:00,2026-04-19 12:49:18,8,Unknown,Hier: FreiwilligenAgentur Dingolfing-Landau e.V. https://fwa-dingolfing-landau.de/ Büro und sozialer Treffpunkt mit verschiedenen Angeboten,2,0,schoka,eingetragen
5244976,Deutschland,48.6284112,12.4980372,2026-04-11 00:00:00,2026-04-19 12:47:00,8,Unknown,Geschäftsstelle ist seit einiger Zeit in den Marienplatzinnenhof umgezogen. https://dingolfing-landau.bund-naturschutz.de/kontaktegeschaeftsstelle,2,0,schoka,BN umgezogen
5256790,Deutschland,48.1891348,11.4265072,2026-04-19 00:00:00,2026-04-19 12:44:20,0,The_Nickname,Unable to answer 'How is this power line attached?' – Power Pole – https://osm.org/node/4121996790 via StreetComplete 63.0:  Keine Verbindung von dem Master vor. Nicht von der Straße aus sichtbar.  Attached photo(s): https://streetcomplete.app/p/339419.jpg,2,0,The_Nickname,"Zumindest die erste Verbindung entfernt, bei den anderen weiß ich es nicht: https://www.openstreetmap.org/changeset/181536350"
5150481,Deutschland,49.4896116,8.1398795,2026-02-01 00:00:00,2026-04-19 12:43:16,77,SanidinKhe,"Pfad, Oberfläche Waldboden  via StreetComplete 62.2  Attached photo(s): https://streetcomplete.app/p/326017.jpg  GPS Trace: https://www.openstreetmap.org/user/SanidinKhe/traces/12182639",2,0,cuzi,eingetragen
5150443,Deutschland,49.4882377,8.1393948,2026-02-01 00:00:00,2026-04-19 12:41:45,77,SanidinKhe,Kleingarten mit Adresse 'Im Tal 5'  via StreetComplete 62.2  Attached photo(s): https://streetcomplete.app/p/325990.jpg https://streetcomplete.app/p/325991.jpg https://streetcomplete.app/p/325992.jpg,2,0,cuzi,eingetragen
5213505,Deutschland,48.6324495,12.5031817,2026-03-21 00:00:00,2026-04-19 12:39:20,29,Unknown,Hier sind auch Parkplätze.,2,0,schoka,Parkfläche erweitert
5150413,Deutschland,49.4890704,8.1414812,2026-02-01 00:00:00,2026-04-19 12:34:42,77,SanidinKhe,"Quelle,  via StreetComplete 62.2  Attached photo(s): https://streetcomplete.app/p/325985.jpg https://streetcomplete.app/p/325986.jpg",2,0,cuzi,eingetragen
5194588,Deutschland,48.1174180,11.6273346,2026-03-07 00:00:00,2026-04-19 12:33:57,43,merrykju,"'Kiosk bietet Dienstleistungen der Deutschen Post und DHL sowie Schreibwaren an.  Öffnungszeiten Mo-Fr bis 20 Uhr, Sa bis 19 Uhr' OSM snapshot date: 2026-02-07T17:28:58Z POI name: Liya Kiosk POI types: wheelchair-no amenity-post_office  #CoMaps android 2026.02.23-9-FDroid",2,0,map per,"Danke, habs eingetragen"
4199154,Deutschland,49.5041585,8.1591456,2024-04-15 00:00:00,2026-04-19 12:33:06,734,Rapowke,Unable to answer 'What surface does this piece of road have?' – Track / Land-Access Road – https://osm.org/way/29330028 via StreetComplete 57.1:  Es gibt keine verbindung zur grossen strasse nach westen,2,0,cuzi,Wurde mittlerweile korrigiert
5244789,Deutschland,48.1634084,11.5357278,2026-04-11 00:00:00,2026-04-19 12:27:49,8,pmosm,"This place does not exist: 'nicht mehr aktiv' A CoMaps user reported that the POI was visible on the map (see snapshot date below), but was not found on the ground. OSM snapshot date: 2026-04-05T19:23:11Z POI has no name POI types: leisure-playground  #CoMaps android 2026.04.07-8",2,0,map per,"Danke, hab den Biergarten und Spielplatz auf leerstehend gesetzt"
5244788,Deutschland,48.1634997,11.5356191,2026-04-11 00:00:00,2026-04-19 12:27:01,8,pmosm,"This place does not exist: 'gibt es nicht mehr wegen Geschäftsaufgabe' A CoMaps user reported that the POI was visible on the map (see snapshot date below), but was not found on the ground. OSM snapshot date: 2026-04-05T19:23:11Z POI has no name POI types: amenity-biergarten  #CoMaps android 2026.04.07-8",2,0,map per,"Danke, hab den Biergarten auf leerstehend gesetzt"
5216365,Deutschland,48.1339826,11.5668722,2026-03-23 00:00:00,2026-04-19 12:23:41,27,mdosch,'Update contact details.' OSM snapshot date: 2026-03-07T17:53:41Z POI name: Giesinger Stehausschank POI types: amenity wheelchair-no cuisine-burger amenity-pub  #CoMaps android 2026.03.09-18-FDroid,2,0,map per,Danke für die OSM Bearbeitung!
5216370,Deutschland,48.1339826,11.5668722,2026-03-23 00:00:00,2026-04-19 12:23:37,27,mdosch,'Update opening hours.' OSM snapshot date: 2026-03-07T17:53:41Z POI name: Giesinger Stehausschank POI types: amenity wheelchair-no cuisine-burger amenity-pub  #CoMaps android 2026.03.09-18-FDroid,2,0,map per,Danke für die OSM Bearbeitung!
5210215,Deutschland,48.1323104,11.6038603,2026-03-18 00:00:00,2026-04-19 12:22:18,32,merrykju,"Der Park ist umzäunt, sodass hier KEIN Durchgang zur Stiftungshochschule möglich ist. (Der fehlende Zaun führt zu falschem Routing z.B. in Organic Maps / Comaps)  #CoMaps android 2026.03.09-18-FDroid",2,0,map per,"Danke, hab einen Zaun eingezeichnet"
5206133,Deutschland,48.1321799,11.5939813,2026-03-15 00:00:00,2026-04-19 12:17:59,35,merrykju,"'payment: cards, no cash' OSM snapshot date: 2026-02-21T15:17:51Z POI name: Helma POI types: amenity-cafe internet_access-wlan  #CoMaps android 2026.03.09-18-FDroid",2,0,map per,"Thanks, added the payment details"
5194577,Deutschland,48.1175506,11.6273963,2026-03-07 00:00:00,2026-04-19 12:16:39,43,merrykju,"'Leerungszeiten: Mo-Fr 16:30, Sa 11 Uhr' OSM snapshot date: 2026-02-07T17:28:58Z POI name: Hechtseestr. 52, 81671 München POI types: amenity-post_box  #CoMaps android 2026.02.23-9-FDroid",2,0,map per,"Danke, dann stimmen die OpenStreetMap Daten noch"
5222353,Deutschland,48.6394970,12.4968410,2026-03-27 00:00:00,2026-04-19 12:13:13,23,Unknown,"Bussteig und Halteschild sind in diesem Bereich. An der Geratsberger Straße gibt es eine größere Zahl an straßenbegleitenden Parkplätzen, die noch nicht abgebildet sind, zudem auch vor dem Supermarkt, westlich neben dem Sanitätshaus, vorm Diyar Bistro und westlich vom Apothekeneingang.",2,0,schoka,eingetragen
5252338,Deutschland,48.6889107,9.4048004,2026-04-16 00:00:00,2026-04-19 12:13:00,3,EEP-Benny,"GPX-Track bis zum Marker: Trampelpfad durchs Gras/Gestrüpp. Vom Marker bis zur Straße im Wohngebiet: Feldweg mit Traktorspuren, siehe Foto.  via StreetComplete 63.0  Attached photo(s): https://streetcomplete.app/p/338726.jpg  GPS Trace: https://www.openstreetmap.org/user/EEP-Benny/traces/12294922",2,0,FroschForscher,https://www.openstreetmap.org/changeset/181535075
5233065,Deutschland,48.2113609,12.6790917,2026-04-04 00:00:00,2026-04-19 12:09:52,15,Unknown,Kassler Gieß ist der Name und nicht Grieß,2,0,Timo Herker,erledigt
5252594,Deutschland,51.0666165,13.7525976,2026-04-16 00:00:00,2026-04-19 11:57:44,3,Unknown,Steht leer.   #OsmAnd,2,0,Jonaes,Eingetragen
5116919,Deutschland,48.6404420,12.4823280,2026-01-04 00:00:00,2026-04-19 11:56:16,105,Unknown,Hier: Haider Markt (internationale Lebensmittel).,2,0,schoka,eingetragen
5253657,Deutschland,51.2140806,6.8169818,2026-04-17 00:00:00,2026-04-19 11:55:47,2,silly_goose,Unable to answer 'What’s the name of this street?' – Secondary Road – https://osm.org/way/30785324 via StreetComplete 63.0:  In Alkis nachschauen,3,0,silly_goose,"Ich trenn das Ding einfach in der Mitte - Der Westen kriegt die Fichtenstraße, der Osten die Lierenfelder.  Am Ende ist's wahrscheinlich eh egal, nur StreetComplete wollte es unbedingt wissen"
5256467,Deutschland,47.6608579,9.1788683,2026-04-19 00:00:00,2026-04-19 11:54:48,0,TK1111,'Himmelsliege' OSM snapshot date: 2026-04-05T19:23:11Z POI has no name POI types: amenity-bench  #CoMaps android 2026.04.07-8-Google,2,0,map per,"Danke, hab die Kategorie zu Liege/lounger geändert"
5039262,Deutschland,47.8510532,12.0606360,2025-11-05 00:00:00,2026-04-19 11:51:49,165,bike'n'hike,https://www.boardinghaus-kolbermoor.de/,2,0,Timo Herker,
4735434,Deutschland,47.8491110,12.0861706,2025-04-30 00:00:00,2026-04-19 11:43:10,354,Unknown,Kieback&Peter GmbH & Co. KG https://www.kieback-peter.com,2,0,Timo Herker,
5247624,Deutschland,52.0206023,8.5156261,2026-04-12 00:00:00,2026-04-19 11:43:10,7,the-scrabi,"This place does not exist: 'Baum wurde abgeholzt' A CoMaps user reported that the POI was visible on the map (see snapshot date below), but was not found on the ground. OSM snapshot date: 2026-04-05T19:23:11Z POI name: Bergahorn POI types: natural-tree  #CoMaps android 2026.04.07-8-FDroid",2,0,Muhmaker,Habe den Baum aus den Daten entfernt
5256012,Deutschland,48.6392311,12.4843499,2026-04-18 00:00:00,2026-04-19 11:42:09,1,Unknown,Hier gilt schon seit langer Zeit die Einbahnregelung. Einfahrt nur über die Stauseestraße erlaubt.,2,0,schoka,eingetragen
5116196,Deutschland,49.8122642,7.8473362,2026-01-03 00:00:00,2026-04-19 11:31:43,106,onterof,Gehören diese Gebäude zusammen?,2,0,ma-rt-in,done
5256671,Deutschland,51.3924273,7.0758414,2026-04-19 00:00:00,2026-04-19 11:23:52,0,Unknown,"'Brücke ist bis auf weiteres gesperrt. Kein Durchgang möglich, auch nicht zu Fuß.  Umleitung geht über die Kampmannbrücke.' OSM snapshot date: 2026-03-21T17:13:14Z POI has no name POI types: psurface-paved_bad railway-abandoned hwtag-lit highway-construction hwtag-private railway-disused-bridge  #CoMaps android 2026.04.07-8-Google",2,0,hsc666,seit 01/2026 so eingetragen
5048574,Deutschland,49.9530390,8.3099969,2025-11-11 00:00:00,2026-04-19 11:23:09,159,melonmapper,"Routing is broken for this area, because the access restrictions only apply for a tiny section of this street. Also buses are explicitly allowed to access this street.",3,0,ma-rt-in,"Hier schein kein weiterer Bedarf an Klrung zu sein, ich mach mal zu"
5254560,Deutschland,49.8865845,8.2660049,2026-04-17 00:00:00,2026-04-19 11:21:46,2,mardiz,"Supermarkt, welche Kette?",3,0,ma-rt-in,dann hat sich das hier erledigt
4657630,Deutschland,49.8671453,8.1765899,2025-03-09 00:00:00,2026-04-19 11:21:13,406,jnk0,"'genaue Position nicht bekannt, da hinter verschlossener Tür' OSM snapshot date: 2025-02-27T10:33:49Z POI has no name POI types: emergency-defibrillator  #organicmaps android",2,0,ma-rt-in,
5251437,Deutschland,50.0869022,9.6605333,2026-04-15 00:00:00,2026-04-19 11:19:02,4,Aigidios,Kuhstall  #CoMaps android 2026.04.07-8-FDroid,2,0,map per,"Danke, hab die Gebäudekategorie eingetragen"
5152028,Deutschland,51.1328930,6.6416240,2026-02-02 00:00:00,2026-04-19 11:17:42,76,Znaika,Führt zum Haus 22d. Wo? https://www.mapillary.com/app/?pKey=311615767076890&lat=51.132945962739&lng=6.6415916439074&z=17.542027543441957&focus=photo,3,0,Znaika,Danke fürs Nachschauen
5152030,Deutschland,51.1324860,6.6400100,2026-02-02 00:00:00,2026-04-19 11:17:17,76,Znaika,"Sind die Haunummer 20 & 22 vertauscht? Wo ist richtig in OSM, Wikipedia oder in ALKIS?",3,0,Znaika,Danke für die Überprüfung
5256758,Deutschland,48.1364045,11.5629052,2026-04-19 00:00:00,2026-04-19 11:16:25,0,ChristianFo,"This place does not exist: 'FUNtainment ist in die Herzogspitalstr. gezogen ' A CoMaps user reported that the POI was visible on the map (see snapshot date below), but was not found on the ground. OSM snapshot date: 2026-03-07T17:53:41Z POI name: FUNtainment POI types: shop  #CoMaps ios 2026.04.07-8-ios",2,0,map per,"Danke, hab den alten Standort entfernt"
5256757,Deutschland,48.1377027,11.5688423,2026-04-19 00:00:00,2026-04-19 11:16:03,0,ChristianFo,"'FUNtainment ist umgezogen. Mit der gewählten Kategorie bin ich nicht so zufrieden, da es sich eigentlich um einen local gaming store handelt. Es sind nicht nur Videospiele' OSM snapshot date: 2026-03-07T17:53:41Z POI name: FUNtainment POI types: shop-video_games  #CoMaps ios 2026.04.07-8-ios",2,0,map per,"Danke, hab wie vorher die Kategorie Brettspielgeschäft verwendet"
5211482,Deutschland,49.6732590,8.2338935,2026-03-19 00:00:00,2026-04-19 11:14:20,31,onterof,Hier kreuzen überlappen sich diverse Gebäude,2,0,ma-rt-in,done
5220461,Deutschland,49.6374185,8.2737703,2026-03-26 00:00:00,2026-04-19 11:08:52,24,TimeSplitter,Unable to answer 'This shop has been vacant. What’s here now?' – Lieb (Building) – https://osm.org/way/262580831 via StreetComplete 63.0:  Wohnung?,2,0,ma-rt-in,jop
5228227,Deutschland,51.0608527,6.8188114,2026-03-31 00:00:00,2026-04-19 11:08:38,19,gasdriver_de,"Rewe Supermarkt ist fertig, DHL Packstation, Fahrrad Stellplatz, E-Ladestation, Name Bäcker, Parkplätze inklusive Behindertenparkplatz fehlen noch im OSM",2,0,Znaika,eingetragen
5253493,Deutschland,48.7705613,9.1641027,2026-04-17 00:00:00,2026-04-19 11:08:28,2,Anonomap,"This place does not exist: 'I had the wrong address. ' A CoMaps user reported that the POI was visible on the map (see snapshot date below), but was not found on the ground. OSM snapshot date: 2026-04-05T19:23:11Z POI name: Raum für Osteopathie - Pascal von Stietencron Osteopath BAO, B.Sc. Osteopathie POI types: healthcare-alternative  #CoMaps android 2026.04.07-8-FDroid",2,0,map per,"Thanks, deleted the wrong entry"
5091519,Deutschland,49.6349840,8.2172610,2025-12-14 00:00:00,2026-04-19 11:08:00,126,Martin Brühl,"Steiner KFZ Service verzogen nach Carl-Benz-Str. 3a, Monsheim",2,0,ma-rt-in,done
5256367,Deutschland,47.6717492,9.1859155,2026-04-19 00:00:00,2026-04-19 11:05:30,0,TK1111,"This place does not exist: 'Geschlossen zum 31.12.25' A CoMaps user reported that the POI was visible on the map (see snapshot date below), but was not found on the ground. OSM snapshot date: 2026-04-05T19:23:11Z POI name: Herz-Zentrum Bodensee - geschlossen POI types: building wheelchair-yes amenity-hospital  #CoMaps android 2026.04.07-8-Google",2,0,map per,"Danke, hab das Krankenhaus auf leerstehend gesetzt"
5256366,Deutschland,47.6717492,9.1859155,2026-04-19 00:00:00,2026-04-19 11:05:24,0,TK1111,'Insolvent - endgültige Schließung 31.12.2025  https://www.suedkurier.de/kreis-konstanz/herz-zentrum-bodensee-in-konstanz-muss-schliessen-woran-es-scheiterte-12-12-25-112954165' OSM snapshot date: 2026-04-05T19:23:11Z POI name: Herz-Zentrum Bodensee - geschlossen POI types: building wheelchair-yes amenity-hospital  #CoMaps android 2026.04.07-8-Google,2,0,map per,"Danke, hab das Krankenhaus auf leerstehend gesetzt"
5091518,Deutschland,49.6356410,8.2142600,2025-12-14 00:00:00,2026-04-19 11:04:42,126,Martin Brühl,Brühl & Partner KG Hausverwaltung,2,0,ma-rt-in,done
4659442,Deutschland,51.5268808,6.2006115,2025-03-10 00:00:00,2026-04-19 11:02:56,405,Zweila,Bank ohne Mülleimer  via StreetComplete 60.2  Attached photo(s): https://streetcomplete.app/p/264985.jpg,2,0,Remlicht89,https://www.openstreetmap.org/node/3578495573
2510508,Deutschland,49.4592707,8.1691753,2021-01-24 00:00:00,2026-04-19 11:00:38,1911,AraneaP,Unable to answer 'What kind of building is this?' for https://osm.org/way/399902855 via StreetComplete 29.1:  Geschäftsräume scheinen umgebaut zur Privatwohnung. Aber keine weiteren infos,9,1,lyctkel,Hauseigenschaften ergänzt.
5254812,Deutschland,47.6791006,8.2749622,2026-04-18 00:00:00,2026-04-19 10:59:23,1,dreiachtel,"This place does not exist: 'Waldrand ohne Bank, noch etwas Wiese wo sie vmtl mal war' A CoMaps user reported that the POI was visible on the map (see snapshot date below), but was not found on the ground. OSM snapshot date: 2026-03-07T17:53:41Z POI has no name POI types: amenity-bench  #CoMaps android 2026.03.09-18-FDroid",2,0,map per,"Danke, hab die Bank gelöscht"
5256504,Deutschland,49.6012040,8.1826740,2026-04-19 00:00:00,2026-04-19 10:57:54,0,kassenfuzzy,Vor diesen drei Häusern scheint die Straße Parrgarten zu liegen,2,0,ma-rt-in,jop nach DTK5 und ALKIS zutreffend
5253667,Deutschland,51.2463560,6.3948597,2026-04-17 00:00:00,2026-04-19 10:56:45,2,I_am_the_lazy_wanderer,"This place does not exist: 'Keine Packstation vorhanden' A CoMaps user reported that the POI was visible on the map (see snapshot date below), but was not found on the ground. OSM snapshot date: 2026-04-05T19:23:11Z POI name: DHL Packstation POI types: amenity-parcel_locker  #CoMaps android 2026.04.07-8-Google",2,0,map per,"Danke, hab die Packstation gelöscht"
4493839,Deutschland,49.5408522,8.1538169,2024-10-25 00:00:00,2026-04-19 10:56:38,541,herr_taschenbier,.  via StreetComplete_ee 58.22  Attached photo(s): https://westnordost.de/p/248109.jpg,3,0,ma-rt-in,"da keine weitere Reaktion, mach ich mal zu"
5195042,Deutschland,49.5402560,8.1856890,2026-03-07 00:00:00,2026-04-19 10:55:46,43,onterof,"Schleusinger - mit einem s mit zwei ss oder mit ß? In Alkis mit 'ß'. Adressen in OSM momentan mit einem 's', Straßenname mit zwei. Prüfen und Straßenname/Adressen ggf. korrigieren",2,0,ma-rt-in,Adresse nach ALKIS angepasst
5251753,Deutschland,51.2527190,6.3963242,2026-04-15 00:00:00,2026-04-19 10:54:21,4,I_am_the_lazy_wanderer,"This place does not exist: 'Volksbank-Filiale ist geschlossen. Geldautomat steht 'extern' vor Hausnummer 6.' A CoMaps user reported that the POI was visible on the map (see snapshot date below), but was not found on the ground. OSM snapshot date: 2026-04-05T19:23:11Z POI name: Volksbank Geschäftsstelle Gereonstraße POI types: amenity-atm wheelchair-yes amenity-bank  #CoMaps android 2026.04.07-8-Google",2,0,map per,"Danke, hab die Bank auf leerstehend gesetzt"
5255444,Deutschland,49.6640765,9.0606694,2026-04-18 00:00:00,2026-04-19 10:49:52,1,UnknownIdentity,'E 6zzXzd7u' OSM snapshot date: 2026-03-21T17:13:14Z POI has no name POI types: landuse-meadow  #CoMaps android 2026.04.07-8-FDroid,2,0,map per,"Der Hinweis ist nicht so hilfreich, ich mach den mal zu"
5255213,Deutschland,51.3132755,9.4877364,2026-04-18 00:00:00,2026-04-19 10:48:06,1,som-tam,"This place does not exist: 'ist jetzt das voyage...' A CoMaps user reported that the POI was visible on the map (see snapshot date below), but was not found on the ground. OSM snapshot date: 2026-04-05T19:23:11Z POI name: Aesthetische Werke POI types: shop-furniture  #CoMaps android 2026.04.07-8-FDroid",2,0,map per,"Danke, hab das Möbelgeschäft gelöscht"
4548993,Deutschland,49.5176800,8.1933600,2024-12-10 00:00:00,2026-04-19 10:42:55,495,occasion,"Laut einer Meldung der Rheinpfalz, bleibt die K2 bis Ende 2025 gesperrt!",3,0,ma-rt-in,obsolet
4614738,Deutschland,49.5146146,8.1796968,2025-02-05 00:00:00,2026-04-19 10:42:22,438,Unknown,Ortschild ab hier Tempo 50 km/h Ende,4,1,ma-rt-in,obsolet
4614735,Deutschland,49.5128104,8.1797773,2025-02-05 00:00:00,2026-04-19 10:42:10,438,Unknown,Zone 30km7h Ende ab hier Tempo 50 km/h,4,1,ma-rt-in,obsolet
2766897,Deutschland,49.4994740,8.1294939,2021-07-23 00:00:00,2026-04-19 10:39:01,1731,Unknown,Wohin läuft das Wasser dieser Quelle?,2,0,ma-rt-in,dazu gibt es auf DTK5 keinen Verlauf
4276137,Deutschland,49.4955043,8.1521849,2024-06-02 00:00:00,2026-04-19 10:33:23,686,Leviathana,'Already exists on google.maps and park4night' OSM snapshot date: 2024-04-29T02:50:07Z POI name: Wohnmobilstellplatz am Weingut Hanewald-Schwerdt POI types: tourism-caravan_site  #organicmaps android,2,0,ma-rt-in,GMaps ist unzulässig
5150877,Deutschland,49.4903711,8.1507851,2026-02-01 00:00:00,2026-04-19 10:32:34,77,SanidinKhe,Rückhaltebecken  via StreetComplete 62.2  Attached photo(s): https://streetcomplete.app/p/326117.jpg,2,0,ma-rt-in,danoe
4741490,Deutschland,49.4922599,8.1607229,2025-05-04 00:00:00,2026-04-19 10:31:31,350,Unknown,Hier ist ein Pfad,2,0,ma-rt-in,done
2995608,Deutschland,49.4784000,8.1735000,2022-01-03 00:00:00,2026-04-19 10:30:31,1567,Unknown,Weinlage 'Ungsteiner Herrenberg',2,0,ma-rt-in,Nicht nach ALKIS und DTK5
3899159,Deutschland,53.0646700,8.8789691,2023-09-20 00:00:00,2026-04-19 10:30:11,942,Flasher702,Unable to answer 'What’s the house number of this building?' for https://osm.org/way/165846999 via StreetComplete 54.0:  not a separate building. Part of Nr. 2.  Attached photo(s): https://westnordost.de/p/175920.jpg,2,0,gm-bremen,Wie oben beschrieben: 'Not a separate building. Part of Nr. 2.'.
5112949,Deutschland,49.4679403,8.1600323,2026-01-01 00:00:00,2026-04-19 10:29:14,108,SanidinKhe,'Schreibfehler ? Am Forstberg und nicht Am Fortsberg' OSM snapshot date: 2025-12-14T02:16:23Z POI name: Am Fortsberg POI types: psurface-paved_good hwtag-yesfoot highway-track  #organicmaps android 2025.12.16-16-Google,2,0,ma-rt-in,Jap Schreibfehler Am Forstberg
3911890,Deutschland,49.4633547,8.1821135,2023-09-27 00:00:00,2026-04-19 10:28:12,935,mappy123,"An diesen beiden Häusern steht seit Jahren ein 'fixme' ob die wirklich zur Mannheimer Str gehören und nicht Triftweg. Halte die Frage für berechtigt, kann man jemand vor Ort nachschauen?",2,0,ma-rt-in,Nach ALKIS ist es die Mannheimer
3911891,Deutschland,49.4632972,8.1815730,2023-09-27 00:00:00,2026-04-19 10:27:54,935,mappy123,Bitte mal Hausnr. vor Ort prüfen,3,0,ma-rt-in,done
5214464,Deutschland,53.0571195,8.8854930,2026-03-21 00:00:00,2026-04-19 10:27:21,29,Harleekin,"Der Kiosk ist in einem kleinen Anbau, der noch eingezeichnet werden muss. Ich weiß aber nicht, ob er zu einem der benachbarten Gebäude gehört oder ein neues Gebäude ist. Leider haben die Gebäude hier keine erkennbaren Hausnummern. Die Hausnummer 43 für den Kiosk habe ich von der Hermes-Seite, da dies auch ein Hermes Paketshop ist.",2,0,gm-bremen,"Genau genommen gibt es in Deutschland keine Hausnummern sondern Grundstücksnummern. Das ist deutlich zu sehen, bei Bauernhöfen und Industrieanlagen. Der Kiosk scheint auf dem gleichen Grundstück zu stehen, wie das Haus 43. 43 steht auch auf dem Briefkasten des Kiosk."
5027819,Deutschland,49.3689639,11.4122999,2025-10-29 00:00:00,2026-04-19 10:23:26,172,Jo_Fri,Unable to answer 'Is this still here?' – Fire Station – https://osm.org/way/32424285 via StreetComplete 61.3:  Heimat und Brauchtumsverein,2,0,HAmap,hab ich als Punkt im alten Feuerwehrhaus (disused) eingearbeitet
4217558,Deutschland,49.4617519,8.1680007,2024-04-27 00:00:00,2026-04-19 10:20:44,722,Maria Eyre,Unable to answer 'Are these opening hours still correct?' – bohn-apart - Secondhand-Boutique (Secondhand Clothing Store) – https://osm.org/node/3267025525 via StreetComplete 56.1:  amling outlet  Attached photo(s): https://westnordost.de/p/209053.jpg,3,0,ma-rt-in,done
5245253,Deutschland,48.1200395,11.5409004,2026-04-11 00:00:00,2026-04-19 10:16:21,8,Hannipanni,'vormals Lucky Pizza' OSM snapshot date: 2026-03-10T00:09:11Z POI name: PAZZA Pizza Sendling POI types: amenity-fast_food cuisine-pizza  #organicmaps android 2026.04.07-8-FDroid,2,0,map per,Danke für die OpenStreetMap Bearbeitung!
5066620,Deutschland,49.0063695,12.0929056,2025-11-24 00:00:00,2026-04-19 09:25:12,146,Unknown,Bushaltestelle Oberer Katholischer Friedfoh (Richtung Süden),3,0,Victor Lysenko,"1. The correct spelling is not 'Friedfoh' but 'Friedhof'. 2. This stop is already on the map — the comment adds nothing new, so I'm removing it."
5256626,Deutschland,52.5252608,13.3104569,2026-04-19 00:00:00,2026-04-19 09:25:07,0,Unknown,"Habe diesen Punkt gelöscht, weil seit Ostern 2026 das Formel 8 nicht mehr existiert.",3,1,Unknown,
5244815,Deutschland,48.6065960,10.9032090,2026-04-11 00:00:00,2026-04-19 09:20:22,8,Feldwegheizer,Ist hier wirklich ein Schlüsseldienst?,2,0,Feldwegheizer,
5253023,Deutschland,50.7684835,6.0834139,2026-04-16 00:00:00,2026-04-19 09:02:09,3,Unknown,Die Mozart Apotheke hier ist schon vor einiger Zeit auf die gegenüberliegende Seite gezogen und dort auch bereits gemappt.  Also kann das hier raus genommen werden (disused).,2,0,aixbrick,'disused' gesetzt: https://www.openstreetmap.org/changeset/181527725
5224782,Deutschland,49.4468795,11.1404768,2026-03-29 00:00:00,2026-04-19 08:57:15,21,TheFish,Unable to answer 'What’s the topic of this information board?' – Information Board – https://osm.org/node/13688750286 via StreetComplete 63.0:  Pv anlage,5,0,HAmap,"Ich sehe das mal als erledigt, gerne wieder öffnen, wenn es bessere Vorschläge gibt"
4128655,Deutschland,47.8510300,12.0891300,2024-02-26 00:00:00,2026-04-19 08:47:06,783,Unknown,Hier in dem Gebäude befindet sich eine HUK-COBURG Versicherung Filiale.,2,0,Timo Herker,
5252258,Deutschland,53.0060558,13.1528986,2026-04-16 00:00:00,2026-04-19 08:46:57,3,einufo,Ist das ein Briefkasten der Turbo-Post oder der Deutschen Post?,2,0,einufo,"Lage des Briefkastens korrigiert, Betreiber ergänzt"
5049332,Deutschland,51.2077017,6.8580831,2025-11-12 00:00:00,2026-04-19 08:46:16,158,RoadWarrior27,I have a user that reports the speed limit on Vennhauser Allee to be 30 km/h and not 50 km/h,2,0,Henry572,"I have not seen any such speed limit, it may have temporarily been due to the construction site for GGS Vennhauser Allee."
5254188,Deutschland,49.4528496,11.0659911,2026-04-17 00:00:00,2026-04-19 08:46:15,2,Reiter_777,Unable to answer 'Is this still here?' – Kiosk Leonard (Newsstand) – https://osm.org/node/5233020318 via StreetComplete 63.0:  RM Computer,7,1,HAmap,Am 2.8.2025 Rm-computer ist bereits geöffnet.
5245693,Deutschland,51.2040357,6.8388651,2026-04-11 00:00:00,2026-04-19 08:45:17,8,digastricus,"Unable to answer 'What surface does this road have?' – Service Road – https://osm.org/way/28608661 via StreetComplete 63.0:  Existiert nicht mehr, ist jetzt Baustelle  Attached photo(s): https://streetcomplete.app/p/337742.jpg",2,0,Henry572,"Danke für den Hinweis, habe ich enfernt."
5255177,Deutschland,50.7738639,6.1160351,2026-04-18 00:00:00,2026-04-19 08:40:14,1,Kalkulixi,Unable to answer 'Does this tree have needles or leaves?' – Tree – https://osm.org/node/9830797938 via StreetComplete 63.0:  Trees are dead?  Attached photo(s): https://streetcomplete.app/p/339170.jpg,2,0,aixbrick,"Das sind Platanen. Die werden immer mal wieder auf die Hauptäste/den Stamm zurückgeschnitten und treiben dann neu aus. Daher: Nein, die Bäume sind nicht tot. :-)"
5053212,Deutschland,53.2093405,13.3157215,2025-11-14 00:00:00,2026-04-19 08:37:29,156,teezeitneu,Die Öffnungszeiten haben sich geändert.  via StreetComplete 61.3,4,0,einufo,Ich habe telefonisch nachgefragt: Dauerhaft geschlossen. disused:amenity=pub
5210917,Deutschland,50.7973397,6.0768295,2026-03-19 00:00:00,2026-04-19 08:27:33,31,--Lukas--,Baustelle. Kein Durchgang/Durchfahrt  via StreetComplete 63.0  Attached photo(s): https://streetcomplete.app/p/332624.jpg,2,0,aixbrick,"Baustellen werden in OSM nur eingetragen, wenn sie mindestens 3 Monate, eher länger, dauern. Diese hier soll bis Ende April fertig sein: https://bsis.aachen.de/html/Dokumente/00019400/0x0197D7/index.htm."
5226575,Deutschland,50.8253760,6.1661411,2026-03-30 00:00:00,2026-04-19 08:24:01,20,Thomas der Erste,Der Friseursalon heißt 'Hairlich' und wird von Frau Zimmermann (nicht Crumbach) geführt.  via StreetComplete 63.0,2,0,aixbrick,Aktualisiert mit https://www.openstreetmap.org/changeset/181526571.
5186573,Deutschland,47.8471295,12.1662232,2026-03-01 00:00:00,2026-04-19 08:19:08,49,siliconwelly,"'La Chocolatera Café in der Landlmühle in Stephanskirchen. Regionales Café mit ecuadorianischer Schokolade, Spezialitäten aus Esmeraldas und handgemachter Keramik. Serviert den besten Kaffee von Merchant and Friends. Direkt am Mühlgelände gelegen und gut erreichbar für eine Pause oder den Einkauf hochwertiger Kakaoprodukte.' OSM snapshot date: 2026-02-21T15:17:51Z POI name: La Chocolatera POI types: amenity-cafe  #CoMaps ios 2026.02.23-9-ios",2,0,Timo Herker,
5034125,Deutschland,52.6752425,13.2814682,2025-11-02 00:00:00,2026-04-19 08:18:40,168,0din5on,Unable to answer 'Are these opening hours still correct?' – Himmelspagode (Chinese Restaurant) – https://osm.org/way/27160639 via StreetComplete 61.3:  Himmelspagode ist geschlossen,2,0,cyton,
4723853,Deutschland,47.7813367,12.1533278,2025-04-23 00:00:00,2026-04-19 08:16:30,361,Unknown,ORCA Software GmbH https://www.orca-software.com/,2,0,Timo Herker,
5255715,Deutschland,52.3845365,9.7643065,2026-04-18 00:00:00,2026-04-19 08:05:36,1,SErdmann,Keine Gewichtsbeschränkung für Lkw bis 40 Tonnen .,7,1,SErdmann,"Ich fahre einen LKW Baujahr 24, also mit relativ neuer Software für Navigation. In der Software wird vor der Gewichtsbeschränkung gewarnt. Und ich kann mich selbst dran erinnern, dass hier mal eine Beschränkung vorlag."
5254186,Deutschland,51.3329701,9.4508955,2026-04-17 00:00:00,2026-04-19 08:02:59,2,Lenkradfreek,Wird bebaut  via StreetComplete 63.0  Attached photo(s): https://streetcomplete.app/p/339050.jpg,2,0,Lenkradfreek,
5194207,Deutschland,52.7584908,13.2539000,2026-03-07 00:00:00,2026-04-19 07:57:54,43,Alphai,Unable to answer 'Do these traffic lights have a tactile indication for blind people for when it’s safe to cross?' – Crossing – https://osm.org/node/13512387287 via StreetComplete 63.0:  Unsicher was damit gemeint ist,4,0,einufo,da ist KEINE Ampel -Übergang korrigiert
5252520,Deutschland,52.4186890,13.0437090,2026-04-16 00:00:00,2026-04-19 07:43:04,3,Unknown,es fehlen die Anbauten von den Häusern  67 bis 81a mindestens.,3,0,einufo,Schon erledigt. Danke für den Hinweis.
5252445,Deutschland,47.6547937,10.1092998,2026-04-16 00:00:00,2026-04-19 07:40:34,3,Zinzmi,Brücke existiert nicht mehr  via StreetComplete_ee 63.0  Attached photo(s): https://streetcomplete.app/p/338744.jpg,2,0,mcliquid,erledigt
5252400,Deutschland,47.6594443,10.1095640,2026-04-16 00:00:00,2026-04-19 07:38:03,3,Zinzmi,Shelter missing  via StreetComplete_ee 63.0  Attached photo(s): https://streetcomplete.app/p/338730.jpg,2,0,mcliquid,bereits vorhanden
5252407,Deutschland,47.6600147,10.1103901,2026-04-16 00:00:00,2026-04-19 07:37:57,3,Zinzmi,Field access road misding  via StreetComplete_ee 63.0,2,0,mcliquid,erledigt
5252395,Deutschland,47.6606228,10.1108967,2026-04-16 00:00:00,2026-04-19 07:37:53,3,Zinzmi,Stream missing  via StreetComplete_ee 63.0,2,0,mcliquid,erledigt
5250858,Deutschland,47.7078593,10.0316197,2026-04-15 00:00:00,2026-04-19 07:34:00,4,minilancelot,Unable to answer 'What are the opening hours here?' – Bicycle Parking Garage – https://osm.org/node/3867195610 via StreetComplete 63.0:  Kann nur mit Schlüssel von den Rehapatienten geöffnet werde,2,0,mcliquid,erledigt
5250859,Deutschland,47.7082799,10.0333189,2026-04-15 00:00:00,2026-04-19 07:33:24,4,minilancelot,Unable to answer 'Which direction leads upwards here?' – Steps – https://osm.org/way/1499570760 via StreetComplete 63.0:  Man kann in jeder Richtung laufen,2,0,mcliquid,erledigt
5256359,Deutschland,47.9504467,9.5254844,2026-04-19 00:00:00,2026-04-19 07:32:07,0,Unknown,Burgstall der einstigen Burg Hirschegg  https://de.wikipedia.org/wiki/Ehemalige_Burg_bei_Hirschegg#Lage_und_Beschreibung,2,0,mcliquid,done
3351353,Deutschland,52.6054004,13.3920440,2022-09-08 00:00:00,2026-04-19 07:19:01,1319,Fluegelschwinger,"Unable to answer 'What’s the surface here?' for https://osm.org/way/82672724 via StreetComplete 45.2:  An dieser Stelle liegen ein paar große Steine im Wasser, auf denen es bei niedrigem Wasserstand überquert werden kann.",4,1,cyton,"@Fluegelschwinger, das kann StreetComplete so nicht dorekt taggen, aber https://wiki.openstreetmap.org/wiki/Tag:surface%3Dstepping_stones wäre der richtige tag dafür.  @Lutz, wenn die Note geschlossen ist, erscheint die (nicht gelöste, da der surface-tag weiterhin nicht gesetzt war) quest wieder, und jemand anderes könnte verleitet werden quasi dieselbe notiz wieder anzulegen.  Ich hab das surface=stepping_stones angefügt, ist also erledigt."
5256313,Deutschland,51.0848775,6.1675862,2026-04-19 00:00:00,2026-04-19 06:44:13,0,The Invisible Freak,Trafostation 201087 Lehmkaul (20)  via StreetComplete 63.0  Attached photo(s): https://streetcomplete.app/p/339367.jpg,2,0,The Invisible Freak,
5256312,Deutschland,51.0828970,6.1689826,2026-04-19 00:00:00,2026-04-19 06:43:14,0,The Invisible Freak,Trafostation 200911 WBG Lehmkaul 5  via StreetComplete 63.0  Attached photo(s): https://streetcomplete.app/p/339366.jpg,2,0,The Invisible Freak,
5256311,Deutschland,51.0823270,6.1694074,2026-04-19 00:00:00,2026-04-19 06:42:24,0,The Invisible Freak,Trafostation 200997 WBG Lehmkaul 3  via StreetComplete 63.0  Attached photo(s): https://streetcomplete.app/p/339365.jpg,2,0,The Invisible Freak,
5059290,Deutschland,48.5483320,9.2892940,2025-11-19 00:00:00,2026-04-19 06:42:23,151,chrissi-p,Hier gab es eine Adressänderung. Das Gebäude wurde von Grafenberger Str. 13 in Breslauer Straße 30/2 geändert,2,0,Metzor,
5256310,Deutschland,51.0808155,6.1698966,2026-04-19 00:00:00,2026-04-19 06:41:21,0,The Invisible Freak,Trafostation 201063 An der Siefe 2  via StreetComplete 63.0  Attached photo(s): https://streetcomplete.app/p/339364.jpg,2,0,The Invisible Freak,
4939450,Deutschland,47.9389371,11.7037716,2025-08-31 00:00:00,2026-04-19 06:33:47,231,vitacola45,Brücke über die A8 nur mit 16t befahrbar  via StreetComplete 61.3  Attached photo(s): https://streetcomplete.app/p/302510.jpg,4,0,vitacola45,"Ich bin gestern noch einmal vor ort gewesen. Es steht am Beginn der beiden Auffahtsrampen zur Brücke ein 16t-Schild. Ich denke das hängt damit zusammen, dass über diese Brücke der Rettungsweg für die BAB läuft. Zudem ist von der Seite Hofolding aus aus der Markweg auch für Land- und Forstwirtschaftsfahrzeuge freigegeben. Ich habe die Beiden Rampen jetzt noch mit 16t getaggt, da dies der Beschilderung vor Ort entspricht. Ich denke damit können wir hier erst einmal schließen."
5255146,Deutschland,51.9351836,8.4817457,2026-04-18 00:00:00,2026-04-19 06:25:58,1,flohoff,Haus ist abgerissen  #OsmAnd,2,0,flohoff,reopen: 6 month  Ausgetragen - ich denke hier kommt ein Neubau.
4745559,Deutschland,52.9389727,12.8093533,2025-05-06 00:00:00,2026-04-19 06:11:50,348,Joshua2142,'Denkmal steht hier bitte einfügen' OSM snapshot date: 2025-04-18T15:38:17Z POI has no name POI types: natural-scrub  #organicmaps android,2,0,einufo,"Das Jahr ist rum - hab's eingezeichnet, danke für den Hinweis. Hast Du eventuell  noch Details zum Denkmal?"
5256307,Deutschland,51.0746751,6.1860013,2026-04-19 00:00:00,2026-04-19 05:57:26,0,The Invisible Freak,Erdgasanlage 214218 Myhler Str.  via StreetComplete 63.0  Attached photo(s): https://streetcomplete.app/p/339361.jpg,2,0,The Invisible Freak,
5256303,Deutschland,51.0772894,6.1837191,2026-04-19 00:00:00,2026-04-19 05:56:40,0,The Invisible Freak,wep Heizzentrale 'Zechenring'  via StreetComplete 63.0  Attached photo(s): https://streetcomplete.app/p/339357.jpg,2,0,The Invisible Freak,
5256306,Deutschland,51.0769529,6.1843712,2026-04-19 00:00:00,2026-04-19 05:56:25,0,The Invisible Freak,Trafostation 0443 Zechenring 19  via StreetComplete 63.0  Attached photo(s): https://streetcomplete.app/p/339360.jpg,2,0,The Invisible Freak,
5248659,Deutschland,52.9218468,12.8010746,2026-04-13 00:00:00,2026-04-19 05:52:27,6,fabschu,"This place does not exist: 'geschlossen ' A CoMaps user reported that the POI was visible on the map (see snapshot date below), but was not found on the ground. OSM snapshot date: 2026-03-21T17:13:14Z POI name: Burger Neuruppin POI types: amenity-fast_food  #CoMaps ios 2026.04.07-8-ios",2,0,einufo,"Danke für den Hinweis, getaggt."
5256305,Deutschland,51.0775103,6.1835365,2026-04-19 00:00:00,2026-04-19 05:50:23,0,The Invisible Freak,Trafostation Zechenring 23  via StreetComplete 63.0  Attached photo(s): https://streetcomplete.app/p/339359.jpg,2,0,The Invisible Freak,
5256304,Deutschland,51.0774657,6.1836576,2026-04-19 00:00:00,2026-04-19 05:50:19,0,The Invisible Freak,Trafostation Zevhenring21  via StreetComplete 63.0  Attached photo(s): https://streetcomplete.app/p/339358.jpg,2,0,The Invisible Freak,
5256309,Deutschland,51.0795755,6.1810601,2026-04-19 00:00:00,2026-04-19 05:49:01,0,The Invisible Freak,Erdgasanlage 214223 Zechenring MD  via StreetComplete 63.0  Attached photo(s): https://streetcomplete.app/p/339363.jpg,2,0,The Invisible Freak,
5256263,Deutschland,50.6130448,6.8699634,2026-04-19 00:00:00,2026-04-19 05:48:23,0,Unknown,Hier fließen der Steinbach und Sürstbach zusammen. Ab da ist es im weiteren Verlauf der Orbach.,2,0,Euskirchener,Ist doch schon exakt so gemappt. Hast du nicht richtig hingeschaut?
5256308,Deutschland,51.0783605,6.1823866,2026-04-19 00:00:00,2026-04-19 05:47:38,0,The Invisible Freak,Trafostation 0845 RAT Zechenring 33  via StreetComplete 63.0  Attached photo(s): https://streetcomplete.app/p/339362.jpg,2,0,The Invisible Freak,
5256302,Deutschland,51.0785247,6.1853430,2026-04-19 00:00:00,2026-04-19 05:46:08,0,The Invisible Freak,Trafostation 201142 Zechenring 52a  via StreetComplete 63.0  Attached photo(s): https://streetcomplete.app/p/339356.jpg,2,0,The Invisible Freak,
5256301,Deutschland,51.0786114,6.1857731,2026-04-19 00:00:00,2026-04-19 05:45:00,0,The Invisible Freak,Trafostation 201005 Zechenring 12b  via StreetComplete 63.0  Attached photo(s): https://streetcomplete.app/p/339355.jpg,2,0,The Invisible Freak,
5256300,Deutschland,51.0800204,6.1858726,2026-04-19 00:00:00,2026-04-19 05:43:33,0,The Invisible Freak,Erdgasanlage 214219 Zechenring  via StreetComplete 63.0  Attached photo(s): https://streetcomplete.app/p/339354.jpg,2,0,The Invisible Freak,
5028033,Deutschland,52.9179669,12.8085673,2025-10-29 00:00:00,2026-04-19 05:43:17,172,Primaleben,Eine trinkwasserzapfstelle is hier unscheinbar aussen dean. Man muss nicht 50ct zahlen wie wenn man innen ans waschbecken wollen würde.,2,0,einufo,wurde von eingezeichnet
5256299,Deutschland,51.0807907,6.1872876,2026-04-19 00:00:00,2026-04-19 05:39:33,0,The Invisible Freak,Trafostation 0078 RAT Myhler Str.  via StreetComplete 63.0  Attached photo(s): https://streetcomplete.app/p/339353.jpg,2,0,The Invisible Freak,
5256295,Deutschland,51.0846516,6.1965774,2026-04-19 00:00:00,2026-04-19 05:35:48,0,The Invisible Freak,Trafostation 0229 ALM Altmyhl Turm  via StreetComplete 63.0  Attached photo(s): https://streetcomplete.app/p/339349.jpg,2,0,The Invisible Freak,
3715795,Deutschland,52.5489070,13.4589406,2023-06-01 00:00:00,2026-04-19 05:08:16,1053,HarteKarte,Hier sind gerade viele Einbahnstraßen (Fahrräder frei) hinzugekommen.  via StreetComplete 52.1,13,1,Note is due,Will be reopened
5133733,Deutschland,54.5008134,9.7955185,2026-01-18 00:00:00,2026-04-19 04:41:11,91,Unknown,Haus Nr. 25 fehlt,2,0,wermak,Eingetragen.
